Sample;Package;Version;Model;Rank;QC;Drug A;Drug B;Synergy Score;Median (syn);MAD (syn);Mean (syn);SEM (syn);SD (syn);Median/MAD (syn);Mean/SD (syn);Maximum (syn);Antagonism Score;Median (ant);MAD (ant);Mean (ant);SEM (ant);SD (ant);Median/MAD (ant);Mean/SD (ant);Maximum (ant);EC50 (Drug A);EC50 (Drug B);bayesfactor;observation noise;kernel length scale;kernel amplitude;divergent;max_treedepth
OVCAR-8 R3;bayesynergy;2.5.1;Bayesian;1;PASS;Navitoclax (ABT-263);Paclitaxel (NSC 125973);26,3972954816841;26,3972954816841;3,66897002494371;26,3562364318775;0,0851044966837786;3,72022540319822;7,1947427485699;7,08458052278754;38,1773639628999;6,66341789690961e-05;6,66341789690961e-05;4,84950657953538e-05;0,0497689804262269;0,00551407671599339;0,174562100276391;1,37404038691871;0,285107594073545;2,92193457758221;24140,5072936259;9,78852869391629;469204,880314758;0,0843642552640972;7,87502455376767;1,94642653590532;0;0
OVCAR-8 R2;bayesynergy;2.5.1;Bayesian;2;PASS;Navitoclax (ABT-263);Paclitaxel (NSC 125973);23,3388285669865;23,3388285669865;3,37457553446705;23,1648518382626;0,0915334603318703;3,62729628745455;6,91607828261947;6,38625852494629;35,1288301637722;0,0211609040718095;0,0211609040718095;0,0313546185647633;0,157829187920439;0,00718936163772941;0,268899752985078;0,674889539099367;0,586944339547971;2,21241778683918;11579,4903775622;12,5693642775528;375403,841115761;0,075362268574904;5,02653570095984;2,42499257091437;0;0
OVCAR-8 R1;bayesynergy;2.5.1;Bayesian;3;PASS;Niraparib (MK-4827);Cerdulatinib (PRT062070, PRT2070);20,0298989147634;20,0298989147634;4,52939550913563;19,4051614908112;0,203857671486529;5,22683533315631;4,42220134549166;3,71260385823327;35,710592114549;3,05955765646413;3,05955765646413;2,02522021607594;3,44622183017461;0,0792554427560416;2,21649266531123;1,51072838014244;1,5548085875081;14,279913352389;7811,3268011117;23891,2877332144;46,0834307159133;0,0954151267815897;1,64461100372817;4,98431975922583;0;1
OVCAR-8 R1;bayesynergy;2.5.1;Bayesian;4;PASS;Navitoclax (ABT-263);Paclitaxel (NSC 125973);18,9821000776415;18,9821000776415;3,14906882640982;19,0340535778701;0,0685492022900052;3,10230847500044;6,02784541209363;6,1354484027793;29,3813942564362;0,0487527918056447;0,0487527918056447;0,0722556545305629;0,269698799581333;0,0119982119616557;0,470084326817897;0,674726318962665;0,573724296249106;5,54435842770944;50860,3986261875;12,4174385017426;123973,468973695;0,0795979039388321;4,30385379115389;1,64932212619755;0;0
OVCAR-8 R2;bayesynergy;2.5.1;Bayesian;5;PASS;Paclitaxel (NSC 125973);Venetoclax (ABT-199);17,8396145112243;17,8396145112243;3,9814074746031;17,6645396510409;0,118237238714412;3,93134022220198;4,48073065241901;4,49326149674903;30,8167281346567;9,8312705144469e-05;9,8312705144469e-05;0,000140262023992716;0,127076032880047;0,00885475366626659;0,324234501905638;0,70092176303954;0,391926313002402;3,93920940721827;12,5976488002642;475325,986480808;2414,18124163712;0,0683912648765597;8,09653115950401;1,42108179751636;0;0
OVCAR-8 R3;bayesynergy;2.5.1;Bayesian;6;PASS;Paclitaxel (NSC 125973);Venetoclax (ABT-199);14,8870174553411;14,8870174553411;3,69229042393162;14,6038496900098;0,139112339647218;4,11726435889639;4,03191941751135;3,54697889226291;25,9867873888287;8,2924541164893e-05;8,2924541164893e-05;9,66378597851958e-05;0,114716039860578;0,00928141344405583;0,344769724753003;0,85809579546997;0,332732347490088;6,64565647753465;10,0314156752864;19033,9643932689;202,120532261609;0,0763668494749664;18,4915121618112;0,885204818606868;0;0
OVCAR-8 R2;bayesynergy;2.5.1;Bayesian;7;PASS;Afatinib (BIBW2992);Paclitaxel (NSC 125973);12,3229422544009;12,3229422544009;3,20398546123258;12,3971021255501;0,0686044863863665;3,26367182986506;3,84612926728456;3,79851369004299;22,345109313458;1,31025811983538;1,31025811983538;1,22869394132853;1,42507874008173;0,0504742210661521;1,23136953833982;1,06638282794709;1,15731199750408;10,7636589995692;4405,37411508963;12,7864881859405;299,508078225777;0,0865345062134512;5,80971663931132;1,74871461913746;0;0
OVCAR-8 R3;bayesynergy;2.5.1;Bayesian;8;PASS;Cerdulatinib (PRT062070, PRT2070);Olaparib (AZD2281);11,9745054458408;11,9745054458408;3,9640457523038;11,0158010530812;0,38763064817268;5,27855886683407;3,02077881893304;2,08690051078386;28,2885574238124;3,82469944020544;3,82469944020544;1,92881906567891;3,9726803306484;0,0591742054463624;2,00143803068695;1,98292287144062;1,98491298243436;13,5231704657482;5901,93676536732;17936,7915115191;18,5450694000484;0,0601492407418798;1,86524975941524;5,01359221203587;0;1
OVCAR-8 R3;bayesynergy;2.5.1;Bayesian;9;PASS;Afatinib (BIBW2992);Paclitaxel (NSC 125973);10,4801479811902;10,4801479811902;3,86863998754785;10,1294799348735;0,188054054065664;4,13906718530372;2,70900058287229;2,44728682083022;27,7358598754564;1,15709237780249;1,15709237780249;1,59452499082647;1,58298180355101;0,0589785219434626;1,59750039169832;0,725665878214147;0,990911684139321;12,4792396789853;4273,79692086744;10,0325538929756;24,6834434325509;0,10136392794928;3,6654082078552;1,30223125690291;0;0
OVCAR-8 R2;bayesynergy;2.5.1;Bayesian;10;PASS;Nutlin-3a;Paclitaxel (NSC 125973);10,402512393327;10,402512393327;4,67752422971269;10,3985336133392;0,161540569324436;4,41064199252514;2,22393554420261;2,3576012257632;25,4518339933699;0,0661816280622153;0,0661816280622153;0,0980987503025475;0,460898805843304;0,0288664697504714;0,825684445074117;0,674642927235095;0,558202117761746;8,30919037310557;1930919,31859921;12,7112017413714;27,2297947534973;0,0668834548514165;11,1138318125802;0,88618313413694;0;0
OVCAR-8 R2;bayesynergy;2.5.1;Bayesian;11;PASS;Entrektinib (RXDX-101);Paclitaxel (NSC 125973);10,3887092832066;10,3887092832066;3,56009642111183;10,2460213384283;0,0998684264129806;3,55487542349227;2,9180977294885;2,88224511347742;21,6222692208172;8,30477711998896e-05;8,30477711998896e-05;9,50937121261275e-05;0,187639310839938;0,0164271417614982;0,537696146374277;0,87332557897981;0,348969045259489;5,94670678919546;5475,55469217429;11,8781556818829;36,9423323875054;0,0874387049335379;62,6732223178348;0,975114973693715;0;0
OVCAR-8 R2;bayesynergy;2.5.1;Bayesian;12;PASS;Paclitaxel (NSC 125973);TNKS1/2 inhibitor (OM-153);9,92921195445549;9,92921195445549;3,46090695599285;9,65854504129249;0,0994524392446907;3,49276504080646;2,86896240803649;2,76530062117841;19,9471691555097;0,00113110649196476;0,00113110649196476;0,00167259438514398;0,171524101469593;0,0108226850720615;0,389706429277222;0,676258692490703;0,440136699278259;3,33350005276219;11,3965144136061;130136,094784169;35,2755252471355;0,0641303605915446;11,6000215018156;0,520264724796239;0;0
OVCAR-8 R2;bayesynergy;2.5.1;Bayesian;13;PASS;Paclitaxel (NSC 125973);Selumetinib (AZD6244);9,7420650185561;9,7420650185561;3,61081330315922;9,6168999799059;0,121156470720958;3,72012845812485;2,6980251263704;2,58509910786076;20,5426573041363;6,79769796775748e-05;6,79769796775748e-05;5,1361493362941e-05;0,100963296737483;0,00994947906769571;0,362966208120797;1,32350084132527;0,278161697917295;4,78353574283893;13,9027821626247;22268,5105265706;42,5204443299637;0,0727112065225725;31,0754040681404;0,582530361241085;0;0
OVCAR-8 R2;bayesynergy;2.5.1;Bayesian;14;PASS;Binimetinib (MEK162);Paclitaxel (NSC 125973);9,58615003411495;9,58615003411495;3,51356440440918;9,25790005360656;0,175238234725762;3,66414025424456;2,72832626095746;2,52662383904126;19,3181754796795;9,02288748392292e-05;9,02288748392292e-05;0,000120120985596275;0,160515645257544;0,0114505966527937;0,437162359115023;0,751149970934199;0,367176271951882;5,97265865908089;26756,1711337057;12,8029550024464;25,6692257334277;0,0669846804093461;28,0971339728343;0,55938971767302;0;0
OVCAR-8 R2;bayesynergy;2.5.1;Bayesian;15;PASS;Fludarabine (Fludara);Trametinib (GSK1120212);9,49884289734575;9,49884289734575;3,48855186503958;9,2729772071666;0,153747877453456;3,65841307948898;2,72286130888238;2,53470092052599;24,4436666212758;1,79246469596954;1,79246469596954;1,39692480404005;2,08509896146371;0,0611649393297528;1,59783184831205;1,28315045361465;1,30495518891203;12,000431025569;4759,36125026288;54,3373867357706;16,1932549157961;0,0664975625661651;2,90163578652565;1,03759553476866;0;0
OVCAR-8 R2;bayesynergy;2.5.1;Bayesian;16;PASS;Sorafenib (Nexavar);Trametinib (GSK1120212);9,19139000268948;9,19139000268948;3,98400526826666;8,88652986822408;0,236176028202366;3,89685381793603;2,30707275311622;2,28043748520696;22,0326001280029;0,487941384408432;0,487941384408432;0,723338311383659;1,06496587771393;0,0606774649255757;1,44737292271968;0,674568700052758;0,735792317927853;9,93734430309819;7913,39057276051;44,2148176292105;12,7736441293297;0,0510266307645508;25,2576743964925;0,992885520235734;0;0
OVCAR-8 R3;bayesynergy;2.5.1;Bayesian;17;PASS;Paclitaxel (NSC 125973);TNKS1/2 inhibitor (OM-153);9,00624195315178;9,00624195315178;4,74175142697825;8,85961786897528;0,154114649970271;4,53014645381756;1,89934923663663;1,95570333504253;22,7029828932242;0,0232625302654015;0,0232625302654015;0,0344753305003128;0,543966680905557;0,0359209225144893;1,09067049197613;0,674758731179979;0,49874520756491;12,1867037161425;9,90065341145001;4124287,42397936;7,30816749330153;0,0855350759194927;12,7368904219066;0,531822367682379;0;0
OVCAR-8 R3;bayesynergy;2.5.1;Bayesian;18;PASS;Pictilisib (GDC-0941);Trametinib (GSK1120212);8,34430870509995;8,34430870509995;3,23278816958587;8,33595286557821;0,0971222341216926;3,21767640589517;2,58114923322331;2,59067501334346;18,8664441583268;0,238039683662775;0,238039683662775;0,352810031568784;0,494558314531209;0,0198129815415846;0,699143936709829;0,674696472218552;0,707376962830573;5,94552470091763;3296,33973099305;94,1602154439371;20,3137036414673;0,0674488699297496;8,44357483254724;0,608508919960571;0;0
OVCAR-8 R2;bayesynergy;2.5.1;Bayesian;19;PASS;Paclitaxel (NSC 125973);Tamoxifen (ICI 46474);8,21186595594014;8,21186595594014;3,49677259135799;8,24400719418477;0,0896787411661073;3,52814660005834;2,34841292689011;2,33664009617254;21,0069509938063;8,58937100720867e-05;8,58937100720867e-05;0,000109276861048256;0,203449999093318;0,012978762819313;0,493235233878898;0,786019192426805;0,412480668693004;5,08916938315175;13,9481645439779;30387,4893191906;16,1015158185758;0,0767213114293147;25,7567026374075;0,593556871365516;0;0
OVCAR-8 R1;bayesynergy;2.5.1;Bayesian;20;PASS;Paclitaxel (NSC 125973);Venetoclax (ABT-199);7,66766377514979;7,66766377514979;3,46790333776988;7,59852923633529;0,107830820772915;3,52040969193628;2,2110373411044;2,15842330816613;19,5023070163098;0,00745723732480756;0,00745723732480756;0,0110483009109819;0,29397571452244;0,0172397192790966;0,611049947008703;0,674966891732209;0,481099320868205;5,72415672644458;12,0948368084244;76534,0967157145;8,10406697716692;0,0819153154249756;15,4210930996991;0,441934627587329;0;0
OVCAR-8 R1;bayesynergy;2.5.1;Bayesian;21;PASS;Crizotinib (PF-02341066);Olaparib (AZD2281);7,5035793798375;7,5035793798375;3,24992164589175;7,45376774739899;0,144901086383616;3,19126634248324;2,30884931928216;2,33567805903925;18,4379053655074;6,64954663219909e-05;6,64954663219909e-05;4,72978678448052e-05;0,0652094964990921;0,00617398851269906;0,256767636440394;1,40588718587014;0,25396306716493;3,75378479777761;5721,68157083771;29617,2030812872;20,4640471357412;0,0703531106988226;32,3693920241743;0,511800986966698;0;0
OVCAR-8 R2;bayesynergy;2.5.1;Bayesian;22;PASS;Gedatolisib (PKI-587);Trametinib (GSK1120212);7,36963442183636;7,36963442183636;2,26530610358363;7,33865678414627;0,101250133606208;2,40727161460432;3,25326206916491;3,04853713675408;16,413949383401;0,235580881836187;0,235580881836187;0,349175564826666;0,493335814768128;0,0198786597406892;0,652626208254413;0,674677456176327;0,755924001409105;4,97781289425626;1408,46709731746;57,6663696407197;83,2507520732757;0,0483888943387655;8,15682608072355;0,58556193541937;0;0
OVCAR-8 R2;bayesynergy;2.5.1;Bayesian;23;PASS;Everolimus (RAD001);Paclitaxel (NSC 125973);7,15519849450545;7,15519849450545;3,84960007521627;7,06799027720544;0,118383403140617;3,62023716846038;1,85868618939682;1,95235673172234;17,878873247086;0,00542296174009207;0,00542296174009207;0,00803444874840466;0,295665293644887;0,0219659376523127;0,701942934415343;0,674963760415904;0,421209872126073;10,7890448024031;201,130647696527;13,2452158822435;7,71715292902425;0,0713334534596904;21,2347111277604;0,429340997284066;0;0
OVCAR-8 R3;bayesynergy;2.5.1;Bayesian;24;PASS;Binimetinib (MEK162);Paclitaxel (NSC 125973);7,05626880548302;7,05626880548302;3,6946401077383;6,96501900019621;0,118104848800672;3,5994713724627;1,90986634684767;1,93501317854989;18,2896381181837;9,46778473278018e-05;9,46778473278018e-05;0,000131442776294849;0,221636421677692;0,0169925216807245;0,524917583042183;0,720297075249101;0,422230896502244;5,25737481160996;19312,1608552638;10,1798536026022;7,15381115712668;0,0693599535006947;74,4773423692278;0,357023710519567;0;0
OVCAR-8 R3;bayesynergy;2.5.1;Bayesian;25;PASS;Paclitaxel (NSC 125973);Temsirolimus (CCI-779);7,03310715387202;7,03310715387202;3,44313841037224;6,85163755672965;0,120443662404998;3,35137281422328;2,04264433073188;2,04442851899333;18,1243569460509;0,609878844276083;0,609878844276083;0,903653514359961;1,03468720712725;0,039660701323979;1,23885897352277;0,674903416613223;0,835193697782286;10,2656684105966;10,96875731357;125,096672397705;7,2921895337962;0,0669302362772983;14,3376071192262;0,497299346708935;0;0
OVCAR-8 R1;bayesynergy;2.5.1;Bayesian;26;PASS;Navitoclax (ABT-263);Trametinib (GSK1120212);6,97038662144724;6,97038662144724;2,37001928286375;6,86947651864802;0,0790150990377724;2,61169604271065;2,94106747225481;2,63027421600834;16,7826227655019;0,325213871590572;0,325213871590572;0,482065059706702;0,698550936178639;0,0263615483938279;0,956453878106074;0,674626515741339;0,730355066949885;8,13336161202444;5255,20925075867;16,1886716955242;23,5505320187674;0,0637699738214975;6,43368529801226;0,699041392117596;0;0
OVCAR-8 R3;bayesynergy;2.5.1;Bayesian;27;PASS;Paclitaxel (NSC 125973);Tamoxifen (ICI 46474);6,97000915416876;6,97000915416876;4,19145828198971;6,93924133785731;0,129384085352204;3,91159843359944;1,66290791539503;1,77401820649292;20,2580211540055;0,121550825398688;0,121550825398688;0,180183118452941;0,721745706961368;0,0317139869280652;1,16879141195267;0,674596080045277;0,61751455356398;7,49239552831618;11,0759945678273;24523,515060864;5,92480855674253;0,0863179824136635;11,3412439827653;0,545023479979671;0;0
OVCAR-8 R1;bayesynergy;2.5.1;Bayesian;28;PASS;Olaparib (AZD2281);Cerdulatinib (PRT062070, PRT2070);6,90394901361272;6,90394901361272;7,19170844587854;6,39205463832333;0,315993121067337;5,23364393991502;0,959987333408832;1,2213460005761;22,931488738339;1,48461429925987;1,48461429925987;1,84645102838647;2,14233373341229;0,0807656090925084;2,25963639398313;0,804036650003768;0,948087815861355;17,6951429130788;17071,3720947042;853899017,108949;4,73499782694163;0,0927176896207432;6,68983728119639;2,36476454967956;0;12
OVCAR-8 R3;bayesynergy;2.5.1;Bayesian;29;PASS;Fludarabine (Fludara);Trametinib (GSK1120212);6,90100213839509;6,90100213839509;3,26308963359645;6,74970589967289;0,157327293448415;3,32617213082801;2,1148674763154;2,02927274076683;23,1582399197093;1,13164327252094;1,13164327252094;1,05559537531052;1,39046601746845;0,0320472576626573;1,17186622620653;1,07204265856891;1,18653988516211;8,73531641920409;10853,0614761542;89,0497337931622;6,09291556523045;0,0634077795038227;2,74969176923318;0,599407983544744;0;0
OVCAR-8 R3;bayesynergy;2.5.1;Bayesian;30;PASS;Erlotinib;Paclitaxel (NSC 125973);6,61627469794528;6,61627469794528;3,25279903078486;6,51277583924622;0,103520468012455;3,21881567911813;2,03402504591526;2,0233463619721;16,1952097496219;8,62668469939143e-05;8,62668469939143e-05;0,000105035341394942;0,201488230437548;0,0178351446767826;0,496346172274401;0,8213125777308;0,405942952101898;4,05762929941142;11396,4537562321;10,2395666421496;5,19007431081533;0,0636769584180891;176,898964625382;0,306322205348908;0;0
OVCAR-8 R3;bayesynergy;2.5.1;Bayesian;31;PASS;MK-2206 2HCl;Trametinib (GSK1120212);6,59756275232398;6,59756275232398;4,63255013877289;6,56486612766595;0,655793525053836;4,09719836722854;1,42417514213275;1,60228298029838;20,1121218023151;0,0174712896056769;0,0174712896056769;0,0258949232463294;0,41636813109179;0,0701077561135324;0,835915072220473;0,674699416541171;0,498098604665394;7,29495119670279;11854,9190324666;219,524267927964;27,6279071359873;0,0740531080082535;14,1363516661802;0,556812383885923;19;0
OVCAR-8 R3;bayesynergy;2.5.1;Bayesian;32;PASS;Gedatolisib (PKI-587);Trametinib (GSK1120212);6,21341432627457;6,21341432627457;2,82087592012329;6,17031528427144;0,0935711264336444;2,89792155692864;2,20265424719674;2,12922140797666;15,8610405388637;8,3887805745402e-05;8,3887805745402e-05;0,000100614965521955;0,133154106533892;0,00966674573829571;0,357980933068289;0,833750777632546;0,371958655430656;3,56515050312;944,400032953468;84,6389991727148;8,63287700488846;0,0571369378092626;19,3183751720781;0,306746808744769;0;0
OVCAR-8 R2;bayesynergy;2.5.1;Bayesian;33;PASS;Navitoclax (ABT-263);Niraparib (MK-4827);6,0603758786513;6,0603758786513;4,68761489166316;6,20827540652474;0,130275127059182;4,12977268943576;1,29284849944255;1,50329904544185;20,0898164802646;8,39297586707209e-05;8,39297586707209e-05;9,39492259829332e-05;0,185186051674219;0,0117538545358791;0,501452085100746;0,893352316558388;0,369299594470753;5,33282288277116;47134,0846700578;9228,77170152009;4,2281340206439;0,0731822372179389;17,0274771275066;0,477837903094607;0;0
OVCAR-8 R2;bayesynergy;2.5.1;Bayesian;34;PASS;Niraparib (MK-4827);Panobinostat (LBH589);5,83604948100353;5,83604948100353;4,35331780968123;5,95550224348953;0,126550098338052;3,89223548067328;1,34059807625919;1,53010032172146;17,7523219326342;0,01482229499564;0,01482229499564;0,0219645982974425;0,321182707969858;0,015067522418687;0,660744198928765;0,674826591177218;0,486092361447254;5,89682746962902;11711,6318365974;172,848331768953;3,75185257982958;0,0817166474530689;21,9147365177347;0,491763981838758;0;0
OVCAR-8 R2;bayesynergy;2.5.1;Bayesian;35;PASS;Erlotinib;Paclitaxel (NSC 125973);5,66354445508757;5,66354445508757;3,46248044653016;5,62947709827966;0,113929846238787;3,16789220134531;1,63568994613765;1,77704280063345;16,6676617720484;0,118387112402557;0,118387112402557;0,175485347665839;0,517328138131204;0,0300607569630752;0,845320857046312;0,674626765010549;0,611990268332941;7,44193780009371;14716,0921958075;12,2158730225606;3,54802959335956;0,0632971371716777;9,64249177547957;0,32732713049019;0;0
OVCAR-8 R2;bayesynergy;2.5.1;Bayesian;36;PASS;Pictilisib (GDC-0941);Trametinib (GSK1120212);5,62686921477071;5,62686921477071;3,93887558514741;5,8134766649379;0,115535887990083;3,55482574919742;1,42854707977788;1,63537769516041;19,5240437617642;0,0536296455741992;0,0536296455741992;0,0794895370665126;0,468543783239501;0,0234737690737213;0,84642078158755;0,674675530306897;0,553558931245401;7,38026016358364;1755,89590798994;141,254427919497;4,12226175274569;0,0770719286381358;23,7482597180017;0,352841540151507;0;0
OVCAR-8 R3;bayesynergy;2.5.1;Bayesian;37;PASS;Trametinib (GSK1120212);Volasertib (BI 6727);5,61850916880738;5,61850916880738;3,02343418727717;5,53930156935469;0,159489145982253;3,07454010307196;1,85832031418129;1,80166973741133;17,784292745827;5,77173703193309;5,77173703193309;2,57713703160264;5,78161958262521;0,0998661397300787;2,59872342936884;2,23959260262689;2,2247921873046;15,911775879159;87,9606841967657;501,77231037819;16,1995050373108;0,0611052207757126;1,88833899535698;1,42495355352185;0;0
OVCAR-8 R1;bayesynergy;2.5.1;Bayesian;38;PASS;Niraparib (MK-4827);Palbociclib;5,52840161735923;5,52840161735923;4,05113189500909;5,55165921364879;0,139762708306624;3,65370046415472;1,36465604197437;1,51946563492345;21,2282325455089;0,175298152106997;0,175298152106997;0,259824437160793;0,56252915272053;0,0220922580494029;0,897422819169825;0,674679233495319;0,626827333453485;7,17056099238367;7850,12667365895;11388,2715794676;3,26256476890938;0,0872945489131681;8,07334340418116;0,626424498868659;0;0
OVCAR-8 R1;bayesynergy;2.5.1;Bayesian;39;PASS;Nutlin-3a;Paclitaxel (NSC 125973);5,44808572512991;5,44808572512991;2,73393147930793;5,45007933670438;0,0979692220115385;2,72158353037689;1,99276600981566;2,00254139648024;14,8034561843296;0,860104960603276;0,860104960603276;1,11394669098955;1,19310787411448;0,0373871101333953;1,22309831457419;0,772123987225299;0,975479942942975;7,74063445009459;26560,8938927425;12,8906792031999;9,8113193249306;0,0724167531006028;4,97725610888172;0,606815626844239;0;0
OVCAR-8 R3;bayesynergy;2.5.1;Bayesian;40;PASS;Nutlin-3a;Paclitaxel (NSC 125973);5,44475732430078;5,44475732430078;3,82845651727199;5,64222226208315;0,122306181444714;3,56345634128866;1,42218079263455;1,58335798750542;18,2865732838095;0,0231138101644859;0,0231138101644859;0,0342539513700529;0,355587143080441;0,0185402534787964;0,696394318852343;0,674777923130163;0,510611780501668;6,04628764272262;759739,424314413;9,79853236057961;3,93928702868065;0,0765695071663239;57,0193830262205;0,382907223156247;0;0
OVCAR-8 R3;bayesynergy;2.5.1;Bayesian;41;PASS;Sorafenib (Nexavar);Trametinib (GSK1120212);5,40998144615237;5,40998144615237;3,30897586208169;5,54276071389049;0,119481465153733;3,20215196760967;1,63494134488758;1,73094990016803;19,3644502059677;0,00413323518140203;0,00413323518140203;0,00612234657821315;0,312312973023982;0,0232554848474003;0,708346873451053;0,675106371160116;0,440904004421448;10,156653301618;6897,3504017686;57,4022221664851;4,70160643992863;0,0561100426985784;14,3451511108887;0,370265087972244;0;0
OVCAR-8 R2;bayesynergy;2.5.1;Bayesian;42;PASS;Selpercatinib (LOXO-292);Paclitaxel (NSC 125973);5,23877403230252;5,23877403230252;3,81406651640922;5,30370671729525;0,486736311811684;3,44680502128666;1,37354029085853;1,53873358291653;18,8509754741586;2,40322300881071;2,40322300881071;2,89818118425735;2,62442271303512;0,116152246191213;2,3399494918146;0,82921765618547;1,12157237676097;15,5911335234993;19889,3974574492;12,0390023104652;9,63526201143719;0,0768907055798882;5,58502992858052;0,711962051383126;0;0
OVCAR-8 R2;bayesynergy;2.5.1;Bayesian;43;PASS;Metformin;Paclitaxel (NSC 125973);5,19971630862788;5,19971630862788;3,02708358490687;5,19104044067778;0,0970370329258311;2,93602374790344;1,71773132877923;1,76805348633368;15,5664769783734;0,158057959602931;0,158057959602931;0,234296570963254;0,598176198266519;0,0293018010160752;0,961018114341431;0,674606371544891;0,62244008654971;7,46969961842097;31379867960,764;14,0845096398268;5,33397763613763;0,068613227255288;12,2801322543834;0,402055112874113;0;0
OVCAR-8 R2;bayesynergy;2.5.1;Bayesian;44;PASS;Alectinib (CH5424802);Niraparib (MK-4827);4,98467176906666;4,98467176906666;4,58934476425843;5,22373152383272;0,114489593870353;3,87855034669798;1,08614018451763;1,34682871538934;19,9121728998567;8,64160571097308e-05;8,64160571097308e-05;0,000104948053966984;0,219619992852429;0,0138003020686745;0,566149002963735;0,823417432179514;0,387919066716959;5,95458626815201;132101,417415645;8201,55695077641;3,38309289816437;0,0789505380163535;38,4830837213721;0,451389581726063;0;0
OVCAR-8 R2;bayesynergy;2.5.1;Bayesian;45;PASS;Paclitaxel (NSC 125973);Pictilisib (GDC-0941);4,932075571425;4,932075571425;3,77159737655339;5,13863632218061;0,0985357118037017;3,37814814526881;1,30768877984852;1,52114188085192;17,2311677836608;0,283744634170208;0,283744634170208;0,420625173058844;0,796523691951036;0,031721657671245;1,17754366507398;0,674578347526796;0,676428157677699;9,42295218464784;12,2119711206191;2063,6332946686;3,08377297016856;0,0894182591926697;19,8271685003877;0,389093502774678;0;0
OVCAR-8 R2;bayesynergy;2.5.1;Bayesian;46;PASS;TNKS1/2 inhibitor (OM-153);Trametinib (GSK1120212);4,90723605986732;4,90723605986732;2,05732627399926;4,97395645425807;0,0452962477648852;1,99983938825571;2,38524930240068;2,48717830183672;11,4964755831395;9,56847707353953e-05;9,56847707353953e-05;0,000132029024549399;0,183805749015772;0,0118058022329985;0,434908867239902;0,724725272052544;0,422630493101401;4,35778575940772;306,654449031015;51,6300793800918;17,92048057083;0,0451497882012451;25,9002276449677;0,33652405606691;0;0
OVCAR-8 R2;bayesynergy;2.5.1;Bayesian;47;PASS;Flunarizine 2HCl;Paclitaxel (NSC 125973);4,90571883889089;4,90571883889089;3,8816437791229;5,09903337339293;0,111843797678844;3,36521336269103;1,26382510040614;1,51522043129943;16,6722051536938;0,000705275735400293;0,000705275735400293;0,00104176925742486;0,234540747401081;0,0125522663716456;0,502009966594905;0,676998030392695;0,467203368474839;4,58514774527209;26897,6512594004;11,4193165684834;3,50505719392891;0,0696962119254455;12,4364701356668;0,304111978528702;0;1
OVCAR-8 R1;bayesynergy;2.5.1;Bayesian;48;PASS;Niclosamide (BAY2353);Olaparib (AZD2281);4,73241833390576;4,73241833390576;2,529156327873;4,68999110682813;0,093187825015052;2,4247762329909;1,8711450461766;1,93419727352925;12,3195164987549;8,83333976865617e-05;8,83333976865617e-05;0,000107041196431931;0,122284313603212;0,00819656091223975;0,311468420907692;0,825228048929122;0,392605816175031;3,22074239609679;2576,51114320461;18040,5759976667;7,99905526444547;0,0576378333800336;41,992704939421;0,486527323712167;0;0
OVCAR-8 R3;bayesynergy;2.5.1;Bayesian;49;PASS;Paclitaxel (NSC 125973);Selumetinib (AZD6244);4,72579768173068;4,72579768173068;4,00916754970609;4,9751558660481;0,0994152597458445;3,46078291320058;1,17874786302636;1,43758352006594;17,6217722137939;0,0820793325883979;0,0820793325883979;0,121664289800913;0,654019853143339;0,0310549485833673;1,18781768757658;0,674637831057164;0,550606258842371;10,307335694991;11,8096880205479;12388,4280373007;2,75977560715629;0,0876202703156483;24,0365426034464;0,403246653642342;0;0
OVCAR-8 R2;bayesynergy;2.5.1;Bayesian;50;PASS;Alpelisib (BYL719);Trametinib (GSK1120212);4,69376594917641;4,69376594917641;2,32100196912012;4,73572689540093;0,0945366958742927;2,37990330262927;2,02230157993179;1,9898832869072;13,9293553680513;1,23503707636979;1,23503707636979;1,0993596274125;1,52636099508428;0,0337356567974603;1,27535437229739;1,12341498229894;1,19681323735515;10,8590901006689;18529,4146340156;46,514523642845;7,46557256345613;0,0550025442559546;5,39694922460616;0,691887712582245;0;0
OVCAR-8 R2;bayesynergy;2.5.1;Bayesian;51;PASS;Idasanutlin (RG-7388);Paclitaxel (NSC 125973);4,67859982465333;4,67859982465333;3,21532179498014;4,83902308979213;0,0823174186001731;2,89424319329502;1,45509535995984;1,67194909732727;14,6668813429669;9,09676189318836e-05;9,09676189318836e-05;0,000118514673319544;0,184484781728081;0,0110175085666871;0,455528661459535;0,767564187487682;0,404990502983902;6,03350700520565;12792,2740528316;11,7693691072241;2,83724226367985;0,0607030295870453;18,2830923956196;0,236545913923636;0;0
OVCAR-8 R2;bayesynergy;2.5.1;Bayesian;52;PASS;Gedatolisib (PKI-587);Niraparib (MK-4827);4,65658286883302;4,65658286883302;2,89219754596762;4,81489630974807;0,0734812786002952;2,76445427275472;1,61005007259112;1,74171857243702;16,564592349953;0,0347899424959159;0,0347899424959159;0,0515567343267615;0,296376064526596;0,0137342480948626;0,558395710921591;0,674789490649674;0,530763504679234;6,54098800953893;1629,64059559489;6619,65969497462;4,76936221802624;0,0561942274312515;8,45011841007538;0,399200462994643;0;0
OVCAR-8 R3;bayesynergy;2.5.1;Bayesian;53;PASS;Adavosertib (MK-1775);Trametinib (GSK1120212);4,60628681303495;4,60628681303495;2,88470965067575;4,59409508857082;0,0955513579677302;2,77112083436239;1,59679391371535;1,6578493442186;13,6180775053879;0,696239332395028;0,696239332395028;1,03212843425958;1,40321657348527;0,068868519554435;1,76592797983557;0,674566564862141;0,794605776400872;12,822669945102;900,659395674751;80,1616699162097;5,47800010156165;0,0742115511679803;9,7593457888628;0,547340266156852;0;0
OVCAR-8 R3;bayesynergy;2.5.1;Bayesian;54;PASS;Abemaciclib (LY2835219);Niraparib (MK-4827);4,51586800024184;4,51586800024184;5,58249918383549;4,7300056143874;0,444747267635828;4,0918089909427;0,808933033670268;1,15597431457199;18,5306153316971;2,66968061833694;2,66968061833694;3,42649383549858;3,39365158259679;1,60214876044039;3,11530833822887;0,779128971626615;1,08934693267831;15,2754610845101;8706,11715506067;10680,0591218395;0,0158973416927466;0,0710315715136754;12,6533033899305;1,59804923656103;0;0
OVCAR-8 R1;bayesynergy;2.5.1;Bayesian;55;PASS;Afatinib (BIBW2992);Paclitaxel (NSC 125973);4,42898543001083;4,42898543001083;3,36454790315736;4,57184413627477;0,0844199803346678;2,98065209890901;1,31636866452535;1,53384289084783;15,5472079461382;0,112371051119772;0,112371051119772;0,166572318791058;0,63529365937212;0,0327869677862769;1,08074222723989;0,674608193818361;0,587830884515908;9,63912468529413;2900,15902629057;11,7673494543845;3,18507530613295;0,0937799558550113;15,6060965602455;0,431344305433387;0;0
OVCAR-8 R3;bayesynergy;2.5.1;Bayesian;56;PASS;Everolimus (RAD001);Paclitaxel (NSC 125973);4,36459497440082;4,36459497440082;3,55856878793351;4,55164018837216;0,094064406455104;3,15277545970471;1,22650291015883;1,44369457182969;15,6429298589958;0,0701255127358263;0,0701255127358263;0,103941097420588;0,4890698624001;0,0269205295027161;0,914000105549555;0,674665887469614;0,535087315012989;8,38698238976328;234,706144054325;11,2405181584055;2,53079509910697;0,0717167379268245;14,2800334789109;0,260339569629749;0;0
OVCAR-8 R2;bayesynergy;2.5.1;Bayesian;57;PASS;Carboplatin (NSC 241240);Panobinostat (LBH589);4,28868677922121;4,28868677922121;3,53701627330757;4,63146427213178;0,091060219267959;3,23085826399667;1,21251542199175;1,43351136656265;15,7015916454525;0,040419624330392;0,040419624330392;0,0599025386577136;0,333743782801074;0,0154906677189609;0,624257852287358;0,674756449995416;0,53462488549915;6,46078347231315;69423,486953932;179,046225478491;3,56999618656482;0,0887401580625097;21,9580298036737;0,460835870376478;0;0
OVCAR-8 R3;bayesynergy;2.5.1;Bayesian;58;PASS;TNKS1/2 inhibitor (OM-153);Trametinib (GSK1120212);4,27404696862265;4,27404696862265;2,81132237274198;4,44512549282362;0,0740933668614951;2,71058984387785;1,5202977111636;1,63991242981386;14,5435250122685;9,05540317756342e-05;9,05540317756342e-05;0,000119076115593528;0,216513282173263;0,0136635694239227;0,523388956292934;0,760471832023346;0,413675679568759;5,57829507020556;1099,16148987889;89,6720350101749;3,64178334836273;0,0581550585787922;22,9592499705013;0,310615346330818;0;0
OVCAR-8 R3;bayesynergy;2.5.1;Bayesian;59;PASS;MK-2206 2HCl;Niraparib (MK-4827);4,16073318476665;4,16073318476665;3,5709289738408;4,31652585842245;0,120559574010696;3,22232994778229;1,16516828400859;1,33957037879281;19,6061921702559;0,441135584948468;0,441135584948468;0,653886601244465;0,916770960425568;0,0302154196554167;1,23744739707311;0,674636219963686;0,740856510421352;10,1443417925528;11985,0112313427;9210,56068974351;3,85241290100402;0,0762668769947154;11,955177340695;0,719722042123744;0;0
OVCAR-8 R1;bayesynergy;2.5.1;Bayesian;60;PASS;Defactinib (VS-6063, PF-04554878);Niraparib (MK-4827);4,1460647057365;4,1460647057365;5,66451766707468;5,08613722003378;0,212455232982642;4,6152704812577;0,731936053414702;1,10202825492439;24,4700935291109;0,788241737974685;0,788241737974685;1,16853134140074;1,55073501012685;0,0553023807269875;2,00164594077128;0,674557634911018;0,774729925278049;14,1996897890457;18607,4131269186;7848,86410549523;2,15519440170278;0,0993472271865272;8,24028529325379;0,869355888324546;0;0
OVCAR-8 R2;bayesynergy;2.5.1;Bayesian;61;PASS;MK-2206 2HCl;Niraparib (MK-4827);4,08652446480762;4,08652446480762;4,58772525631411;4,60904408992608;0,146939389065108;3,82468180146702;0,890751785796961;1,20508267344191;23,5132845564138;0,254517365922558;0,254517365922558;0,37728660843701;0,777853608850064;0,0299881589356371;1,20421313622408;0,674599522567075;0,645943467523613;9,51946624931778;12606,7825388055;10591,5054608664;3,26858178391125;0,0829761230250913;11,604419852604;0,712885240961074;0;0
OVCAR-8 R2;bayesynergy;2.5.1;Bayesian;62;PASS;Carboplatin (NSC 241240);Paclitaxel (NSC 125973);4,01930449968418;4,01930449968418;3,22238403272087;4,20411920126609;0,0807295690195008;2,87040281973208;1,24730772585489;1,46464675814035;14,6545783705765;0,06296161043467;0,06296161043467;0,0933221027956416;0,462909164420105;0,0242090782110664;0,850326097530831;0,674669864357262;0,54439016486063;7,45821562710758;235676,397850046;14,779107420955;2,780158397996;0,0861288288376346;16,474521913873;0,337458666121506;0;0
OVCAR-8 R3;bayesynergy;2.5.1;Bayesian;63;PASS;Niraparib (MK-4827);Temsirolimus (CCI-779);3,95238284401844;3,95238284401844;3,0216305879234;4,01650835065288;0,132686915005997;2,71460650999589;1,30802979683056;1,47959549799466;14,0993563014851;0,853755910353733;0,853755910353733;1,08253653185529;1,13506149475026;0,038065344987727;1,09385493775806;0,788662447160589;1,03767095212521;7,07988690520892;9789,70494819412;119,687453573623;3,41759322663718;0,0530966983375332;14,099970050401;0,345242162542513;0;0
OVCAR-8 R3;bayesynergy;2.5.1;Bayesian;64;PASS;Navitoclax (ABT-263);Trametinib (GSK1120212);3,94086990154827;3,94086990154827;2,95414880497933;4,07646144861584;0,0938865896657519;2,7778219820879;1,3340119816936;1,46750711205455;14,9878744602688;0,614304603304087;0,614304603304087;0,910625611260496;1,15078957384705;0,0388924267396063;1,40084137630558;0,674596228908784;0,821498845845071;12,399908040461;39604,0708848049;121,533584299753;3,76101211416276;0,067476628795763;10,3671401675086;0,479063424063737;0;0
OVCAR-8 R3;bayesynergy;2.5.1;Bayesian;65;PASS;MK-2206 2HCl;Paclitaxel (NSC 125973);3,93791014527399;3,93791014527399;3,84599399232857;4,44875534359081;1,35511312384267;3,52925327791063;1,02389919306394;1,26053942871959;17,1126955206091;0,232875071262485;0,232875071262485;0,34519399110592;0,697025206826371;0,0294246323481908;1,09267854658964;0,674620871923082;0,637905090204117;9,88568793354485;7070,3889452259;9,81653724110875;2,35268974920632;0,091350012634861;15,5630189201008;0,257750762725523;0;0
OVCAR-8 R2;bayesynergy;2.5.1;Bayesian;66;PASS;Paclitaxel (NSC 125973);Vinorelbine ditartrate (Navelbine);3,91666420788299;3,91666420788299;2,09394968237397;3,95229434110468;0,12673622008161;2,13227716171441;1,87046720408418;1,85355879536598;12,2960244873479;6,6751209355489;6,6751209355489;3,28403716273508;6,302182102445;0,293178613500261;3,60255924269827;2,03259604102336;1,74936251644394;17,2855900784824;13,2627259370923;230,873539491046;8,99709370854174;0,0719388967906278;8,05234115922565;1,18161213137247;0;0
OVCAR-8 R2;bayesynergy;2.5.1;Bayesian;67;PASS;Trametinib (GSK1120212);Volasertib (BI 6727);3,85223711052063;3,85223711052063;3,17958756140959;3,89140859920196;0,138813325522113;2,86015547993336;1,21155245330399;1,36056144479672;17,0551270906389;4,59158185632067;4,59158185632067;2,42029609736924;4,71905441706708;0,0811911683106665;2,57088252788357;1,89711575427136;1,83557761425683;20,7278529624017;61,4202741707045;296,774975497446;11,5445605431897;0,0635076249129899;2,51143179549046;1,06053841281151;0;0
OVCAR-8 R3;bayesynergy;2.5.1;Bayesian;68;PASS;AZD8055;Paclitaxel (NSC 125973);3,82079458139188;3,82079458139188;2,03615687501893;3,80661823524776;0,0976469824227007;2,00376458708377;1,87647358033568;1,89973567126899;12,1151482027006;5,43176145617263;5,43176145617263;2,36633712997273;5,39420463366982;0,121945880984912;2,45393217029062;2,29543009209141;2,19818815653367;14,0778120893514;189,186679799798;8,89652656652423;18,3283698679783;0,0640922808283226;3,72098996030791;0,645674699418817;0;0
OVCAR-8 R3;bayesynergy;2.5.1;Bayesian;69;PASS;Dabrafenib ;Trametinib (GSK1120212);3,8089945496016;3,8089945496016;3,27769282523409;4,00135340723962;0,114696766728386;2,91416699536681;1,16209625266808;1,37307320989531;14,5908691232143;0,792568330328856;0,792568330328856;1,05763914457829;1,14639071176206;0,0330660201986884;1,21248135510742;0,749374996558849;0,945491414719934;7,71537563295682;490,950986082693;56,7522921874277;2,71728598090682;0,0589785610490549;6,60241654314892;0,497844554152171;0;0
OVCAR-8 R3;bayesynergy;2.5.1;Bayesian;70;PASS;Temsirolimus (CCI-779);Trametinib (GSK1120212);3,75978531591609;3,75978531591609;3,77219910340257;4,21204694437608;0,256300272135393;3,34187365782136;0,996709137787747;1,26038618714113;20,0404552419883;0,417900270199151;0,417900270199151;0,619497046741172;0,966053530892168;0,0869470359630945;1,29158747766024;0,674579923177182;0,747958266552889;7,94416009763907;649,269727539206;113,291174617109;2,12148889204281;0,054765444151293;20,0166197526589;0,26123508367007;0;0
OVCAR-8 R3;bayesynergy;2.5.1;Bayesian;71;PASS;Paclitaxel (NSC 125973);Pictilisib (GDC-0941);3,75106800910748;3,75106800910748;3,87572815381185;4,14209885204899;0,11037239095556;3,31280870500586;0,967835684094156;1,25033070869005;16,5867689023244;0,293013462571249;0,293013462571249;0,434361220720597;0,831960359884226;0,034017403952668;1,20319035784862;0,674584766303828;0,691461957334685;11,3585401451583;9,51832820661476;2808,15392565647;2,37725634032026;0,0906217956960536;17,4197582166195;0,274933161310281;0;0
OVCAR-8 R2;bayesynergy;2.5.1;Bayesian;72;PASS;Adavosertib (MK-1775);Niraparib (MK-4827);3,71145686933256;3,71145686933256;3,99433137874684;4,23662593436271;0,0913567045842899;3,51064105717493;0,929181011140085;1,20679883039809;19,4748849461581;0,0085528166130736;0,0085528166130736;0,0126706335385337;0,38502408149154;0,0219438545279261;0,826140109291271;0,675010968241086;0,466051795768449;10,0445321306516;947,828964544414;9931,08017638502;2,06284051251422;0,095226684890987;23,9855239410377;0,389181941352757;0;0
OVCAR-8 R2;bayesynergy;2.5.1;Bayesian;73;PASS;Lapatinib Ditosylate (Tykerb);Paclitaxel (NSC 125973);3,70293196263781;3,70293196263781;3,7455380813016;4,17802371253348;0,0920685655797944;3,28108189610064;0,988624833671698;1,27337022070083;15,5865285037891;0,167975095871307;0,167975095871307;0,248977245418962;0,53401293525776;0,0229485559145419;0,860353803321034;0,674660431673783;0,620689922211569;8,07757638497364;7759,14844342031;11,865827625745;1,84199493542403;0,0796049491075031;15,6807017328926;0,25909858074537;0;0
OVCAR-8 R2;bayesynergy;2.5.1;Bayesian;74;PASS;Paclitaxel (NSC 125973);Trametinib (GSK1120212);3,69408888463503;3,69408888463503;3,14951752680451;3,90528729006866;0,0925789818428635;2,79847920277987;1,1729062795161;1,39550587707593;14,9357599561057;0,0796127539070109;0,0796127539070109;0,118003950536772;0,453996801774091;0,0223096777705324;0,776333568550892;0,674661768058369;0,58479604665495;5,88227942751307;12,2823029588049;56,585604980979;2,0064183071257;0,0655089415561699;26,8283651927951;0,230240380354691;0;0
OVCAR-8 R3;bayesynergy;2.5.1;Bayesian;75;PASS;Flunarizine 2HCl;Paclitaxel (NSC 125973);3,68587358954883;3,68587358954883;3,79966626709423;4,15408217626289;0,103488296072358;3,36721435234497;0,970051928367798;1,23368790647338;20,1822857781698;0,00266119157053646;0,00266119157053646;0,0039388614015445;0,324314129324863;0,0164740538282069;0,704205372749068;0,675624577572836;0,460539129457092;7,86036552371712;8463,40623999109;9,29608427405997;1,79230781175169;0,0786990145146083;65,1095925748983;0,216930233828044;0;0
OVCAR-8 R2;bayesynergy;2.5.1;Bayesian;76;PASS;Temsirolimus (CCI-779);Trametinib (GSK1120212);3,64475694737959;3,64475694737959;3,19207165701349;4,01581071232564;0,105042071993024;2,92034965514973;1,1418155163815;1,37511424207496;16,2157712765453;0,20748520426187;0,20748520426187;0,307574677144173;0,662378028009505;0,0358066666240301;0,970276224303688;0,674584807138117;0,682669544422627;6,22727785106894;31,2283159477319;55,3077119893003;2,20759932008737;0,0592687064381453;19,3732061684446;0,235673289774208;0;0
OVCAR-8 R2;bayesynergy;2.5.1;Bayesian;77;PASS;Navitoclax (ABT-263);Trametinib (GSK1120212);3,6074536443889;3,6074536443889;1,77182219468433;3,69435573905362;0,0576013292074209;1,90169595314456;2,03601335123336;1,94266557205448;14,1183852607493;2,10632063989019;2,10632063989019;2,17286636163164;2,52667437281127;0,0582813390298149;2,0932308115724;0,969374222494072;1,20706916735726;12,2493903973398;16971,0916827364;77,3295423981119;10,0770888549881;0,0621589729042495;4,78928002156074;0,739065176330195;0;0
OVCAR-8 R2;bayesynergy;2.5.1;Bayesian;78;PASS;Olaparib (AZD2281);Defactinib (VS-6063, PF-04554878);3,59061574274942;3,59061574274942;5,32331641380469;6,20344330536885;0,587086823880784;6,40051740116995;0,674507292754205;0,969213636162668;26,6667568354032;0,288015812507798;0,288015812507798;0,426935531431955;0,945097388396549;0,0473776158829518;1,5290730327808;0,674611952633187;0,618085185033825;16,5379617207737;11836,9071517345;32039,4560683255;2,82432222417015;0,0942709452202746;15,6550555197127;1,37937650835244;5;0
OVCAR-8 R3;bayesynergy;2.5.1;Bayesian;79;PASS;Tamoxifen (ICI 46474);Trametinib (GSK1120212);3,5271998036279;3,5271998036279;3,04387945277027;3,7556451903232;0,0840655519429634;2,72538293965769;1,15878432715781;1,37802698667978;14,4807380148849;0,00108404893212617;0,00108404893212617;0,00160348943716955;0,233284324806011;0,0135899597358112;0,517892854331185;0,676056172867413;0,450449012484018;5,41615402354329;32185,2787907804;68,2894363542639;2,12326544327405;0,0614803717347795;27,5947135444737;0,228823299829493;0;0
OVCAR-8 R3;bayesynergy;2.5.1;Bayesian;80;PASS;Selpercatinib (LOXO-292);Trametinib (GSK1120212);3,50232582411215;3,50232582411215;3,04037277228262;3,85256227278409;0,0906838248719067;2,7524212642522;1,1519396095245;1,39970133181507;13,7010253840532;0,058844355997468;0,058844355997468;0,0872152262784934;0,300862306793731;0,0129202123546706;0,51673556288837;0,674702784231365;0,582236502384347;4,66735606381086;26193,0430862825;65,6188257669538;2,11209774241211;0,0546679420928435;13,2010213964842;0,245507598768768;0;0
OVCAR-8 R1;bayesynergy;2.5.1;Bayesian;81;PASS;Temsirolimus (CCI-779);Trametinib (GSK1120212);3,47891114016765;3,47891114016765;2,31856107176861;3,50368083361226;0,0961875210964938;2,18788151349844;1,50046129150005;1,60140471512557;12,6788713133416;1,51824227775057;1,51824227775057;1,57291785748344;1,76989736164972;0,0574826721980346;1,5163283920811;0,96523939284385;1,1672256292851;8,63929999660013;13,487954698854;15,9149943539464;3,13936961171186;0,0583376262968473;5,18559436299457;0,26690966111155;0;0
OVCAR-8 R3;bayesynergy;2.5.1;Bayesian;82;PASS;Crizotinib (PF-02341066);Olaparib (AZD2281);3,42496503357531;3,42496503357531;2,56361661636905;3,47772646345675;0,0678574115246987;2,35401218627448;1,33598955932273;1,47736526921907;12,9542202356194;0,0419934812181936;0,0419934812181936;0,0622438811092186;0,4418560306452;0,0207819231292586;0,77458867555151;0,674660391830454;0,570439569531011;6,46179195378244;7732,60952584241;60458,0217467567;2,25285376533894;0,0640151653140911;12,4046464807476;0,47206829272768;0;0
OVCAR-8 R2;bayesynergy;2.5.1;Bayesian;83;PASS;Adavosertib (MK-1775);Trametinib (GSK1120212);3,37494821213222;3,37494821213222;2,69606782454816;3,64471371376403;0,0688519031066969;2,5357109372467;1,25180389803355;1,43735538663265;13,9613855185763;0,00663339791755992;0,00663339791755992;0,00982716371470409;0,315089396231236;0,0164674889995918;0,650554658488494;0,675006350777953;0,484339620230094;5,76983821357142;998,514744680422;60,8727044180661;2,81325453723134;0,0686166048651881;28,5286641128869;0,304408681669168;0;0
OVCAR-8 R2;bayesynergy;2.5.1;Bayesian;84;PASS;Paclitaxel (NSC 125973);Panobinostat (LBH589);3,35415865909003;3,35415865909003;3,01379696619959;3,68742938271145;0,0778300248199141;2,69419052225615;1,11293451307692;1,36866199034773;13,4092683894744;0,184633022722396;0,184633022722396;0,273682134446347;0,679533879681876;0,0264732551375859;1,06457563635224;0,674625777440331;0,638314325894486;8,02603362617514;13,3881172245456;198,635756230869;3,05881745913305;0,0850629235238467;12,4841302067973;0,379708537654714;0;0
OVCAR-8 R2;bayesynergy;2.5.1;Bayesian;85;PASS;Paclitaxel (NSC 125973);Temsirolimus (CCI-779);3,26057594808998;3,26057594808998;3,1606751341119;3,71437835780006;0,0776007096700083;2,82444884013912;1,03160742871037;1,31508359487873;14,118929216588;0,177290347595565;0,177290347595565;0,262786431738301;0,592787505407047;0,02238020784428;0,921963474951237;0,674655637366092;0,642962027794431;7,46542105275208;13,846310331214;268,272405198287;1,77387121235035;0,0717931842557208;58,083795492351;0,247602263746465;0;0
OVCAR-8 R2;bayesynergy;2.5.1;Bayesian;86;PASS;LJH-685;Paclitaxel (NSC 125973);3,25895867358535;3,25895867358535;3,26381551123538;3,68142320027259;0,0895779757404868;2,89746529756211;0,998511914158961;1,27056936554536;15,0606568049467;0,0138020297275776;0,0138020297275776;0,0204519461694936;0,316155458028604;0,0155207929303926;0,644657223919582;0,674851655348327;0,490424129751229;5,77888315440859;39277,7180445788;13,1354435306285;1,79888357847368;0,0630601214264197;20,8020973754285;0,214130019308216;0;0
OVCAR-8 R1;bayesynergy;2.5.1;Bayesian;87;PASS;Carboplatin (NSC 241240);Panobinostat (LBH589);3,15509015889055;3,15509015889055;3,55169078506968;3,68997140008753;0,103553131074066;3,12021475265096;0,888334697421768;1,18260580331418;16,5514749731748;0,188782211975775;0,188782211975775;0,27983923546332;0,653947132723021;0,0277349595301845;1,01244954674094;0,674609518794658;0,645905897067232;8,84119544445831;23886,3821456731;102,744261355035;1,73970285174259;0,0950487699465701;12,4938487234314;0,417849570905917;0;0
OVCAR-8 R3;bayesynergy;2.5.1;Bayesian;88;PASS;Entrektinib (RXDX-101);Paclitaxel (NSC 125973);3,13032936008685;3,13032936008685;3,37790892184395;3,60861832186966;0,0869054431832417;3,01095272425997;0,926706264885925;1,19850027598224;19,869196747949;0,0252291428805352;0,0252291428805352;0,0373876408433938;0,394831302020274;0,0191447319488695;0,775868650182365;0,674799006072967;0,5088893615272;6,98028843995543;4614,54075586042;10,1657206175503;2,04307353867611;0,0969125567135268;31,2230128739741;0,266329007729446;0;0
OVCAR-8 R1;bayesynergy;2.5.1;Bayesian;89;PASS;Trametinib (GSK1120212);Vinorelbine ditartrate (Navelbine);3,12005113694431;3,12005113694431;2,04946370181596;3,26989088731895;0,058843211827696;2,05043306446303;1,5223744310181;1,59473409485526;11,9018925291916;0,595667992980169;0,595667992980169;0,883016978418674;0,980371092282308;0,0427087078064281;1,15659680867305;0,674582717590441;0,847634270586549;8,71870955715206;17,7495951699896;226,824631312509;3,20665176654168;0,0548514663682274;14,213020586251;0,262832183714892;0;0
OVCAR-8 R2;bayesynergy;2.5.1;Bayesian;90;PASS;Binimetinib (MEK162);Carboplatin (NSC 241240);3,10118528694587;3,10118528694587;2,34531236964178;3,23670829929775;0,0621405742644768;2,1597666124659;1,32229093535184;1,49864121046421;12,3646788755311;0,00243895559088505;0,00243895559088505;0,00361202731601188;0,234911628432381;0,0172143108354031;0,533702094239742;0,675231768063689;0,440154968413629;6,7912337784629;12991,4193394821;129949,532145215;5,49682034613935;0,0591933517650433;23,5017851132905;0,580061470849185;0;0
OVCAR-8 R3;bayesynergy;2.5.1;Bayesian;91;PASS;Idasanutlin (RG-7388);Paclitaxel (NSC 125973);3,10111521484029;3,10111521484029;3,11798778919305;3,46667339968094;0,0793417372237484;2,72196684808735;0,994588633601697;1,27359491137112;14,1797851959168;0,0261041465212207;0,0261041465212207;0,0386866907182356;0,333531978236687;0,0164366267794504;0,650014221126088;0,674757805244793;0,513114894100123;5,60045669314925;19791,8335850233;9,38945510327324;1,75275207795011;0,0628677567823207;100,045318006745;0,181509029038735;0;0
OVCAR-8 R2;bayesynergy;2.5.1;Bayesian;92;PASS;Gedatolisib (PKI-587);Olaparib (AZD2281);3,06810281271334;3,06810281271334;3,09609438211253;3,55630462669247;0,0848292513056806;2,87744030296372;0,990959071028033;1,23592955651752;16,6653464686703;0,0109230746405588;0,0109230746405588;0,016182615958705;0,287545159846851;0,0171499283400654;0,576579990377079;0,674988189080956;0,498708183852857;4,49414872891163;1607,17515866368;18670,3711805975;1,8720743339842;0,0626300786502639;17,4044521840804;0,338679122790393;0;0
OVCAR-8 R3;bayesynergy;2.5.1;Bayesian;93;PASS;AZD8055;Trametinib (GSK1120212);3,04173134736658;3,04173134736658;2,42220503480251;3,24388601917882;0,0682738190762156;2,19381055029383;1,25576955858924;1,47865572798756;11,6967774002299;0,109987635610853;0,109987635610853;0,163033563852733;0,509102078357968;0,0360243224972801;0,812539703723858;0,674631855009954;0,626556555974754;6,36046120800996;165,237251483385;73,2645102166478;2,02421253787781;0,0528909065795754;73,3276703798789;0,162103424237988;0;0
OVCAR-8 R2;bayesynergy;2.5.1;Bayesian;94;PASS;Paclitaxel (NSC 125973);Pertuzumab (anti-HER2);3,03315784392578;3,03315784392578;3,00963386329745;3,35906620670072;0,0782444142245501;2,597426969562;1,00781622672286;1,29323263579214;12,4631949705575;0,114692080776862;0,114692080776862;0,169995850800186;0,461888604738828;0,017535400522067;0,758380007319204;0,67467576553778;0,609046388724773;7,04034218450409;12,9060260920866;948808255,167594;1,66070292782514;0,0637181712452499;32,6396248885203;0,253828686958774;0;0
OVCAR-8 R2;bayesynergy;2.5.1;Bayesian;95;PASS;Luminespib (NVP-AUY922);Paclitaxel (NSC 125973);2,8976921995614;2,8976921995614;3,12346285638523;3,36166953704917;0,0818988531979015;2,71469607492402;0,927717835234606;1,23832591725213;14,053127573034;0,0856568599479488;0,0856568599479488;0,126958450429658;0,405155591926865;0,0176259079692923;0,701072192512714;0,674684195168304;0,57790851820088;5,03295645327785;19,1154485353987;12,5988373282159;2,06429848025298;0,0710225307143957;13,9026130510211;0,289029125941194;0;0
OVCAR-8 R2;bayesynergy;2.5.1;Bayesian;96;PASS;Paclitaxel (NSC 125973);MK-2206 2HCl;2,88564666117439;2,88564666117439;3,33649900815476;3,48778651049952;0,934015594896058;3,02456945011867;0,864872626702888;1,15315496208111;16,4240062253566;0,2148962848953;0,2148962848953;0,318543397033243;0,685121402813187;0,0279924485386271;1,05006821591042;0,674621690158196;0,652454185768477;8,08359670799253;12,1821090034895;8086,9411759605;1,02054817865167;0,0883676240543871;35,3307065848886;0,225962318255862;0;0
OVCAR-8 R2;bayesynergy;2.5.1;Bayesian;97;PASS;Abemaciclib (LY2835219);Niraparib (MK-4827);2,87179541166712;2,87179541166712;3,21510877022651;3,24227707422252;0,101820791575889;2,7870691312369;0,893218742165543;1,16333511536089;16,8393486258203;1,69608209969608;1,69608209969608;2,27761725821468;2,43579845702996;0,0720216265299241;2,4894118791041;0,744673888283387;0,978463418398474;13,9932395622257;21108,397638293;11322,2058348159;4,15772250886448;0,076085975235669;6,25427714916231;0,968225295602119;0;0
OVCAR-8 R2;bayesynergy;2.5.1;Bayesian;98;PASS;Niraparib (MK-4827);Selumetinib (AZD6244);2,76967738093883;2,76967738093883;3,26106319145711;3,38202021152764;0,0815164080724999;3,00159738067139;0,849317298786008;1,12674527533074;14,8267479137261;0,0008394322867009;0,0008394322867009;0,00124101575269927;0,260703014917551;0,0147293351178607;0,605115864818493;0,676407438725169;0,430831564787596;7,06534612312622;8139,11506923384;25584,1997921109;1,91607008482527;0,0665624934446601;61,9888017974879;0,261188602898438;0;0
OVCAR-8 R3;bayesynergy;2.5.1;Bayesian;99;PASS;Dexamethasone;Trametinib (GSK1120212);2,72510074383368;2,72510074383368;2,4090201079523;2,98358687643948;0,0626664270073908;2,19188006604577;1,13120713888522;1,36120324536858;12,0092137283367;0,0252334239934479;0,0252334239934479;0,0373916309236457;0,295682983428593;0,0130075666773693;0,573396154896838;0,67484149180267;0,515669630679318;5,38303624454183;78,6851380219554;76,0355866398023;1,91798477468846;0,0518939618990987;15,6126922440257;0,171880736867304;0;0
OVCAR-8 R3;bayesynergy;2.5.1;Bayesian;100;PASS;Gedatolisib (PKI-587);Olaparib (AZD2281);2,71892498086566;2,71892498086566;3,14703662892039;3,286948392143;0,0990400327904213;2,91481207767956;0,863963563652071;1,12767485742907;16,2521159417239;0,130783190204668;0,130783190204668;0,193846694135249;0,486861891872615;0,0225955024360596;0,798330619878226;0,67467330711051;0,609849954079024;6,93814416207142;966,5666890373;38581,307376025;1,72932341636789;0,069341510494046;14,2725688617327;0,296427635445913;0;0
OVCAR-8 R1;bayesynergy;2.5.1;Bayesian;101;PASS;Mebendalzole;Niraparib (MK-4827);2,69774582930551;2,69774582930551;1,75219009078346;2,78728244814573;0,061759219577647;1,78108286055311;1,53964221319118;1,56495091378951;9,735897839482;11,4421674437984;11,4421674437984;3,05197042004755;11,6590540925526;0,0785962153858191;3,22715396118253;3,74910823795604;3,61279760209531;25,1743779565228;563,883451204152;7557,98401475535;1474,52778431836;0,0778134921943061;4,26262835404459;1,53061390810766;0;0
OVCAR-8 R3;bayesynergy;2.5.1;Bayesian;102;PASS;Alpelisib (BYL719);Trametinib (GSK1120212);2,69472059220802;2,69472059220802;3,40809453242602;3,42157150795662;0,154876718369598;3,08351736231503;0,790682466865087;1,10963634414442;15,9064245981402;0,566438795435126;0,566438795435126;0,827482660058555;1,04457297624458;0,0429547681226713;1,28217848958704;0,684532525908208;0,814686086787345;9,66103670832651;55939,1349486637;80,0032407674308;1,65660391049387;0,0614486321844823;10,3740936048646;0,385681535154062;0;0
OVCAR-8 R1;bayesynergy;2.5.1;Bayesian;103;PASS;Paclitaxel (NSC 125973);Selpercatinib (LOXO-292);2,56489658366256;2,56489658366256;2,99074738953966;3,16196808773307;0,120022051698319;2,85330741800656;0,857610573408324;1,10818145075478;21,1780705608188;1,39355556415989;1,39355556415989;2,0659596581291;2,50030210405398;0,152783225679663;2,83575052931979;0,674531837384411;0,881707356906931;15,694984237199;10,6065803946602;24111,2492238952;1,757069437257;0,099434120908349;7,75174200692295;0,407502607583736;0;17
OVCAR-8 R1;bayesynergy;2.5.1;Bayesian;104;PASS;Entrektinib (RXDX-101);Paclitaxel (NSC 125973);2,54609009566424;2,54609009566424;3,21725815901463;3,36551229519378;0,0992759364556938;3,03145520965883;0,791385076926513;1,11020041429167;15,8536815068917;0,22912148518471;0,22912148518471;0,339634380176444;0,741727630140212;0,0307577667627825;1,13765570624908;0,6746121669593;0,651979000382929;9,68088206375509;3330,16629512333;13,4456124606515;1,7545318427616;0,0932356096288636;15,0849411346804;0,419017054564839;0;0
OVCAR-8 R1;bayesynergy;2.5.1;Bayesian;105;PASS;Flunarizine 2HCl;Paclitaxel (NSC 125973);2,53994267274688;2,53994267274688;2,825204088117;3,02386997418704;0,0726078144581061;2,54020166091005;0,899029802282267;1,19040959833567;12,1473875577805;0,0248393812333523;0,0248393812333523;0,0368095986557358;0,299573831338148;0,0122305099364582;0,55892865537393;0,674807173684892;0,535978659275807;4,18313779513086;31851,6543272921;10,8685848852357;1,665486816596;0,0654712079662937;257,941069549854;0,188315558484562;0;0
OVCAR-8 R2;bayesynergy;2.5.1;Bayesian;106;PASS;Niclosamide (BAY2353);Paclitaxel (NSC 125973);2,46514252111679;2,46514252111679;2,23051894537325;2,68186846956155;0,0665970162716907;1,98642415068515;1,1051878874332;1,35010277932576;10,2043517542305;0,0374895158846275;0,0374895158846275;0,0555594924411188;0,284757587790428;0,0125235708111041;0,512465899633329;0,674763469525183;0,555661533760925;3,83698371357074;2928,37830601506;12,7939705897506;1,98930747024044;0,0576971335390937;35,5103247818765;0,189662012808035;0;0
OVCAR-8 R2;bayesynergy;2.5.1;Bayesian;107;PASS;Dabrafenib ;Trametinib (GSK1120212);2,44540441744581;2,44540441744581;1,71888029598887;2,64835920841777;0,0495004453390572;1,73428610527743;1,42267290116266;1,52706363795102;12,3482285981717;3,52328751518319;3,52328751518319;1,86703536995985;3,55177116214785;0,0655253138388089;1,92994950123631;1,88710271474875;1,84034409183899;11,2852498017096;377,933336098858;49,5279625596501;6,83045152774987;0,0497777760827724;2,98766752972232;0,80375009692061;0;0
OVCAR-8 R2;bayesynergy;2.5.1;Bayesian;108;PASS;Dexamethasone;Trametinib (GSK1120212);2,39556421450973;2,39556421450973;2,09009979474375;2,65792833432125;0,0548266693826376;1,95380970901435;1,14614824638238;1,36038638406717;10,0142859909249;0,00769536656850379;0,00769536656850379;0,0113989507747077;0,235027255651829;0,0108733965700323;0,473598950097521;0,675094288991799;0,496257974396761;4,16560492455979;257,187127783224;54,3373342327065;2,07913938774355;0,0482935076653327;42,000494974132;0,19903053796366;0;0
OVCAR-8 R2;bayesynergy;2.5.1;Bayesian;109;PASS;Cucurbitacin I (JSI-124);Niraparib (MK-4827);2,37601128376744;2,37601128376744;3,44789756119682;4,0672330948131;0,307763492516547;4,355623564292;0,68911887363112;0,933792533733374;23,0443729609853;1,67233156969628;1,67233156969628;2,28941888554625;2,26439647055796;0,109670356650879;2,21002734660233;0,730461157743645;1,02460110913976;11,7332671604929;795,647918013532;11438,5271431418;2,27585215000417;0,0709243355790099;7,38310329346041;0,802950066310681;0;0
OVCAR-8 R2;bayesynergy;2.5.1;Bayesian;110;PASS;Trametinib (GSK1120212);Flunarizine 2HCl;2,33923041043471;2,33923041043471;2,39700980335008;2,67798964567569;0,0692135304905924;2,1686290170985;0,975895220438974;1,23488134777411;13,0670541725369;0,936371922911671;0,936371922911671;1,33960405309812;1,36355645559508;0,042195733467057;1,43762734088994;0,698991557054572;0,948476991784946;8,79705874405028;64,8549789630018;708956,312116644;2,81638035590534;0,055167167452987;6,12001041414546;0,371867228854436;0;0
OVCAR-8 R3;bayesynergy;2.5.1;Bayesian;111;PASS;Paclitaxel (NSC 125973);Panobinostat (LBH589);2,30295010126505;2,30295010126505;2,18165085356474;2,55521128440347;0,0561094589187975;1,98552379765585;1,05559975259199;1,2869255520325;11,2715020311382;1,72606015003929;1,72606015003929;2,1535245710563;2,24835580617626;0,0666440577686219;2,15554443422593;0,801504739364388;1,04305704418645;13,9572781564368;11,2083617521862;190,492039309834;3,23899682336972;0,0895636207711952;8,19871818155176;0,441424442823989;0;0
OVCAR-8 R3;bayesynergy;2.5.1;Bayesian;112;PASS;Mebendalzole;Trametinib (GSK1120212);2,28226716580707;2,28226716580707;2,63436969096068;2,87603996488181;0,0749400319798597;2,63242946346098;0,866342781591445;1,09254538958947;16,4955532305145;0,297361884615895;0,297361884615895;0,440778889174209;0,720855035954106;0,0236136907143422;1,01881788831173;0,67462823633182;0,707540615672372;8,63256660364692;552,981582991316;152,029096911673;1,25541398006348;0,0773054423302035;13,5830195150645;0,184245024445285;0;0
OVCAR-8 R2;bayesynergy;2.5.1;Bayesian;113;PASS;Selpercatinib (LOXO-292);Trametinib (GSK1120212);2,25300782942752;2,25300782942752;2,4711691947453;2,70315594385125;0,0735671855849688;2,2826689532359;0,911717349916113;1,18421311765085;11,3700997924023;0,252124501558288;0,252124501558288;0,373692651042216;0,548271548004831;0,0181301053687229;0,756540525447906;0,674684131077027;0,724708762534868;6,70254417111705;22612,6856317257;47,7595446027759;1,60889713952053;0,0500451088792542;16,8688466675744;0,291139479848195;0;0
OVCAR-8 R2;bayesynergy;2.5.1;Bayesian;114;PASS;Everolimus (RAD001);Olaparib (AZD2281);2,23913209662814;2,23913209662814;2,65693658014277;2,82714865680081;0,0758246344727045;2,52964080082673;0,842749545985708;1,11761349855787;13,624100439989;0,247034535844961;0,247034535844961;0,366189541007682;0,700101272400332;0,0298729892594659;1,06226444156037;0,674608387681338;0,659064960672078;12,8080124681139;235,055534494191;75579,4165909714;2,78814682006878;0,0676802922250955;11,3250180893629;0,439972911134198;0;0
OVCAR-8 R1;bayesynergy;2.5.1;Bayesian;115;PASS;Carboplatin (NSC 241240);Gemcitabine (LY-188011) HCl;2,21947389472965;2,21947389472965;3,04165083248714;3,36464111065453;0,0827096446943648;3,49330639343316;0,729693846191676;0,963171893120868;19,4001526078935;0,0564012744997062;0,0564012744997062;0,0835990128039521;0,648654815567652;0,0315140875241737;1,25540420178311;0,67466436035522;0,516690014774793;10,27676641277;4759,94569589219;115,181596186933;1,42010177447361;0,156659959231857;21,2784291299733;0,272546327269488;0;0
OVCAR-8 R2;bayesynergy;2.5.1;Bayesian;116;PASS;AZD8055;Paclitaxel (NSC 125973);2,21291839325897;2,21291839325897;2,32227343334554;2,48189817019879;0,0743220268190506;2,01415627705583;0,952910351332301;1,23223230798257;11,2024392434437;2,23585937196569;2,23585937196569;2,12846883345001;2,50631598762858;0,0698383135120704;1,92374969432482;1,05045436269866;1,30282853066715;10,7998073711324;182,515081834436;11,5529362675143;2,29998291981625;0,0694325981501122;15,7303860590079;0,412650345222438;0;0
OVCAR-8 R1;bayesynergy;2.5.1;Bayesian;117;PASS;Paclitaxel (NSC 125973);TNKS1/2 inhibitor (OM-153);2,20801397844007;2,20801397844007;2,45483011593031;2,68853389449686;0,0626882838151383;2,30685488394123;0,899456937615131;1,16546009389988;11,3557642456298;0,074787692153479;0,074787692153479;0,110845423821748;0,394531429758328;0,0162137356263603;0,683198758275014;0,674702568450152;0,577476795705056;5,14464549859081;10,8373069663865;112,029459084714;1,07443834831374;0,0691967728456254;20,4861324118397;0,145014371780174;0;0
OVCAR-8 R2;bayesynergy;2.5.1;Bayesian;118;PASS;Gedatolisib (PKI-587);Paclitaxel (NSC 125973);2,19515108863942;2,19515108863942;2,41945080796738;2,71032537201431;0,0620325038479771;2,32059840889863;0,907293126775161;1,16794582991284;11,7041579192553;0,0908065323489657;0,0908065323489657;0,134589575749258;0,41940894226163;0,0161113073736908;0,719340939507982;0,674692165744988;0,583046117948604;6,79000543124906;1668,81800547468;11,1653939639379;1,45863685430752;0,0625470657817852;21,2930459829849;0,155273048167972;0;0
OVCAR-8 R2;bayesynergy;2.5.1;Bayesian;119;PASS;Cobimetinib;Paclitaxel (NSC 125973);2,18047965107282;2,18047965107282;2,58773360097055;2,76920372815185;0,0622356903622747;2,54936531769795;0,842621377353144;1,08623626880038;15,0878155951782;0,198054939514113;0,198054939514113;0,293573239185895;0,641336609456073;0,0266763757871189;1,02589946677399;0,674635535797942;0,625145669948344;8,78805681452602;687,922829000831;15,3872618852071;1,35163599168265;0,0856673917170693;17,1938223617203;0,194093012882065;0;0
OVCAR-8 R1;bayesynergy;2.5.1;Bayesian;120;PASS;Olaparib (AZD2281);Defactinib (VS-6063, PF-04554878);2,17795870231594;2,17795870231594;3,22896768336444;6,20091473662968;0,534664323363111;7,32411563659048;0,67450619389495;0,846647069388302;29,0697389077064;0,760395944192212;0,760395944192212;1,12724262109534;1,56863778686658;0,0519866730260024;2,07760346469749;0,674562804814226;0,75502270453471;20,8702953636765;45308,325057339;19030,6796691023;2,39628224965095;0,0990272970777454;15,0314474594817;1,82585955035535;0;0
OVCAR-8 R3;bayesynergy;2.5.1;Bayesian;121;PASS;Paclitaxel (NSC 125973);Selpercatinib (LOXO-292);2,15031262632492;2,15031262632492;2,61424838430441;2,65222891021908;0,1087006574677;2,42569097471203;0,822535700599492;1,0933970155905;13,536452140409;0,675458054729984;0,675458054729984;1,00135602870089;2,2481421940607;0,212858088360766;3,07648003957217;0,674543354581178;0,730751431877757;16,6166462344294;9,5973753284114;24679,8353185814;1,66763134937267;0,0742041227960214;11,832058648586;0,435558612259795;0;0
OVCAR-8 R2;bayesynergy;2.5.1;Bayesian;122;PASS;Cobimetinib;Niraparib (MK-4827);2,14788296883381;2,14788296883381;2,72213068611496;2,87251429332765;0,0681393400494042;2,7318749800656;0,789044765480853;1,05148608778771;16,3479028466429;0,200547566507253;0,200547566507253;0,297289374162684;0,89142720737461;0,034225030528367;1,43884960874539;0,674587065454646;0,619541612936109;11,7190372551497;1218,15905179677;10720,7601115445;1,26764695905565;0,082537421005902;16,4305855785314;0,267631969813904;0;0
OVCAR-8 R3;bayesynergy;2.5.1;Bayesian;123;PASS;Olaparib (AZD2281);Trametinib (GSK1120212);2,13890252265336;2,13890252265336;2,03762282654456;2,4286792392329;0,0501188022065946;1,90751236464999;1,04970482995646;1,27322120858681;10,5510934918724;0,0912434905457025;0,0912434905457025;0,135234604317384;0,409544990191141;0,0161249552525182;0,673562967772389;0,674705198468004;0,608027771398405;5,31001671198704;20145,685718288;90,9618742557488;1,42180555191343;0,0531413666907808;15,5464584365262;0,191075166306043;0;0
OVCAR-8 R3;bayesynergy;2.5.1;Bayesian;124;PASS;Alpelisib (BYL719);Paclitaxel (NSC 125973);2,13639485036819;2,13639485036819;2,67943262955018;2,74302548103565;0,0668017403050743;2,59950939810323;0,7973310568838;1,05521321915981;15,0602117025049;0,200531149262651;0,200531149262651;0,297245441235663;0,693947749736593;0,026793173427785;1,11306941411024;0,674631538263575;0,623454153837582;10,8923826670593;9524,7437741615;10,7138664008799;1,28753147450499;0,0809692341035717;21,8314842390351;0,169561474095554;0;0
OVCAR-8 R2;bayesynergy;2.5.1;Bayesian;125;PASS;Dasatinib (BMS-354825);Paclitaxel (NSC 125973);2,11154174257385;2,11154174257385;2,56564500533418;2,76122552271896;0,0719318287139275;2,55877692458825;0,823006198512963;1,07912361278721;14,9824332027359;0,446026765135668;0,446026765135668;0,660425129946751;0,881241973188631;0,0293335437366724;1,17727523996126;0,67536310311455;0,748543707771878;9,50418553912966;82,3970812015681;14,0098208873777;1,61325724217214;0,0886559827424346;24,1316642352615;0,282337166023805;0;0
OVCAR-8 R1;bayesynergy;2.5.1;Bayesian;126;PASS;Trametinib (GSK1120212);Volasertib (BI 6727);2,1002023708662;2,1002023708662;2,35458771511616;2,4142961223359;0,0782519227729163;2,03970645273424;0,891961831527093;1,18365286101841;10,6754765885615;1,34214068688751;1,34214068688751;1,45601796597627;1,66200461100875;0,0475091059721513;1,50449985186357;0,921788548115612;1,10468911575504;12,4005020132671;14,9143802479955;701,759543429821;2,23783630556712;0,0705257602467952;7,01516804971732;0,332293391379336;0;0
OVCAR-8 R1;bayesynergy;2.5.1;Bayesian;127;PASS;Everolimus (RAD001);Paclitaxel (NSC 125973);2,09486386657492;2,09486386657492;2,53204871242009;2,69594075163756;0,061157076760306;2,45524486558089;0,827339480595018;1,09803686662394;15,4501297582974;0,193784694837175;0,193784694837175;0,287241576901962;0,580516273125695;0,0236705645861674;0,887409888242591;0,674640130190187;0,654169263625558;6,8634980839431;13,301734968123;14,1763171612596;1,29766046615901;0,0844083119529929;27,7726501648148;0,165191468327461;0;0
OVCAR-8 R2;bayesynergy;2.5.1;Bayesian;128;PASS;Carboplatin (NSC 241240);Gemcitabine (LY-188011) HCl;2,09420745356901;2,09420745356901;2,88066536189724;3,00075681380854;0,0896304396112372;3,10919862905322;0,72698741105761;0,965127572737764;18,8661784579446;0,58080511118211;0,58080511118211;0,861025161145863;1,53048460580921;0,0710053602577033;2,16681027440718;0,674550683756056;0,706330694424982;15,9918119561478;517634,103972354;22,0142087914024;2,0278609341727;0,139501166111724;14,9851828236353;0,661101937334924;0;0
OVCAR-8 R3;bayesynergy;2.5.1;Bayesian;129;PASS;Crizotinib (PF-02341066);Niraparib (MK-4827);2,0692712327568;2,0692712327568;2,3211368998827;2,38832516988398;0,0747213500173964;2,03379412011878;0,89149038682784;1,17432882057327;11,1203828263518;0,523552665865805;0,523552665865805;0,745323357972272;0,867971643879486;0,0251326161427794;1,05362599606792;0,702450366362036;0,823794825790855;8,57676563146644;8066,02060816603;7915,37529750897;1,93771816247673;0,054720433720904;5,91025929233092;0,448663172648255;0;0
OVCAR-8 R2;bayesynergy;2.5.1;Bayesian;130;PASS;Niclosamide (BAY2353);Olaparib (AZD2281);2,05002286986736;2,05002286986736;2,17210392816798;2,3337519111651;0,0553183695599708;1,91257524207852;0,943795940554468;1,22022082240109;10,5022434469367;0,0495851820855376;0,0495851820855376;0,0734908904220079;0,345873890282121;0,0138846430535048;0,586185842853285;0,674711951383413;0,590041357188984;3,98887563429269;2926,68860484988;13305,6301823221;1,80605326527775;0,0518361006573312;21,1997637677577;0,333199149246049;0;0
OVCAR-8 R2;bayesynergy;2.5.1;Bayesian;131;PASS;Paclitaxel (NSC 125973);Sorafenib (Nexavar);2,04978299083164;2,04978299083164;2,39380485230727;2,44182181461941;0,0603396020692862;2,09719057420616;0,856286588631463;1,1643365761849;11,8774775024726;0,420668617611586;0,420668617611586;0,623622128312529;1,06821862507236;0,0499413830324469;1,40912574726113;0,674556912773255;0,758071894682657;9,69263934133754;12,2612942865174;7565,63670246694;1,66768745920444;0,0654625427084015;15,4700500241955;0,315911312236457;0;0
OVCAR-8 R2;bayesynergy;2.5.1;Bayesian;132;PASS;Alpelisib (BYL719);Paclitaxel (NSC 125973);2,02307016373481;2,02307016373481;2,49342845592601;2,68967010034208;0,0683157254019058;2,53139695726821;0,811360822856846;1,06252950967187;14,1487840956743;0,242016706391029;0,242016706391029;0,358739076216732;0,667457440135281;0,02705549330758;1,02054716947454;0,674631570508965;0,654019196857844;8,79937278554094;14617,5943952843;14,3072142933241;1,21911768326176;0,0782505598608926;1263,05660193588;0,190864002558858;0;0
OVCAR-8 R2;bayesynergy;2.5.1;Bayesian;133;PASS;Carboplatin (NSC 241240);Erlotinib;2,01216408951191;2,01216408951191;2,18054474137624;2,37987767213689;0,0602299792696827;2,01975116585839;0,922780464592501;1,17830740923015;11,6852876753721;0,0107614055546552;0,0107614055546552;0,0159382505415507;0,189614925132272;0,00932980459768311;0,401217955738962;0,675193649804939;0,472598303291387;4,22860437665286;140568,182740795;12636,5212287871;2,34282491324471;0,0658195907414409;14,8102307210711;0,454125112985771;0;0
OVCAR-8 R3;bayesynergy;2.5.1;Bayesian;134;PASS;Carboplatin (NSC 241240);Erlotinib;1,9891697382223;1,9891697382223;2,33691000972501;2,48051004015868;0,0665555617646194;2,20535288831404;0,851196550121489;1,1247746260908;13,8907908351336;0,0351371559446442;0,0351371559446442;0,0520708041441361;0,4002770437484;0,0207839039174814;0,765230116869947;0,674795723288271;0,523080619703874;5,84195199626842;40466,051777863;9812,59714691118;2,55787644457266;0,0725342975262951;14,1941277106568;0,457041278498247;0;0
OVCAR-8 R1;bayesynergy;2.5.1;Bayesian;135;PASS;Venetoclax (ABT-199);Olaparib (AZD2281);1,98498501131468;1,98498501131468;2,71448749790346;2,43786041237826;0,155527841310817;2,35144301786544;0,731255904787843;1,03676349567373;13,3494798920117;3,13734115956526;3,13734115956526;3,58815668733484;3,65673521426697;0,139880949494847;3,09425285111721;0,874360133335082;1,18178293443171;18,3087228240115;160995980,197771;272998,240030391;3,78648007570751;0,0847086265129229;11,4016120576129;1,638942726124;0;13
OVCAR-8 R2;bayesynergy;2.5.1;Bayesian;136;PASS;Mebendalzole;Trametinib (GSK1120212);1,96478916099805;1,96478916099805;2,31767521890016;2,4266227372151;0,0620278805987203;2,15927998227838;0,84774136815012;1,1238157534202;14,9803915264916;0,071335621259276;0,071335621259276;0,105724697138505;0,334939536449355;0,0130363006333543;0,569572301055979;0,674729965561619;0,588054467937402;4,60440502393692;547,654168368457;256,928140333012;1,09349689087084;0,0624377232329209;17,4877832878294;0,160380214860383;0;0
OVCAR-8 R2;bayesynergy;2.5.1;Bayesian;137;PASS;Crizotinib (PF-02341066);Olaparib (AZD2281);1,95895840735913;1,95895840735913;2,5122295331354;2,52730416976435;0,0788178676779803;2,37274281564835;0,779768879205174;1,06514757322669;11,9201161885381;0,0159857779947468;0,0159857779947468;0,0236884836845286;0,335276433884915;0,0177117315025926;0,701549443365716;0,674833315953751;0,47790848821205;7,08482001027556;7428,78123795596;82630,3263134955;1,87951345817297;0,0688466175362152;14,2694029865049;0,341696078028309;0;0
OVCAR-8 R1;bayesynergy;2.5.1;Bayesian;138;PASS;Binimetinib (MEK162);Niraparib (MK-4827);1,9296081130761;1,9296081130761;2,1314395921811;2,31777786342366;0,0594750938037248;2,03932590632405;0,905307436417437;1,13654888759212;11,7024884579581;1,13325783656168;1,13325783656168;1,54280655796237;1,64982286104197;0,0558760404807609;1,73878352639374;0,734543051241889;0,948837411902405;11,5037972286904;573,913459289097;7405,0948642056;1,6248292591227;0,0747469548176697;10,1075770794183;0,305726343180204;0;0
OVCAR-8 R1;bayesynergy;2.5.1;Bayesian;139;PASS;TNKS1/2 inhibitor (OM-153);Trametinib (GSK1120212);1,9202103426919;1,9202103426919;2,09794646681789;2,27601921748074;0,0517860278781672;1,96060014025129;0,915280905906256;1,16088368773884;9,89478082262845;0,193502135377173;0,193502135377173;0,286833353075854;0,655588614920772;0,024777255932551;0,959097901583216;0,674615184399425;0,683547126772532;7,8867840526018;488,125244742498;17,7688167266316;1,40365347842699;0,0579453471496965;16,1717668765516;0,153790700850339;0;0
OVCAR-8 R3;bayesynergy;2.5.1;Bayesian;140;PASS;Cucurbitacin I (JSI-124);Niraparib (MK-4827);1,89522298630766;1,89522298630766;2,79136946440301;3,62981865240607;0,309929231232983;3,98393440609605;0,678958128071732;0,911118721369103;18,3151344850828;2,03025020778141;2,03025020778141;2,5884216419518;2,5947335922527;0,129172524940028;2,45031188764455;0,784358380750714;1,05894013139159;13,3456249673047;672,238554037865;12247,5867904267;2,55285759894316;0,0713329310216533;9,27531227217703;0,75419582498416;0;0
OVCAR-8 R2;bayesynergy;2.5.1;Bayesian;141;PASS;Olaparib (AZD2281);Paclitaxel (NSC 125973);1,85305966852214;1,85305966852214;2,29833463276439;2,38713167059989;0,0650114374654893;2,23382009820389;0,80626190899509;1,06863793692087;13,3081376863533;0,414695634573118;0,414695634573118;0,614744501953663;1,03499157013645;0,038772253620129;1,4530629402111;0,674582095903602;0,712282683354436;12,2169067789476;25090,6051614136;14,7491021346709;1,64201436250504;0,0799335813218558;14,0067802477795;0,236142534256362;0;0
OVCAR-8 R1;bayesynergy;2.5.1;Bayesian;142;PASS;Paclitaxel (NSC 125973);Temsirolimus (CCI-779);1,79128794938499;1,79128794938499;1,88030396389069;2,10943855037335;0,0565044901990244;1,76879444894346;0,952658710391958;1,19259279512604;10,7199932267735;1,26938585558852;1,26938585558852;1,63610577843695;1,78210092585891;0,0514249440910763;1,78625446313512;0,775858060229595;0,99767472252026;11,0690587803168;14,0586621436096;14,5270549534039;1,45457928707749;0,0739909795909409;11,1814191230289;0,25434197601059;0;0
OVCAR-8 R2;bayesynergy;2.5.1;Bayesian;143;PASS;AZD7762;Niraparib (MK-4827);1,78680357712689;1,78680357712689;2,54081879208237;2,39109156956012;0,0942715368910849;2,34831008091335;0,703239279674284;1,01822699233481;12,7762763302596;5,33543239465781;5,33543239465781;3,83530025613488;5,25538670415258;0,159091848290347;3,55708641046587;1,39113812174766;1,47744139380193;19,0159317020397;348,744166429644;8246,69432180583;4,51911099659491;0,0730868662366908;4,1156664810387;1,27557733259853;0;0
OVCAR-8 R2;bayesynergy;2.5.1;Bayesian;144;PASS;Everolimus (RAD001);Trametinib (GSK1120212);1,76879585393343;1,76879585393343;1,98268146307479;2,18558372134302;0,0637798432327338;1,91996918057215;0,892123060045324;1,1383479129721;11,312033188224;0,406452798016077;0,406452798016077;0,570537659891626;0,680644371357366;0,0225022062669962;0,823144749334489;0,71240310077565;0,82688296549017;5,86037118653076;50,9208776042096;43,6752517271902;1,10264860880491;0,0526924830362127;12,6827048920254;0,170030796594854;0;0
OVCAR-8 R2;bayesynergy;2.5.1;Bayesian;145;PASS;Everolimus (RAD001);Niraparib (MK-4827);1,76527847497889;1,76527847497889;2,37779275379627;2,64957261351994;0,0706620119323681;2,77427695039342;0,742402159381019;0,955054583481073;17,8715049607201;0,115316682835552;0,115316682835552;0,170922940281069;0,536064832074234;0,0248952417101535;1,02392409108077;0,674670600949896;0,523539622462062;14,2217079364227;202,647051789564;8663,17246724529;1,56920691983221;0,0779638692818434;26,0525455343042;0,22051928960916;0;0
OVCAR-8 R2;bayesynergy;2.5.1;Bayesian;146;PASS;Olaparib (AZD2281);Trametinib (GSK1120212);1,76000457607052;1,76000457607052;2,03700009481855;2,28081603731341;0,0535513619254417;2,11086218132414;0,864017915633578;1,08051931401658;11,9442901759701;0,242921250218932;0,242921250218932;0,360099128122493;0,789646333177121;0,0331920701926486;1,12902975405289;0,674595496760821;0,699402589119125;7,29600171386598;26724,0669244803;97,3087994648694;1,29097198958977;0,0613090984031492;13,7073983977661;0,212050463277288;0;0
OVCAR-8 R3;bayesynergy;2.5.1;Bayesian;147;PASS;Adavosertib (MK-1775);Olaparib (AZD2281);1,7530917578233;1,7530917578233;2,55155845964598;2,55528928367621;0,0817387986046031;2,63499039274017;0,687067055507141;0,969761359829787;13,340153878054;0,322076267936281;0,322076267936281;0,477446545666342;0,920420692411385;0,0342334769573993;1,31759945970355;0,674580789953731;0,698558796175032;8,80792818411498;877,27785072384;16017,0754321677;1,84862497419193;0,0742164438602583;15,2356244063336;0,37059006338167;0;0
OVCAR-8 R3;bayesynergy;2.5.1;Bayesian;148;PASS;Paclitaxel (NSC 125973);Vinorelbine ditartrate (Navelbine);1,72844958214473;1,72844958214473;1,4414632184239;1,91444719394212;0,0430720476246183;1,39819894221392;1,19909378196595;1,36922948885395;8,78142879933395;11,8730598166025;11,8730598166025;3,25500645243146;11,7594101739293;0,209599795485394;3,64812947834455;3,64763019370774;3,22340811742939;24,9506580835724;10,0566439606987;290,390007422749;44,4580875891573;0,0729472317133348;2,93193615392918;1,20841232713839;0;0
OVCAR-8 R3;bayesynergy;2.5.1;Bayesian;149;PASS;Trametinib (GSK1120212);Vemurafenib (PLX4032);1,71814029335064;1,71814029335064;1,80393027703702;1,88769130001916;0,059164389560345;1,57890883537893;0,952442738625526;1,19558031173731;9,93361346450787;3,37226453876663;3,37226453876663;2,79440308215583;3,69119111246573;0,0989026811835324;2,62584076340842;1,20679244891363;1,40571780433268;13,0251685489038;160,531437871608;8818,25851150974;4,37500644241747;0,0639699195019974;5,6198229355368;0,691363502576967;0;0
OVCAR-8 R1;bayesynergy;2.5.1;Bayesian;150;PASS;Mebendalzole;Paclitaxel (NSC 125973);1,65951397620334;1,65951397620334;1,66902623117241;1,93011188139866;0,0521569067703942;1,58287110446929;0,994300715715901;1,21938219849463;8,78196104269843;7,00469704803809;7,00469704803809;3,16798971870389;6,9920748237729;0,138483544864524;3,27832508045219;2,21108578941471;2,13281924524961;18,3505341998501;593,492403208446;10,8347541524419;9,85163689427068;0,0844049242303367;4,91046471033416;0,775817070549551;0;0
OVCAR-8 R2;bayesynergy;2.5.1;Bayesian;151;PASS;Trametinib (GSK1120212);Vinorelbine ditartrate (Navelbine);1,65298122806853;1,65298122806853;1,99145603485812;2,22830987924322;0,0946090039165489;2,09809857643609;0,83003651556199;1,06206680515061;13,3258610629934;0,673040616809999;0,673040616809999;0,940839882309211;1,01179707705372;0,0366877985986889;1,10502415746333;0,715361486545488;0,915633445857312;8,60501791118625;48,5015403870716;191,526464702911;1,3358776076603;0,0529502169286551;11,0571601953751;0,211613825302445;0;0
OVCAR-8 R1;bayesynergy;2.5.1;Bayesian;152;PASS;Olaparib (AZD2281);Palbociclib;1,63820795245497;1,63820795245497;2,32737094489186;2,372635766441;0,0646790903226729;2,47866507166663;0,70388777347699;0,957231743667231;13,9815117672343;0,0188455190837823;0,0188455190837823;0,0279231482132357;0,362882555279956;0,0168857962366326;0,741764656902218;0,674906673841647;0,489215213886623;7,28368021850287;25126,4534014432;11277,7485670114;1,06411280439247;0,0772727498499445;15,8226286470175;0,263203270585971;0;0
OVCAR-8 R2;bayesynergy;2.5.1;Bayesian;153;PASS;Carboplatin (NSC 241240);Niclosamide (BAY2353);1,62997818208197;1,62997818208197;1,77676482944711;1,92506276596255;0,040020521918652;1,64880142806244;0,917385438448365;1,16755914038766;10,3377347146901;0,00181097798578923;0,00181097798578923;0,00267713789996892;0,178417332880935;0,00964719172612864;0,40678009055219;0,676460478860746;0,43860881352069;3,76370507646987;16162194,4650569;2873,5678907002;1,94117956833621;0,0667363174727366;25,9060281927993;0,269037087981777;0;0
OVCAR-8 R3;bayesynergy;2.5.1;Bayesian;154;PASS;Navitoclax (ABT-263);Niraparib (MK-4827);1,62962096383452;1,62962096383452;2,29324281797448;2,39363596033421;0,072505477887107;2,51025584275927;0,710618583894182;0,953549786966426;14,5757484513913;0,147961929498293;0,147961929498293;0,219330145625997;0,688777285339751;0,0258290309791568;1,12773723375638;0,674608267258429;0,610760436671497;10,6430465167736;30086,7911281616;11029,7819350263;1,82257131902718;0,0683695950691594;21,3627103710327;0,343507800875166;0;0
OVCAR-8 R1;bayesynergy;2.5.1;Bayesian;155;PASS;Pictilisib (GDC-0941);Trametinib (GSK1120212);1,62753044868467;1,62753044868467;1,99990566390666;2,22860401406488;0,0563674770590527;2,09458512015759;0,813803609868985;1,06398780620811;13,1119103408724;0,135212605137419;0,135212605137419;0,200417731473125;0,474143016438048;0,0167204813423054;0,738517203529259;0,674653904839504;0,642020272746786;7,85264713528342;1042,73874854507;16,6033046685498;1,24359070862079;0,0771561109735696;18,1923419035042;0,146909879585908;0;0
OVCAR-8 R2;bayesynergy;2.5.1;Bayesian;156;PASS;AZD8055;Trametinib (GSK1120212);1,62137019510433;1,62137019510433;1,84710923516528;1,99328534439559;0,0513378819128828;1,74736444391813;0,877787931670026;1,14074273396431;9,44447678245799;0,237760919960424;0,237760919960424;0,352409771987293;0,579526729237332;0,0237851616640561;0,838245464042676;0,674671756744013;0,691356832928627;6,85759682923383;166,519582266366;50,9305868523045;1,1412927613219;0,054341146916026;20,3015878157784;0,0914007855657862;0;0
OVCAR-8 R1;bayesynergy;2.5.1;Bayesian;157;PASS;Flunarizine 2HCl;Trametinib (GSK1120212);1,61266508228662;1,61266508228662;1,94854816896967;2,02605554220617;0,0715685875801168;1,87401337350955;0,827623924298133;1,08114125832409;11,1763618059249;0,903519044759156;0,903519044759156;1,33494055583697;1,40548899612238;0,0566298218789824;1,52550930363626;0,676823429184589;0,921324434254319;11,3128460365896;21303,3029676315;15,3096845343049;1,52224887170507;0,057141592208408;15,1875372561048;0,189980882708434;0;0
OVCAR-8 R1;bayesynergy;2.5.1;Bayesian;158;PASS;Adavosertib (MK-1775);Trametinib (GSK1120212);1,60567525422563;1,60567525422563;1,98757948067369;2,07722879520785;0,0975033458934815;1,89932820811412;0,807854614036053;1,09367150574553;9,6074774804345;1,24151848737013;1,24151848737013;1,83937791220119;2,21073379726304;0,136697850779838;2,41377756596521;0,67496650858681;0,915881325783645;11,7596127979894;552,897444776343;17,6007892255824;1,75967832463802;0,0769636027009963;33,9625043069064;0,481129191132767;0;0
OVCAR-8 R1;bayesynergy;2.5.1;Bayesian;159;PASS;Entrektinib (RXDX-101);Niraparib (MK-4827);1,59519554612128;1,59519554612128;2,30383669280716;2,56781537694585;0,0813248742097651;2,8351932032935;0,69240825580288;0,905700000019245;16,531369907482;0,136832082896301;0,136832082896301;0,202828563565622;0,585225736982621;0,0236874554114881;0,981427464534126;0,674619395270883;0,596300550097629;8,87501991986648;4108,00191430415;7541,30347574505;1,36135951672884;0,0936382285320011;13,8819214690359;0,319545149429709;0;0
OVCAR-8 R3;bayesynergy;2.5.1;Bayesian;160;PASS;Afatinib (BIBW2992);Trametinib (GSK1120212);1,56759707655955;1,56759707655955;2,14658078154851;2,33302809756737;0,0760830483975944;2,4355802582941;0,730276302682962;0,95790100100882;15,9929849455401;0,890995575880312;0,890995575880312;1,22025008442076;1,40937372534052;0,0388356081818713;1,60041871736401;0,730174566063039;0,880628119409806;14,2262554039408;4502,50153228804;155,540122500968;1,27721411212942;0,0819122218175325;10,9650769212009;0,29344942271669;0;0
OVCAR-8 R3;bayesynergy;2.5.1;Bayesian;161;PASS;Panobinostat (LBH589);Trametinib (GSK1120212);1,55912883094425;1,55912883094425;1,95965549322434;2,09577296698265;0,055347432955226;1,96726183742276;0,795613737381419;1,06533021368305;11,1895582816682;0,177027182259254;0,177027182259254;0,26239782641096;0,54606478700912;0,0232755881219118;0,867594116971445;0,674651862329069;0,629401209998169;7,97285942041002;179,451035521662;91,8570959962884;1,14395935268971;0,0689293971203897;16,7491183788109;0,199348424407486;0;0
OVCAR-8 R2;bayesynergy;2.5.1;Bayesian;162;PASS;Olaparib (AZD2281);Panobinostat (LBH589);1,55620190370443;1,55620190370443;1,96765493648116;1,97634909541794;0,0525774200421722;1,88348811393584;0,790891672544705;1,0493098573186;14,3746026955044;0,312655608460653;0,312655608460653;0,463474189629126;1,0259254910678;0,0390101937506332;1,51735060518661;0,674591197216055;0,676129490152757;11,5353808949436;35639,277250013;194,544002328158;1,48111684469802;0,0765481312098081;20,1146971912259;0,512385374884466;0;0
OVCAR-8 R3;bayesynergy;2.5.1;Bayesian;163;PASS;LJH-685;Paclitaxel (NSC 125973);1,55568045038824;1,55568045038824;2,08368253283222;2,09359317067172;0,0569950476074027;2,06274101727451;0,746601474013271;1,01496471818354;10,6422619685421;0,192337387222784;0,192337387222784;0,28511095036298;0,737569486530371;0,0264861493342575;1,19416002860611;0,67460540178452;0,617647106637209;9,60265289010418;6367,72987416217;10,7827256136584;1,04427491697111;0,0716553910463777;16,1923110576741;0,156825474821174;0;0
OVCAR-8 R1;bayesynergy;2.5.1;Bayesian;164;PASS;Lapatinib Ditosylate (Tykerb);Trametinib (GSK1120212);1,54164166620505;1,54164166620505;1,30090048413572;1,69484571438212;0,0368252689185498;1,24685760112351;1,18505733913172;1,35930306005997;6,83017866403096;1,12802943457997;1,12802943457997;1,26070174657615;1,37247180330982;0,0450510209280802;1,21901160784593;0,894763125095609;1,12588903540883;7,56375460071932;3360,38711724827;16,7436218268468;2,43700691700815;0,0512690664790609;23,0720187269897;0,184860481571451;0;0
OVCAR-8 R2;bayesynergy;2.5.1;Bayesian;165;PASS;MK-2206 2HCl;Trametinib (GSK1120212);1,53664947221355;1,53664947221355;2,14150891913173;2,49448219348073;0,111355252148476;2,69254097507663;0,717554551599337;0,926446330753457;15,0234578512342;0,232362958560164;0,232362958560164;0,344428862965161;0,667001050952918;0,0303003317430711;0,965479258086917;0,674632655811042;0,690849694973842;6,0640054015944;12571,0709241364;54,8589527777616;1,27053459304952;0,0616217560380055;20,5296085984;0,332853985083722;3;0
OVCAR-8 R1;bayesynergy;2.5.1;Bayesian;166;PASS;AZD8055;Trametinib (GSK1120212);1,50685059988391;1,50685059988391;1,53383803483696;1,79907359389484;0,0457397709281881;1,46958965853009;0,982405290297866;1,22420484555569;8,17970627723542;0,0993867824209324;0,0993867824209324;0,147314665164077;0,387413386053125;0,0193256352005397;0,625097469477166;0,674656405119185;0,619764764648878;6,46803363360763;140,376326130417;15,1938926686167;1,10437126520689;0,0501159019884198;22,9962738646199;0,124368348278717;0;0
OVCAR-8 R1;bayesynergy;2.5.1;Bayesian;167;PASS;Carboplatin (NSC 241240);Cucurbitacin I (JSI-124);1,50488692691687;1,50488692691687;2,05741972051457;2,15590233163889;0,060706234710226;2,24046228400157;0,731443813778793;0,96226486043251;12,6062733511269;0,0390784159536707;0,0390784159536707;0,0579141186931441;0,414160108486227;0,0221882634843581;0,815559702034797;0,67476492495252;0,507823164206017;6,4528151442777;19650,8521152471;153,476756334177;1,20104451674096;0,0874529234522059;30,6234297414351;0,250241685990242;0;0
OVCAR-8 R1;bayesynergy;2.5.1;Bayesian;168;PASS;Paclitaxel (NSC 125973);Panobinostat (LBH589);1,47586320401325;1,47586320401325;1,42951010870276;1,69404521386128;0,0393784329091839;1,36674525892962;1,03242586045968;1,23948209296323;7,57141451015538;2,07312140175189;2,07312140175189;2,20302561562147;2,49796045922382;0,0685453447758359;2,08373070179924;0,941033725187562;1,19879236653129;11,9394084539615;13,4781503845031;120,103598456284;2,93594346270509;0,0767851135553388;5,56068219528981;0,391694799942918;0;0
OVCAR-8 R3;bayesynergy;2.5.1;Bayesian;169;PASS;Carboplatin (NSC 241240);Panobinostat (LBH589);1,47397995331296;1,47397995331296;2,15329932379164;2,44308574345488;0,0721473470236585;2,69964164976804;0,684521625501421;0,904973834303782;20,0996244731531;0,22419525029249;0,22419525029249;0,332341336878198;1,32077149476837;0,114061156159092;2,45174087778828;0,674593333463831;0,538707620668233;20,5860255779469;38198,7145346489;167,39641593454;1,68465149429629;0,100457540281148;15,2490235659725;0,424383440681245;0;0
OVCAR-8 R3;bayesynergy;2.5.1;Bayesian;170;PASS;Olaparib (AZD2281);Paclitaxel (NSC 125973);1,46296767861742;1,46296767861742;2,04096133749458;2,066679174699;0,0662964999003613;2,1100067097396;0,716803229802143;0,979475112433746;12,1049946467659;0,670835459945898;0,670835459945898;0,994445597029882;1,34966827837785;0,04423883890699;1,67873057842055;0,674582362222214;0,803981470122318;12,5524862631407;30739,7954240294;11,4961761817596;1,30828048027455;0,0771141759701448;12,2593664826874;0,24424840454178;0;0
OVCAR-8 R1;bayesynergy;2.5.1;Bayesian;171;PASS;Sorafenib (Nexavar);Trametinib (GSK1120212);1,46181220455276;1,46181220455276;1,71538417441444;1,76559378608985;0,0469469321362351;1,53172296408326;0,852177737416615;1,15269270140142;8,55667456259828;0,160497782059976;0,160497782059976;0,237887228778062;0,415334597275213;0,016547377704633;0,582337243258119;0,674680111599068;0,713220049178819;4,49230654533402;5167,4549601733;15,1064971510352;0,911989555321957;0,0533790031371659;11,340241861413;0,140704379196825;0;0
OVCAR-8 R3;bayesynergy;2.5.1;Bayesian;172;PASS;Lapatinib Ditosylate (Tykerb);Paclitaxel (NSC 125973);1,45683814439216;1,45683814439216;1,93467286549841;2,11929522820965;0,0615345567526673;2,16790727888303;0,753015235997976;0,977583312295969;10,6751207465213;0,357931639790716;0,357931639790716;0,530538874135732;0,755218676303268;0,0252596322058821;1,02342557997391;0,674656763604364;0,737932186845005;7,77346411962625;7707,15332247335;9,97315077960391;0,961607463869889;0,0753550269608613;20,1042177362816;0,120901656972784;0;0
OVCAR-8 R2;bayesynergy;2.5.1;Bayesian;173;PASS;Erlotinib;Niraparib (MK-4827);1,443494429318;1,443494429318;1,89234223615961;1,96207644265383;0,0589335713776906;1,95223479218358;0,762808334420248;1,00504978603858;11,5723271494305;0,142299001426347;0,142299001426347;0,210917682134559;0,444471079605903;0,0173763176803064;0,712884057871363;0,674666059223826;0,623482983941416;7,08665287078716;10786,0632822216;4220,09760632262;1,47367632331615;0,0455250356009809;12,300683434266;0,191107082254802;0;0
OVCAR-8 R1;bayesynergy;2.5.1;Bayesian;174;PASS;Alpelisib (BYL719);Trametinib (GSK1120212);1,43529358822822;1,43529358822822;1,77889405047112;1,90339871729903;0,0485018876198111;1,83333224312392;0,806846022025931;1,0382258671561;10,3279461521228;0,554275119341195;0,554275119341195;0,815740937697472;1,04645103385205;0,0318496339328232;1,30494033481656;0,67947444308202;0,801914850765303;8,97168836804043;2634,2402328883;17,5210188573967;1,40453260845928;0,0737491914098618;28,673310057755;0,221155507931033;0;0
OVCAR-8 R1;bayesynergy;2.5.1;Bayesian;175;PASS;Carboplatin (NSC 241240);Entrektinib (RXDX-101);1,43131617429485;1,43131617429485;2,06033911457955;2,27211613181064;0,0689105388386899;2,52469623699483;0,694699316324408;0,899962855036358;15,4058842039557;0,0650146408911363;0,0650146408911363;0,0963679567870598;0,50586540268303;0,0205038720222625;0,936457981069377;0,674649988012057;0,540190177145335;8,50293661287535;23364,2020109252;3997,27051615674;1,77573031742714;0,111234060907899;59,6027781659279;0,393920833946719;0;0
OVCAR-8 R1;bayesynergy;2.5.1;Bayesian;176;PASS;Paclitaxel (NSC 125973);Tamoxifen (ICI 46474);1,41812369690808;1,41812369690808;1,6341374969082;1,76677042057684;0,0417780947621265;1,64543408613093;0,867811735298393;1,0737502715158;10,9582307547998;0,602003182750913;0,602003182750913;0,888990219012052;1,11678500236821;0,036882517355976;1,3721587922006;0,677176384932478;0,813889040186934;8,95698270756688;13,1799095943002;16149,0892986313;1,4710567711599;0,0691344016875941;32,6817573630284;0,208815910429023;0;0
OVCAR-8 R1;bayesynergy;2.5.1;Bayesian;177;PASS;Niraparib (MK-4827);Vinorelbine ditartrate (Navelbine);1,41790704156468;1,41790704156468;1,40644555798569;1,69921037443631;0,0358323692294679;1,35960343827779;1,00814925505926;1,2497905599018;8,63160045607136;8,94744033866653;8,94744033866653;2,61132509291981;9,04695329913738;0,063285175892365;2,73754915710114;3,42639848363809;3,30476377955435;20,7592725431748;7446,1637054745;289,276210938785;215,180874709893;0,0730178851004114;3,57031789513476;0,888144143861447;0;0
OVCAR-8 R1;bayesynergy;2.5.1;Bayesian;178;PASS;Navitoclax (ABT-263);Niraparib (MK-4827);1,41645310333204;1,41645310333204;1,98088157391872;1,96654765288031;0,0593295349150254;1,98332217112264;0,71506198148429;0,991554049400491;10,8619705398433;1,04122707434823;1,04122707434823;1,49411051345448;1,54161279117019;0,0445285182200767;1,68727208362874;0,696887589620693;0,913671722615545;10,6516689438846;18080,7734085757;9031,19579419102;1,3455158523127;0,0724293382688841;26,7760048561182;0,313026318570946;0;0
OVCAR-8 R3;bayesynergy;2.5.1;Bayesian;179;PASS;Cerdulatinib (PRT062070, PRT2070);Paclitaxel (NSC 125973);1,41151095210357;1,41151095210357;1,98044999400981;2,21915305176014;0,0648636870734133;2,37505298537051;0,712722339050676;0,934367657389305;13,8441423095385;0,678733769144177;0,678733769144177;1,00360714105738;1,26246995332119;0,0448030813929163;1,58306639917371;0,676294280278912;0,797483892008662;12,6322048059544;34033,9085795368;10,0838611993232;1,621058324111;0,0817571001602831;159,294547342205;0,296211411531148;0;0
OVCAR-8 R1;bayesynergy;2.5.1;Bayesian;180;PASS;Tamoxifen (ICI 46474);Trametinib (GSK1120212);1,41117849484022;1,41117849484022;1,41125597124612;1,65908801205016;0,0564275111083496;1,43024987416177;0,999945101096135;1,16000922861111;9,00299422447616;2,22127852680179;2,22127852680179;1,81961085848789;2,40933817330151;0,0574045202228669;1,75121612875751;1,22074371915306;1,37580857881371;11,8615933724688;15739,9622572629;14,9128323676332;2,41022984104825;0,0527645124768121;13,8196896148126;0,269262130220257;0;0
OVCAR-8 R3;bayesynergy;2.5.1;Bayesian;181;PASS;Everolimus (RAD001);Trametinib (GSK1120212);1,39337245035808;1,39337245035808;1,80210959275882;1,98440130679512;0,0683823345553022;1,9668895905544;0,77318963061785;1,00890883061075;13,7683534327794;0,41122852210021;0,41122852210021;0,603705263793402;0,788110416572987;0,0293494310197863;0,97035271434969;0,681174319263413;0,812189634674399;6,29639600799732;50,4988123116076;55,6706414914439;0,977432894326839;0,0589192670108365;31,5669722443538;0,130482206870905;0;0
OVCAR-8 R2;bayesynergy;2.5.1;Bayesian;182;PASS;Dabrafenib ;Paclitaxel (NSC 125973);1,39202183087261;1,39202183087261;1,84009897691782;1,83690694430887;0,0651196595260963;1,80643184852025;0,756492910617372;1,01688403354866;12,295304005844;3,23138240997825;3,23138240997825;3,04905878214374;3,4707435691299;0,103971750900222;2,68593153658852;1,05979669165523;1,29219361024302;15,0375094020773;152139,729049459;10,7003705891293;2,47235145612363;0,0622070847663937;9,20631959971159;0,425676297427983;0;0
OVCAR-8 R3;bayesynergy;2.5.1;Bayesian;183;PASS;Idasanutlin (RG-7388);Trametinib (GSK1120212);1,3863735628985;1,3863735628985;1,67666692567565;1,84258278958419;0,0492688005564279;1,73756063735865;0,826862832246681;1,06045031141727;10,179427545028;0,240127533366204;0,240127533366204;0,355930654119295;0,593868399684799;0,0234604708737402;0,858971337291333;0,674646958858795;0,691371613816003;7,20676762209083;22834,0377107098;62,0706935264174;0,814435719291936;0,0494646635979303;12,4143981118942;0,150931548555112;0;0
OVCAR-8 R3;bayesynergy;2.5.1;Bayesian;184;PASS;Trametinib (GSK1120212);Vismodegib (GDC-0449);1,36310716847164;1,36310716847164;1,91117165197763;2,00374397404413;0,0843298620623027;2,1040240267829;0,713231156950834;0,952348246519298;17,4440990790241;1,06711971689917;1,06711971689917;1,50484381838403;1,49219635763701;0,0522223868485161;1,56097897871105;0,709123235157447;0,955936228474495;9,20108040687222;99,3155247499002;70056,7044788184;1,36265362731875;0,0551048879238042;8,62570827250289;0,268480527837498;0;0
OVCAR-8 R2;bayesynergy;2.5.1;Bayesian;185;PASS;Nutlin-3a;Trametinib (GSK1120212);1,36160152890844;1,36160152890844;1,35309346300809;1,64435585523501;0,0386738779644942;1,41471018217736;1,00628786268868;1,16233311535749;8,59629846355125;0,736068368942759;0,736068368942759;1,09118622729706;1,48401064286847;0,065492979197806;1,74187921696282;0,674557972350927;0,851959555184325;9,88254250280037;4038,44006208799;53,9640030316254;1,76082149697239;0,0480086842813133;9,3175829409355;0,260790890794918;0;0
OVCAR-8 R3;bayesynergy;2.5.1;Bayesian;186;PASS;Binimetinib (MEK162);Carboplatin (NSC 241240);1,36112903924996;1,36112903924996;1,74624486447745;1,8923861724473;0,0482963945845288;1,87436598295577;0,77946058249813;1,00962192233426;10,6865103492685;0,0997212736564072;0,0997212736564072;0,147811715334867;0,58185956887123;0,0312567645100058;1,03322168964626;0,674650675898653;0,563150749448975;8,52982677265583;14987,9797776783;504196,739220661;1,79550026942235;0,0654873847056525;51,6861460710734;0,313715049062387;0;0
OVCAR-8 R3;bayesynergy;2.5.1;Bayesian;187;PASS;Metformin;Paclitaxel (NSC 125973);1,3597588853236;1,3597588853236;1,86580491926199;2,05528629669841;0,0594578999562657;2,15034640381345;0,728778700970219;0,955800362485361;11,1483597338883;0,352827611751721;0,352827611751721;0,523016451060261;0,934697911307626;0,0373067985220587;1,36368959825883;0,674601364902515;0,685418377100664;12,3371395465761;200311,743973679;10,6437392934528;1,22390494753403;0,0744556875893887;13,8816035716811;0,177700560840479;0;0
OVCAR-8 R2;bayesynergy;2.5.1;Bayesian;188;PASS;Niraparib (MK-4827);Trametinib (GSK1120212);1,35790401396857;1,35790401396857;1,72528747261063;1,85777995919796;0,0535324641408006;1,83959219281893;0,787059568637483;1,00989369713083;11,1733956093536;0,194831527993328;0,194831527993328;0,288799151992838;0,712591518253435;0,0298899602663742;1,17180740988249;0,674626385323182;0,608113169658907;8,86854869184409;7608,83524745438;67,6422944942046;1,02651861478485;0,0603720453215202;14,7623499973667;0,183099575873147;0;0
OVCAR-8 R3;bayesynergy;2.5.1;Bayesian;189;PASS;Alectinib (CH5424802);Paclitaxel (NSC 125973);1,35768745643049;1,35768745643049;1,91977209867156;2,16165775620169;0,0611128170152611;2,39794806983317;0,707212828736277;0,901467829601066;16,1960728189794;0,176947693466882;0,176947693466882;0,26229287252895;0,738171032294583;0,0267878206513539;1,22673711576125;0,674618763982433;0,601735304826507;9,98432439577235;24363,0380788997;9,103515230205;0,992267919887038;0,0842484409883849;13,5936237879861;0,157756777591087;0;0
OVCAR-8 R3;bayesynergy;2.5.1;Bayesian;190;PASS;Paclitaxel (NSC 125973);Volasertib (BI 6727);1,34075839190323;1,34075839190323;1,81943115744333;2,02291353685614;0,0529528294834191;2,05438291490736;0,736910757199119;0,984688009746844;10,5767081274289;0,381372905275063;0,381372905275063;0,565306403906751;0,919923463829502;0,0310599929525736;1,25818068031792;0,67463043517542;0,731153703295662;9,09076183322913;10,5888484849288;520,719434357398;1,37586000136744;0,0830962436905174;16,0943503532129;0,2105946159773;0;0
OVCAR-8 R3;bayesynergy;2.5.1;Bayesian;191;PASS;Luminespib (NVP-AUY922);Paclitaxel (NSC 125973);1,34023626171851;1,34023626171851;1,96192466468494;2,32546495654482;0,120494862024505;2,50959718490326;0,683123203374241;0,926636693433371;12,4480186542603;1,13067173989376;1,13067173989376;1,5846307184751;1,79681719348212;0,0812910301585982;2,02454575617562;0,713523805080477;0,887516218391783;15,1064723321738;17,4215748831041;10,2653416505761;1,51441218579217;0,0832702200189763;18,3390034690386;0,338487064886961;0;0
OVCAR-8 R2;bayesynergy;2.5.1;Bayesian;192;PASS;Panobinostat (LBH589);Trametinib (GSK1120212);1,32949970977197;1,32949970977197;1,74828879503368;1,92675250105475;0,0525038790167509;1,93220405843345;0,760457719313108;0,997184650045509;10,9739070332195;0,229905501035953;0,229905501035953;0,340770694717125;0,672835909688925;0,0258888706007213;1,01061717676998;0,674663357501439;0,665767340150865;8,96421682567951;178,846103890156;65,4257272766173;1,28755047579287;0,0717340288817163;20,3426788097346;0,20502791471801;0;0
OVCAR-8 R1;bayesynergy;2.5.1;Bayesian;193;PASS;Nutlin-3a;Olaparib (AZD2281);1,32940440777212;1,32940440777212;1,97085974657637;3,04568515385681;0,216619156903594;3,64652075974796;0,674530194287775;0,835237273111151;15,8743137563093;0,201673321397992;0,201673321397992;0,298955967426552;0,771480511320763;0,0361117618999732;1,24652177652674;0,674592058268713;0,618906565331245;10,28939892956;19795,1100202779;20095,5324187483;1,68072150335705;0,0636027798126747;17,9418168903905;0,711206178279237;0;0
OVCAR-8 R1;bayesynergy;2.5.1;Bayesian;194;PASS;Cucurbitacin I (JSI-124);Trametinib (GSK1120212);1,28603034017251;1,28603034017251;1,51099636695818;1,63805977386528;0,0475842632420551;1,49645543667221;0,851114118005094;1,09463422676025;8,84522888985272;0,83969252662481;0,83969252662481;1,13063755947701;1,19108975369011;0,0353242744444536;1,2621176363519;0,742671707291611;0,943723246854319;8,20708482262737;153,870735262351;15,4437489214048;1,34959210864406;0,0593991073929847;15,7278027581327;0,226411263647875;0;0
OVCAR-8 R2;bayesynergy;2.5.1;Bayesian;195;PASS;Olaparib (AZD2281);Selumetinib (AZD6244);1,25872348979103;1,25872348979103;1,80669402426888;1,89203400507996;0,0483473351284628;2,08679861405358;0,69669986886706;0,90667855944804;13,5727723725371;0,111054764560617;0,111054764560617;0,164611675128679;0,609875883330216;0,0284421403553621;1,09949813459022;0,674646950004024;0,554685691720174;10,181929140084;26928,2675316938;22061,4881115294;1,58799080438193;0,0610785042644754;22,9949755624629;0,317163224045108;0;0
OVCAR-8 R2;bayesynergy;2.5.1;Bayesian;196;PASS;Trametinib (GSK1120212);Vemurafenib (PLX4032);1,24331165770958;1,24331165770958;1,83250201467218;1,56144103199218;0,0905629980684303;1,58967173173326;0,678477648458139;0,982267315640416;8,97351998256524;4,4091415209895;4,4091415209895;2,35463367985731;4,52530015937109;0,0641589770310564;2,40418682091942;1,87253820358871;1,88225811737896;13,5487722307187;60,4777762742047;555364649,846677;10,031939436973;0,0584101310340799;11,6140684073129;0,609351468738498;0;0
OVCAR-8 R1;bayesynergy;2.5.1;Bayesian;197;PASS;Cobimetinib;Trametinib (GSK1120212);1,21363451858836;1,21363451858836;1,05226349318701;1,39721799122575;0,0330728489815745;1,09131052244436;1,15335609991809;1,2803158935403;8,45464226085241;9,1786529284202;9,1786529284202;2,25766725913779;9,25295566809508;0,0574007172824607;2,33632841857271;4,0655472551458;3,96046873998469;18,6671228588366;532,328749953149;16,6616220359532;219,30917567349;0,0628901875812608;3,18593171934614;0,915721570923265;0;0
OVCAR-8 R2;bayesynergy;2.5.1;Bayesian;198;PASS;Niraparib (MK-4827);Temsirolimus (CCI-779);1,19554019255255;1,19554019255255;1,7015406052294;1,9709348573577;0,0510050495836211;2,13802705131655;0,702622193603994;0,921855870963031;15,2871100845316;0,14333513318424;0,14333513318424;0,212467455051743;0,610176200264024;0,0237719703729994;0,991461696444942;0,674621593925208;0,61543093641632;6,52640137309905;11705,727726677;703,782145947675;1,28712957652467;0,0663650988794762;17,9821377671598;0,183855049162961;0;0
OVCAR-8 R2;bayesynergy;2.5.1;Bayesian;199;PASS;Alectinib (CH5424802);Paclitaxel (NSC 125973);1,19355130037033;1,19355130037033;1,72894682890675;2,03721706028458;0,0620244462261692;2,37932496415345;0,690334300867445;0,856223623248076;16,9492662596972;0,170845085047169;0,170845085047169;0,25324193070393;0,674165116096127;0,0258635204590651;1,1231496037466;0,674631900697786;0,600245162218145;10,3584740070513;2419835,77743862;12,272545415184;1,02307623034671;0,0852106380607279;26,5616914780305;0,166833879535537;1;0
OVCAR-8 R2;bayesynergy;2.5.1;Bayesian;200;PASS;Paclitaxel (NSC 125973);Ruxolitinib (INCB018424);1,19268208369838;1,19268208369838;1,45871558401937;1,54885397350807;0,0456456198238055;1,47131326428327;0,817624831574116;1,05271414889848;9,46347783608505;2,95393298863346;2,95393298863346;3,45523544329347;3,46569627708105;0,11287434027247;3,04960365111749;0,854915109871012;1,13644154243162;13,8955831995552;13,4522170189534;2325243300,43046;2,46416703722796;0,0708500715528198;6,81996664513146;0,52612354995649;0;0
OVCAR-8 R2;bayesynergy;2.5.1;Bayesian;201;PASS;Paclitaxel (NSC 125973);Volasertib (BI 6727);1,18742910352841;1,18742910352841;1,53897235073126;1,75782459413823;0,0445250539690221;1,82132227527966;0,771572733560927;0,965142787091672;13,4264564853634;0,241574678601491;0,241574678601491;0,358063512815286;0,617549556358644;0,0225166675291237;0,90351602010521;0,674669911776552;0,683495967549898;6,6906584356129;13,4219701713208;285,110655077841;1,27059221477242;0,0830114121966164;15,7178954518245;0,188804290829042;0;0
OVCAR-8 R1;bayesynergy;2.5.1;Bayesian;202;PASS;AZD8055;Paclitaxel (NSC 125973);1,17362996643491;1,17362996643491;1,38586721843571;1,45686462393913;0,0446691427007652;1,33225303850515;0,846855998051271;1,09354666745838;7,61706278499781;4,07053109889112;4,07053109889112;2,60139283467217;4,0690641275046;0,0933048477885214;2,47076907546725;1,56475063844177;1,64688159970397;14,6387010757254;141,32055211222;11,9417995389457;3,44778423718618;0,0668608437534726;18,2486365005557;0,329615929648313;0;0
OVCAR-8 R1;bayesynergy;2.5.1;Bayesian;203;PASS;Adavosertib (MK-1775);Niraparib (MK-4827);1,17303787948538;1,17303787948538;1,66445021855389;1,7021723279043;0,0440617615313922;1,77295707877595;0,704759966029229;0,960085334526251;10,641058433169;0,104450860912899;0,104450860912899;0,154821781757837;0,491545645467041;0,017750589660329;0,826882022824054;0,674652233858632;0,594456805081169;6,18593362667994;527,793137402195;7214,60547552475;1,32525112917378;0,0769822142182987;14,7978997256296;0,208208157606445;0;0
OVCAR-8 R1;bayesynergy;2.5.1;Bayesian;204;PASS;Carboplatin (NSC 241240);Niclosamide (BAY2353);1,16977750448968;1,16977750448968;1,48551676053622;1,55459784681966;0,0403551980751263;1,49888135170206;0,787454935255951;1,03718155815341;8,77048887871873;0,0576262399012949;0,0576262399012949;0,0854067571511598;0,380700595301458;0,0166589683748709;0,693206923304178;0,674726939922369;0,54918752612401;5,81925790638261;26115,1378004657;2465,11883033974;1,09322371848209;0,0720797866611222;13,2251737057007;0,274763209851384;0;0
OVCAR-8 R2;bayesynergy;2.5.1;Bayesian;205;PASS;Entrektinib (RXDX-101);Niraparib (MK-4827);1,16871750990566;1,16871750990566;1,7272303580608;2,15849740408183;0,0741020108194472;2,59117084852975;0,676642524519898;0,833028120590812;19,4514336332627;0,16139949711629;0,16139949711629;0,239239511616297;0,631051763934576;0,0238873180940086;1,05793568594334;0,674635623630388;0,596493503640424;10,3283610951578;5638,46114535876;10312,835730183;1,55331792195202;0,0882674587311859;31,4489706992899;0,351755551759825;0;0
OVCAR-8 R2;bayesynergy;2.5.1;Bayesian;206;PASS;Adavosertib (MK-1775);Paclitaxel (NSC 125973);1,16291772016628;1,16291772016628;1,60221216605877;1,81135778453831;0,0441884676113968;1,93113186702536;0,725820053549401;0,937983233208586;11,0640378782191;0,0941161975946718;0,0941161975946718;0,139499100733388;0,513906299152474;0,0209062956596173;0,905700112703239;0,674672432294367;0,567413310371156;8,73791413626094;1004,93756011779;12,8941633844688;1,22229481683093;0,0858637978734361;14,3397817056672;0,248831363399018;0;0
OVCAR-8 R2;bayesynergy;2.5.1;Bayesian;207;PASS;Paclitaxel (NSC 125973);Simvastatin (MK 733);1,15428441652544;1,15428441652544;1,59623436172589;1,83568181511905;0,0502108929405258;1,97878459116202;0,723129663289165;0,927689424390747;12,0580131363977;0,251571606103165;0,251571606103165;0,372908607399445;0,780419998845392;0,0321090728234961;1,19306106528835;0,674620003698899;0,654132484540325;8,41192226853884;14,425273350749;45610,5509993741;1,14535722599223;0,074480022733455;16,3099857541149;0,174251925045149;0;3
OVCAR-8 R1;bayesynergy;2.5.1;Bayesian;208;PASS;MK-2206 2HCl;Trametinib (GSK1120212);1,13706543141617;1,13706543141617;1,46104074112549;1,5904613055964;0,0409770891810184;1,51984441577939;0,778257169297177;1,04647011886585;8,38996345571933;0,293641097759429;0,293641097759429;0,435273563133036;0,729429217300026;0,0279939330864873;1,02811207303131;0,674612755357443;0,70948414714104;7,30270976388312;3757,01498796234;17,4207820851902;1,01416940562336;0,0692658957028183;57,5682762136006;0,151855852516022;0;0
OVCAR-8 R1;bayesynergy;2.5.1;Bayesian;209;PASS;Metformin;Paclitaxel (NSC 125973);1,09621137323476;1,09621137323476;1,52392602555202;1,6405439307013;0,0433146690462076;1,78387584646419;0,719333717552118;0,919662029346889;12,3165543499983;0,296597591627817;0,296597591627817;0,439652715324938;0,798395807854871;0,0278938584726614;1,13562093991709;0,674617900195629;0,703047803885299;9,13353395851632;2761922,07014636;14,8955392687829;1,07870853115902;0,0817537096490755;19,8072263324435;0,169693341752215;0;0
OVCAR-8 R3;bayesynergy;2.5.1;Bayesian;210;PASS;Crizotinib (PF-02341066);Trametinib (GSK1120212);1,08247995175846;1,08247995175846;1,50930310042798;1,7614906099447;0,0679493693386825;1,93937045402674;0,717205146833338;0,908287322578527;11,2479089375393;0,298858799499434;0,298858799499434;0,44299271341454;0,695272893107069;0,024715828490221;0,936878501106874;0,67463592616651;0,742116392131573;5,8961340563728;7833,76811671137;206,77288124573;1,02066593291693;0,0566608691485989;24,4082280212676;0,20115974410503;0;0
OVCAR-8 R3;bayesynergy;2.5.1;Bayesian;211;PASS;Paclitaxel (NSC 125973);Simvastatin (MK 733);1,06168221652062;1,06168221652062;1,47438618859992;1,60138298605459;0,0466178058475756;1,71207803379648;0,720084211809386;0,935356926480988;9,79675857403796;1,02118083202144;1,02118083202144;1,49197998402027;1,6866663266475;0,0495641444918937;1,94040359102009;0,684446737194007;0,869234799633001;12,531121425979;11,1917680371804;30945,9142626874;1,04096575725676;0,0740132502713102;12,7542992917625;0,230990284045332;0;0
OVCAR-8 R1;bayesynergy;2.5.1;Bayesian;212;PASS;Flavopiridol (L86-8275) HCl;Trametinib (GSK1120212);1,05929120164926;1,05929120164926;0,739448553809794;1,12009444273571;0,0201681239574494;0,733949503868787;1,43254212371039;1,52612455925256;4,70758983597414;4,70116195639515;4,70116195639515;1,49258834630638;4,66945194923145;0,0552784955964499;1,58795387301895;3,14967081716055;2,9405463398972;10,0528474054924;81,154682907846;16,1836176884014;19,8379329073047;0,0499313672476199;2,17380529634217;0,640976293038905;0;0
OVCAR-8 R3;bayesynergy;2.5.1;Bayesian;213;PASS;Dasatinib (BMS-354825);Paclitaxel (NSC 125973);1,05909739874922;1,05909739874922;1,43072487159045;1,67598295138002;0,0398554969869829;1,81065354122854;0,740252315297968;0,925630951158441;11,2952666226146;0,64881354925388;0,64881354925388;0,932378519522084;1,14840376821408;0,030208037607744;1,41022134394479;0,695869258749598;0,814342920808211;11,1892923165229;81,3106003271713;10,8569064581151;1,25655934944541;0,0909901172569587;16,8688230473416;0,159198079943971;0;0
OVCAR-8 R3;bayesynergy;2.5.1;Bayesian;214;PASS;Paclitaxel (NSC 125973);Pertuzumab (anti-HER2);1,0547567537269;1,0547567537269;1,53713907804946;1,68133808234451;0,0590578994175726;1,8729751178371;0,686181731236265;0,897695677587313;11,2272232044775;0,719322725984097;0,719322725984097;1,06105260237911;1,40540682168446;0,0534967946367317;1,78450666759488;0,6779331433439;0,78756042059436;15,025788363086;11,6440810262376;35099,5296244914;1,07470787886599;0,0781601455127368;15,6229966111785;0,212174059653242;0;0
OVCAR-8 R3;bayesynergy;2.5.1;Bayesian;215;PASS;Niraparib (MK-4827);Pictilisib (GDC-0941);1,04787435905347;1,04787435905347;1,49528540827034;1,68312644711656;0,0496729940925329;1,86002542132725;0,700785517773221;0,904903226609876;13,6568485448528;0,158571437368717;0,158571437368717;0,235029675799895;0,533817239516828;0,0205540420234265;0,863722221446969;0,674686874451232;0,618042729782428;6,05238228606259;9478,02699782096;3060,5781388267;0,873273080618602;0,0637899882685202;15,3482790552223;0,128338584938514;0;0
OVCAR-8 R2;bayesynergy;2.5.1;Bayesian;216;PASS;Trametinib (GSK1120212);Vismodegib (GDC-0449);1,02930584532309;1,02930584532309;1,17296932048893;1,28426782328322;0,0416291755539279;1,2095671292646;0,877521540711782;1,0617706770429;7,38766990993497;2,36548848464574;2,36548848464574;2,18290651560546;2,43880209169926;0,0659835163984009;1,89782957887064;1,08364168036286;1,28504799316625;10,3267649820603;51,0797317880547;533434,019885408;2,0742972703305;0,046787460225292;4,64288660981267;0,324100409296235;0;0
OVCAR-8 R1;bayesynergy;2.5.1;Bayesian;217;PASS;Selpercatinib (LOXO-292);Trametinib (GSK1120212);1,02794994307041;1,02794994307041;1,45105052772895;1,64468406926021;0,0521389570508244;1,7583548205185;0,708417745231283;0,935364302971804;9,16253716339906;0,298765218988203;0,298765218988203;0,442856729507885;0,736645209218643;0,0239561706474696;1,00142749745613;0,674631769331357;0,73559514901468;6,53397561103082;17902,5326777963;14,6234379027766;0,945076564146629;0,0662638344542816;41,538943339765;0,14641102018923;0;0
OVCAR-8 R1;bayesynergy;2.5.1;Bayesian;218;PASS;Alectinib (CH5424802);Paclitaxel (NSC 125973);1,0244888947712;1,0244888947712;1,4124141009245;1,59543521877;0,0512082027942459;1,81276714065687;0,725345983235806;0,880121716277948;12,2032668486675;1,14857824227146;1,14857824227146;1,61930037828279;1,86276642608703;0,0615105227919627;2,10072163494399;0,709305239272216;0,88672692045498;12,0269468724071;26379,4804403995;13,1694043303964;1,09692564431902;0,0796976054442721;17,919516154299;0,303990552574467;0;0
OVCAR-8 R2;bayesynergy;2.5.1;Bayesian;219;PASS;Cerdulatinib (PRT062070, PRT2070);Trametinib (GSK1120212);1,01931429362817;1,01931429362817;1,51121096155463;3,58943800050328;0,400937514225569;4,16774108494651;0,674501654341874;0,861254705769536;19,2935141903357;6,90624153920167;6,90624153920167;3,50511985127608;6,81377127803156;0,171748595101266;3,5054601258317;1,97032964127814;1,94375945908526;18,4523641855716;20658,1974072651;50,1310789830073;6,40656822671017;0,057847845834526;81,7245116383625;1,97394336536386;0;0
OVCAR-8 R3;bayesynergy;2.5.1;Bayesian;220;PASS;Flunarizine 2HCl;Trametinib (GSK1120212);1,00736461370298;1,00736461370298;1,39332096498569;1,61805960653605;0,044541860285076;1,76002313412504;0,722995375091718;0,919348451310086;12,3067442477135;0,108072327764684;0,108072327764684;0,160180569752712;0,476194708535635;0,0182496306004729;0,791326551107857;0,674690619040296;0,601767636722113;6,87955663832366;215014,386537752;100,413822684921;0,975207655168243;0,0628070938858526;20,4768345149605;0,137993708792302;1;0
OVCAR-8 R3;bayesynergy;2.5.1;Bayesian;221;PASS;Niclosamide (BAY2353);Paclitaxel (NSC 125973);0,991871795727194;0,991871795727194;1,3150866236888;1,48732107264523;0,0367359846475966;1,59743086480556;0,754225446339803;0,93108016183611;10,0695176642926;0,243858391536757;0,243858391536757;0,36143878649771;0,608521412100924;0,0205622541639927;0,889689622746319;0,674687943426631;0,683970450529166;6,88725192132428;2879,82998728824;10,4334127982542;0,80766649349745;0,0679480387024046;19,8488699584397;0,157914020238053;0;0
OVCAR-8 R1;bayesynergy;2.5.1;Bayesian;222;PASS;Niclosamide (BAY2353);Niraparib (MK-4827);0,991226066500628;0,991226066500628;1,37822537041251;1,49014401539555;0,0369622525046538;1,588580368709;0,719204629213831;0,938045783351376;10,0099013992045;0,0734704710548548;0,0734704710548548;0,1088925102092;0,398408965629398;0,0157261426185146;0,681602625573012;0,674706377084209;0,584517944446681;4,96021187538538;2439,68933617315;7831,74269823806;1,2310219691929;0,0652875373039024;22,4855124601754;0,167944605481493;0;0
OVCAR-8 R2;bayesynergy;2.5.1;Bayesian;223;PASS;Flavopiridol (L86-8275) HCl;Niraparib (MK-4827);0,987426794674982;0,987426794674982;1,46254628896244;1,81288916473431;0,0629734450955956;2,10884106318327;0,67514225165173;0,859672809174404;14,0447830223919;0,313710767606787;0,313710767606787;0,465036909073653;1,45673634525265;0,15868727319633;2,48688899789807;0,674593266654241;0,585766532597108;18,5810088216322;149,95627708324;11863,8672337274;1,54686427319817;0,0729240865071924;11,5725341926971;0,468226676726146;0;0
OVCAR-8 R2;bayesynergy;2.5.1;Bayesian;224;PASS;MK-2206 2HCl;Olaparib (AZD2281);0,986251934789741;0,986251934789741;1,43186897112255;1,7361475837271;0,0535142394779687;2,01058986562679;0,688786442530801;0,863510851767751;12,0041873928669;0,103753585413528;0,103753585413528;0,153780363477557;0,471179384303701;0,0211285601668714;0,870921581107609;0,674686826505454;0,541012410904402;10,9831645053538;12779,3209713515;19896,408086245;144,623436928714;0,0774159862717562;51,5703044916716;0,366656137062771;3;0
OVCAR-8 R2;bayesynergy;2.5.1;Bayesian;225;PASS;Cerdulatinib (PRT062070, PRT2070);Paclitaxel (NSC 125973);0,984910709996066;0,984910709996066;1,42804069108288;1,69774142266669;0,0480361693762785;1,90785184880586;0,689693729419722;0,889881019356145;12,0608793188129;0,280955320117202;0,280955320117202;0,416466945598433;0,730538712312574;0,0231287026538466;1,09412806256266;0,674616132412356;0,667690316434723;7,99579812918585;111043,426379373;11,9305041884314;1,08862071082203;0,0734665767776441;16,2919663254128;0,128090771968208;0;0
OVCAR-8 R1;bayesynergy;2.5.1;Bayesian;226;PASS;Fludarabine (Fludara);Trametinib (GSK1120212);0,980342817403201;0,980342817403201;1,4276788088846;1,57531431529091;0,0531464483358689;1,67523615986149;0,686669026186017;0,940365952049254;7,95734742815027;0,812522576650332;0,812522576650332;1,17192097236032;1,33892597992793;0,0450202823187098;1,53466520240091;0,693325399761267;0,872454772437175;11,5606838614479;9590,49257979386;16,9118800105721;1,12134726756542;0,0684368063789041;18,5367727112544;0,211609471314743;0;0
OVCAR-8 R1;bayesynergy;2.5.1;Bayesian;227;PASS;Paclitaxel (NSC 125973);Selumetinib (AZD6244);0,972192505135673;0,972192505135673;1,27722062919868;1,36714375570239;0,0376149423925076;1,40687715505676;0,761178204384018;0,97177185790677;9,67509969714821;1,49600959982518;1,49600959982518;1,96102201317593;2,12783578571943;0,0657845613264127;2,13767795279764;0,762872415390358;0,995395860697664;11,1245315929698;13,8809639729811;3433,08462384949;1,36765787274198;0,0844232026045831;10,0252209349555;0,201865183414173;0;0
OVCAR-8 R3;bayesynergy;2.5.1;Bayesian;228;PASS;Paclitaxel (NSC 125973);Trametinib (GSK1120212);0,958511687322483;0,958511687322483;1,2915471474321;1,52172464237241;0,042036877348148;1,6515796914944;0,74214223555697;0,921382804331188;11,4177164955948;0,164122861066169;0,164122861066169;0,243263908428392;0,498176388487943;0,0163861006195808;0,745853140733427;0,674669999863463;0,667928257294816;6,14393678101389;9,80567068565666;109,202442960436;0,789825431332065;0,0599245731333433;45,2900475238403;0,0763694304854028;0;0
OVCAR-8 R1;bayesynergy;2.5.1;Bayesian;229;PASS;Gedatolisib (PKI-587);Trametinib (GSK1120212);0,938981449479878;0,938981449479878;1,21807170648376;1,36249746587847;0,035751492140559;1,39503011463037;0,770875347060197;0,97668735975958;8,5090593225167;0,154039012898128;0,154039012898128;0,228315595729967;0,451117134850808;0,0159237049881092;0,698652674877642;0,674675824950268;0,645695852992782;5,34784364468724;587,252261431918;15,3886473422135;0,753936157542212;0,059320671146242;33,7325811018398;0,0788137411978094;0;0
OVCAR-8 R3;bayesynergy;2.5.1;Bayesian;230;PASS;Flavopiridol (L86-8275) HCl;Trametinib (GSK1120212);0,936098504364511;0,936098504364511;1,1652670170507;1,39247277948867;0,0617998772472019;1,40115827877737;0,803333906020773;0,993813413489782;8,95162111231086;5,76664772042458;5,76664772042458;4,00968887088309;6,0117510982221;0,163050336057283;3,48301465790459;1,43817834902351;1,72601946551635;17,0487527437609;112,208995900012;127,901116038274;9,11207728987465;0,063115145016622;4,10042357928415;1,0163215204219;0;0
OVCAR-8 R3;bayesynergy;2.5.1;Bayesian;231;PASS;Gedatolisib (PKI-587);Paclitaxel (NSC 125973);0,923191276437954;0,923191276437954;1,26082058127649;1,43452958163487;0,0388663650462897;1,57787993213091;0,732214630810745;0,909160093407309;11,18411667743;0,670339328937301;0,670339328937301;0,977858732593354;1,16760840838837;0,0342634890254796;1,40994156805727;0,685517556466987;0,828125388201153;15,4284357960102;943,9313930434;9,02482315461556;0,979403608031389;0,0736948879936034;32,9458362831924;0,153800783447464;0;0
OVCAR-8 R1;bayesynergy;2.5.1;Bayesian;232;PASS;Cobimetinib;Paclitaxel (NSC 125973);0,922819615939957;0,922819615939957;1,24240014778202;1,37859543088601;0,0356108819886504;1,48313231419812;0,742771656609512;0,929525871969203;10,1774533496279;0,600256578715052;0,600256578715052;0,864291602344928;1,07379812177979;0,0321725576047063;1,30950299657306;0,694507012548176;0,82000432575557;8,31624297222176;486,84468482089;12,9652320041905;0,884643725681516;0,0808373250607744;16,7601211194755;0,148723495449101;0;0
OVCAR-8 R1;bayesynergy;2.5.1;Bayesian;233;PASS;Niraparib (MK-4827);Panobinostat (LBH589);0,918137756484298;0,918137756484298;1,35306423007239;1,95630001787372;0,116212311214603;2,64244953393225;0,678561842134558;0,740343550369572;16,8986974813152;0,455949891914543;0,455949891914543;0,675852227581636;0,89523722728634;0,0315550246399257;1,1769594152664;0,674629561473879;0,760635596838917;8,21674500172438;8548,82863688123;106,999134614968;1,33210386863051;0,0708564189728924;71,6192940013337;0,28600579300788;0;0
OVCAR-8 R2;bayesynergy;2.5.1;Bayesian;234;PASS;Mebendalzole;Paclitaxel (NSC 125973);0,915939259147076;0,915939259147076;1,32337758575447;1,44072736022185;0,0461392958957063;1,59028594697857;0,69212239122585;0,905968922006014;10,225988921064;1,359535456118;1,359535456118;1,77333349877583;1,90568471430969;0,0539227352716879;1,92908416269218;0,76665526087254;0,987870177551073;11,0499704162311;593,933089378647;12,4166512547988;1,62055656000035;0,0839157554952263;29,3965447069073;0,257363316952831;0;0
OVCAR-8 R1;bayesynergy;2.5.1;Bayesian;235;PASS;MK-2206 2HCl;Paclitaxel (NSC 125973);0,904646524293419;0,904646524293419;1,27147756467819;1,40930708695384;0,0348023704565903;1,54034821478979;0,711492321551411;0,914939660110842;10,478642321941;0,759931180101647;0,759931180101647;1,09066746136806;1,33669950492781;0,0411238394961403;1,58678681315856;0,696757909279187;0,842393882935702;9,66007124699206;3942,45362913429;13,730847098271;1,04538212335637;0,089697219935065;23,7594074429049;0,162781426051723;0;0
OVCAR-8 R2;bayesynergy;2.5.1;Bayesian;236;PASS;Afatinib (BIBW2992);Trametinib (GSK1120212);0,897439891678624;0,897439891678624;1,31989412173078;1,61087553746377;0,0514086352793892;1,87864157642462;0,679933243813384;0,85748035112748;11,7771701851191;0,866271484944145;0,866271484944145;1,23142367061908;1,42186562069145;0,0408211424473351;1,5918843844071;0,703471522931373;0,893196537775594;10,3410961005979;4523,2936399222;56,4791986308988;1,29879415686615;0,069030710178842;25,3157162963024;0,251158487256067;0;0
OVCAR-8 R2;bayesynergy;2.5.1;Bayesian;237;PASS;Crizotinib (PF-02341066);Trametinib (GSK1120212);0,89215200226421;0,89215200226421;1,22812236757345;1,36185385406569;0,0492542839957547;1,46723849796845;0,726435757396829;0,928187459501209;8,63464994457202;0,43396403836194;0,43396403836194;0,643256688018878;0,803349751308991;0,0296088014283499;0,999030168181372;0,674635874674659;0,804129621802516;6,42503457184705;7379,9042319342;42,7851806928044;1,15876981666497;0,0523129343984563;12,4030915791962;0,143697668911821;0;0
OVCAR-8 R1;bayesynergy;2.5.1;Bayesian;238;PASS;Paclitaxel (NSC 125973);Volasertib (BI 6727);0,892150393280889;0,892150393280889;1,16322884046835;1,28446178811261;0,0351336822167776;1,3405597368944;0,766960345413788;0,958163929352964;9,7500499216757;0,747944929003338;0,747944929003338;1,09172333295293;1,37384702456315;0,0533200185670209;1,66029760300853;0,685104830525394;0,827470341506052;11,8680100147678;13,2976589451069;739,22626729436;1,23039812588393;0,0831560500839017;23,2064562832866;0,182585801864367;0;0
OVCAR-8 R1;bayesynergy;2.5.1;Bayesian;239;PASS;Alectinib (CH5424802);Niraparib (MK-4827);0,890685694411566;0,890685694411566;1,31992993462658;1,60993600853857;0,0489482077042177;1,90584488325912;0,674797707852237;0,844749141872366;12,5452165285982;0,0483102344853813;0,0483102344853813;0,0716069972160594;0,483514893727738;0,0194529264667875;0,887087003012701;0,674658013372842;0,545059156639245;7,34017343457535;24881,4733068258;7606,06766263993;1,01856956856881;0,064528665843288;19,0827924921991;0,162272609382771;0;0
OVCAR-8 R3;bayesynergy;2.5.1;Bayesian;240;PASS;Adavosertib (MK-1775);Niraparib (MK-4827);0,890123034204847;0,890123034204847;1,30810251828569;1,69446005046124;0,0607094637433449;2,00930343422367;0,680468863687671;0,843316494674159;12,4919981859304;0,452267458070591;0,452267458070591;0,670432427689742;1,0970414060802;0,0374552608755463;1,49329379443137;0,674590666249646;0,734645392735956;10,0895830027586;891,642079746902;8820,27005692708;1,66853321597546;0,0702636960696758;15,6612580052939;0,337237034131106;0;0
OVCAR-8 R3;bayesynergy;2.5.1;Bayesian;241;PASS;Carboplatin (NSC 241240);Gemcitabine (LY-188011) HCl;0,881892944823194;0,881892944823194;1,30626144021174;1,72661283283806;0,0545708708155059;2,22819935784678;0,675127442084062;0,774903004593996;14,307359069272;0,629434552878873;0,629434552878873;0,933103406626365;1,4945642044098;0,0499109356481068;2,07296188638986;0,674560341768115;0,720980069253775;19,2931225145189;4872,7601716705;48,7579641541701;1,27343961328998;0,141322368832665;16,1262545572909;0,283806395482874;0;0
OVCAR-8 R3;bayesynergy;2.5.1;Bayesian;242;PASS;Niclosamide (BAY2353);Olaparib (AZD2281);0,880186856684765;0,880186856684765;1,23830841300263;1,38271074359366;0,0401815158954413;1,49330999648043;0,710797768506236;0,925947426980649;10,1615989779023;0,462047402534918;0,462047402534918;0,684898214840533;0,88650175676376;0,0291912403666563;1,1288092931354;0,674621998602373;0,78534236221727;8,20004993914255;2932,80057068213;300483,550941595;1,49927740703934;0,0592889441133285;12,0240199369607;0,320193051478;0;0
OVCAR-8 R2;bayesynergy;2.5.1;Bayesian;243;PASS;Binimetinib (MEK162);Olaparib (AZD2281);0,878453931437016;0,878453931437016;1,21021085816717;1,34622985036483;0,0385131058489813;1,47905161122331;0,725868492675245;0,910211011296852;10,9765856004707;0,182590377796259;0,182590377796259;0,27063542736354;0,566692230701807;0,0202553329609329;0,871161053366968;0,674672859998436;0,650502256169036;6,53061058411604;17455,7438433548;33314,979983544;1,13001336450205;0,0535798728008491;16,0852379198421;0,276835821283493;0;0
OVCAR-8 R3;bayesynergy;2.5.1;Bayesian;244;PASS;Abemaciclib (LY2835219);Trametinib (GSK1120212);0,871945219414962;0,871945219414962;1,15318398292425;1,32297128512854;0,135411755009264;1,45917333236692;0,756119779953826;0,906667653882594;11,17354221265;0,432151587156834;0,432151587156834;0,640575520207006;0,97035065579535;0,355850098559834;1,29803896219249;0,67463019351283;0,747551255438705;11,3216338137455;13387,7004708187;74,7450442317884;0,638062786447375;0,0671349068335561;15,4219979633655;0,156841827050197;26;4
OVCAR-8 R1;bayesynergy;2.5.1;Bayesian;245;PASS;Olaparib (AZD2281);Trametinib (GSK1120212);0,862984051401274;0,862984051401274;1,19513673707649;1,35169582487248;0,0374450701345298;1,46737537684043;0,722079762615515;0,921176459616202;8,62952840449738;0,165430311695122;0,165430311695122;0,245213038517455;0,542787684953905;0,0197617763246209;0,835401529890745;0,674639132956814;0,649732692044377;9,38882269922421;20382,5475943624;14,3821125032588;0,678796921792153;0,0565265697700028;22,1431045413473;0,0981953209421247;0;0
OVCAR-8 R3;bayesynergy;2.5.1;Bayesian;246;PASS;Adavosertib (MK-1775);Carboplatin (NSC 241240);0,86115076055796;0,86115076055796;1,27611696092992;1,70442570961199;0,0525806484807828;2,0614863782046;0,674821185614859;0,82680478698049;14,4804029078275;0,105070395838279;0,105070395838279;0,155736939337275;0,53718076273571;0,020792956587774;0,939794896683819;0,674665858244021;0,571593615406105;11,0897937721779;894,521764050153;149996,326485025;1,14835818759244;0,0816926623222919;14,4532043660248;0,24887383376535;2;0
OVCAR-8 R1;bayesynergy;2.5.1;Bayesian;247;PASS;Trametinib (GSK1120212);Vemurafenib (PLX4032);0,84126916743146;0,84126916743146;1,12365353409828;1,07540705754168;0,0357431652448562;1,07946907002098;0,748690892612701;0,996265764208675;8,7221356797732;3,8505479035892;3,8505479035892;2,30316665233295;4,00848028879687;0,0603327646132094;2,25395070339485;1,67184945114104;1,77842411671177;14,3381279325408;19,98672621221;13667877,5128141;6,34102455810874;0,067046280074781;16,4844192277878;0,539502278625547;0;0
OVCAR-8 R1;bayesynergy;2.5.1;Bayesian;248;PASS;Panobinostat (LBH589);Trametinib (GSK1120212);0,840508768200072;0,840508768200072;1,17673056245607;1,24135464138509;0,0421553654822209;1,30010258271775;0,714274613931812;0,954828688285828;7,30836731556499;0,727251411135544;0,727251411135544;0,974274072455017;1,11343079561518;0,0316907524820662;1,20203577051451;0,746454649360611;0,926287572239716;8,88416235780726;113,231224348204;16,4781746425031;1,26093339222712;0,0580500067849302;14,7750609433038;0,166599231063316;0;0
OVCAR-8 R3;bayesynergy;2.5.1;Bayesian;249;PASS;Olaparib (AZD2281);Panobinostat (LBH589);0,840393910515345;0,840393910515345;1,21998818047312;1,35059474932469;0,0383314896286081;1,52254372976384;0,688854141348677;0,887079708400848;10,5706114426783;0,521704022474809;0,521704022474809;0,773389914329101;1,39394798453471;0,0558384457559285;1,88314518992891;0,674567915625556;0,74022332000186;12,4103702045486;26122,5297547122;192,150995605427;1,40059486845522;0,0751117388196592;11,0074720808283;0,419686147062438;0;0
OVCAR-8 R1;bayesynergy;2.5.1;Bayesian;250;PASS;Luminespib (NVP-AUY922);Paclitaxel (NSC 125973);0,828367170440356;0,828367170440356;1,20562621239446;1,3456417727323;0,0430701508125915;1,51615222035348;0,687084572253251;0,887552543720622;9,81789248165879;1,15212183521336;1,15212183521336;1,60979557684655;1,96406959734042;0,0693285692591643;2,24015785824031;0,715694496732481;0,876754997472918;12,5040614064761;13,9491547466093;13,0670800521728;1,41310855948241;0,0873751877438517;20,7408327163279;0,209618397803532;0;0
OVCAR-8 R3;bayesynergy;2.5.1;Bayesian;251;PASS;Niraparib (MK-4827);Palbociclib;0,821779186926152;0,821779186926152;1,218269118609;1,44666369689663;0,0638736070112237;1,66619168492171;0,67454651388065;0,868264807691581;8,6242318369167;1,43801660231754;1,43801660231754;1,70253958495613;1,9282643003971;0,0550566247024603;1,8611333610269;0,844630348112934;1,03606992426011;13,9302454037939;9940,48372927726;12900,950125739;2,41146113566466;0,0660896656002644;6,42747256195856;0,62204271692049;0;0
OVCAR-8 R1;bayesynergy;2.5.1;Bayesian;252;PASS;Olaparib (AZD2281);Paclitaxel (NSC 125973);0,821483335249699;0,821483335249699;1,17759984580479;1,33369406463734;0,0353383923522264;1,52270296902086;0,697591238803439;0,875885335350598;10,0047871368255;0,302365266629901;0,302365266629901;0,448196670419167;0,849064665030466;0,0290553265082575;1,2325457967541;0,674626311585761;0,688870683155523;8,27812132294084;23118,0814184489;14,3913040132051;0,923560756726173;0,0702674128729743;47,2649035019491;0,117522430681042;0;0
OVCAR-8 R3;bayesynergy;2.5.1;Bayesian;253;PASS;Lapatinib Ditosylate (Tykerb);Trametinib (GSK1120212);0,820492733521432;0,820492733521432;1,11658172237746;1,26438379478988;0,0397430942962655;1,33195581968212;0,734825509927222;0,949279116049348;7,91772976933744;0,283554492005639;0,283554492005639;0,414237850574999;0,582009234975419;0,0176244323121258;0,778644227487461;0,684520962080217;0,747464906859264;5,64812979945172;5768,64879720026;62,0284346722688;0,745600542800013;0,0489040296979809;12,185268245299;0,0863084221163294;0;0
OVCAR-8 R1;bayesynergy;2.5.1;Bayesian;254;PASS;Erlotinib;Niraparib (MK-4827);0,817038050654874;0,817038050654874;1,18997401972187;1,41176913860525;0,0396666937912852;1,63663307647465;0,686601587189136;0,862617327626497;9,54078244287971;0,139502245328049;0,139502245328049;0,20678153909653;0,554152939088885;0,0203809889804187;0,901070013132213;0,6746358787035;0,614994318990365;6,69052373205765;5610,08954527305;7559,74281363603;0,937674253245982;0,0587199159407523;21,4382888087565;0,170549343142523;0;0
OVCAR-8 R3;bayesynergy;2.5.1;Bayesian;255;PASS;Cobimetinib;Paclitaxel (NSC 125973);0,801960577697821;0,801960577697821;1,18542041101843;1,51171858570321;0,0479721785019213;1,79869252155653;0,676519967299058;0,840467277489864;13,0084077962332;1,27000829031147;1,27000829031147;1,68557864262361;1,92235167612193;0,0536097108719645;2,08879157325314;0,753455376211162;0,920317613656405;15,2782730200161;1613,60149068258;11,2769913627872;1,18603048402163;0,0970326614086338;13,8328703989264;0,186948949047804;0;0
OVCAR-8 R1;bayesynergy;2.5.1;Bayesian;256;PASS;Olaparib (AZD2281);Temsirolimus (CCI-779);0,801148278287076;0,801148278287076;1,11810878668557;1,32277522959589;0,0375697401580928;1,50479028659745;0,71652086793981;0,879053999594184;8,19689178939399;0,273288960874675;0,273288960874675;0,405097717555868;0,704145633221127;0,0226440900488339;1,01132286921077;0,674624785653069;0,696261950222325;7,13668305646688;28395,8290084574;22,0815180027515;0,923948503964908;0,0597460849605288;13,0063072020669;0,152890223003644;0;0
OVCAR-8 R1;bayesynergy;2.5.1;Bayesian;257;PASS;Carboplatin (NSC 241240);Navitoclax (ABT-263);0,796883238965193;0,796883238965193;1,18132782487432;1,57779240469318;0,0479278224899031;1,95046272305121;0,67456570664453;0,808946165909874;13,1775456789998;0,311729116191386;0,311729116191386;0,4621050017992;0,936149270013392;0,0516931751671245;1,40700811329597;0,674585029328125;0,665347456895916;12,148149397128;25599,090404846;6520,29594753473;0,779824411572984;0,0789130677560485;15,886853790506;0,228314188242503;0;0
OVCAR-8 R1;bayesynergy;2.5.1;Bayesian;258;PASS;Adavosertib (MK-1775);Olaparib (AZD2281);0,795683249657671;0,795683249657671;1,17954763910491;1,63483711001574;0,0673942571572228;1,99124738380735;0,674566438250403;0,821023187510496;11,1313961248358;0,527499835732749;0,527499835732749;0,781959110441469;1,10592894169685;0,0333997541063418;1,41638706788055;0,674587492733398;0,780809827183567;12,0504702447586;542,637461977753;22003,8368163865;1,15624835063812;0,0788052280428149;12,2153035770908;0,283663674232787;0;0
OVCAR-8 R2;bayesynergy;2.5.1;Bayesian;259;PASS;Abemaciclib (LY2835219);Trametinib (GSK1120212);0,795451465234305;0,795451465234305;1,12130407443657;1,45437854639072;0,0922511151587462;1,89827979054298;0,709398532805656;0,766164701450455;13,1507693582133;1,34315126085537;1,34315126085537;1,66665733729672;1,73219538230174;0,0532503734846262;1,66395969213471;0,805895267610277;1,04100801869755;11,3200011019321;30005,3884615471;57,3636342286553;1,51007671898064;0,0593784677163824;8,94684622994622;0,247051816557953;0;0
OVCAR-8 R3;bayesynergy;2.5.1;Bayesian;260;PASS;Luminespib (NVP-AUY922);Trametinib (GSK1120212);0,794530859415884;0,794530859415884;0,98482640263579;1,12902688920005;0,0396483784004749;1,12107549448653;0,806772500503034;1,00710699518278;6,24332037387725;3,80352856720984;3,80352856720984;2,34003351841265;3,8525243180421;0,0919737444010164;2,29619605730912;1,62541627599845;1,67778544248387;14,3385257631548;18,239688889664;89,7778919248844;3,60001104063774;0,0549071627233035;19,1949552458018;0,394768210684214;0;0
OVCAR-8 R1;bayesynergy;2.5.1;Bayesian;261;PASS;Lapatinib Ditosylate (Tykerb);Paclitaxel (NSC 125973);0,783711188598038;0,783711188598038;1,15335394300953;1,3497113001184;0,0528267217351572;1,52966345824247;0,679506229070534;0,882375213188731;10,5355504752554;1,52774075585691;1,52774075585691;1,70726742794549;1,97577678637017;0,0490199750411452;1,85987103140567;0,894845605820158;1,06231924311274;10,1048166419532;6102,15439815709;11,8399317970113;1,4337769507185;0,0787384778833388;16,823867881022;0,20145513615249;0;0
OVCAR-8 R3;bayesynergy;2.5.1;Bayesian;262;PASS;Trametinib (GSK1120212);Vinorelbine ditartrate (Navelbine);0,779522616941781;0,779522616941781;1,09618401162436;1,60550539763741;0,0946029831084591;2,0149775875163;0,711123870331462;0,796792422317284;11,6019561580464;1,24375998805093;1,24375998805093;1,48343995293284;1,61821917517708;0,0547008162086403;1,56673545457647;0,838429614621041;1,03286050650748;14,0108516533861;88,7553806706449;250,61778322593;1,11526538596836;0,0550434501810622;18,6265611221314;0,193410495517766;0;0
OVCAR-8 R2;bayesynergy;2.5.1;Bayesian;263;PASS;Olaparib (AZD2281);Flunarizine 2HCl;0,77325790909931;0,77325790909931;1,1458455492343;1,39912448292542;0,0441635946608753;1,69391147720961;0,674836071594493;0,825988555040428;9,08461658412402;0,150796434098321;0,150796434098321;0,223526864907859;0,714629290510287;0,0353750197455817;1,20929443492683;0,67462331277487;0,590947307678238;9,12893957233179;19563,311163101;2727820,07509445;1,41458850175487;0,0528557424445014;15,9608530756365;0,487878989088457;0;3
OVCAR-8 R1;bayesynergy;2.5.1;Bayesian;264;PASS;Dexamethasone;Olaparib (AZD2281);0,768212395273509;0,768212395273509;1,13344070553763;1,34879485581621;0,0406054816911444;1,5724109730873;0,677770254341732;0,857802053888725;10,3086773891275;0,25604356379476;0,25604356379476;0,379554615715083;0,813599391759307;0,0254356012703255;1,17427892912051;0,674589514113463;0,69285020073439;7,4007187987747;26,3334112998237;41579,0685290103;1,39885693653174;0,055305616880905;27,5372187794223;0,273371437414268;0;0
OVCAR-8 R1;bayesynergy;2.5.1;Bayesian;265;PASS;Binimetinib (MEK162);Olaparib (AZD2281);0,764982377583051;0,764982377583051;1,11046291774165;1,32391806085335;0,0347737354865681;1,55040158785096;0,688886018039035;0,853931274429606;11,2560632462511;0,210206159022867;0,210206159022867;0,311582976994232;0,674848664256024;0,0235345693276026;1,01149311389532;0,674639420454471;0,667180680703937;6,74609025653886;890,002865436033;36255,0505320451;0,928829205453896;0,0620909763465188;14,6895014575803;0,12191838456514;0;0
OVCAR-8 R1;bayesynergy;2.5.1;Bayesian;266;PASS;Gedatolisib (PKI-587);Paclitaxel (NSC 125973);0,75387933416571;0,75387933416571;1,07713083439028;1,19596475887616;0,0370119689857157;1,31493631864375;0,699895788047377;0,909538227409049;8,21336946706381;1,70215951838081;1,70215951838081;2,07610799289854;2,14900002330298;0,057709499286466;1,98785891973527;0,819880046800624;1,08106264582859;11,8801227620186;901,108909156957;10,9711075069858;1,33434390071379;0,0765597080321212;8,91701880088755;0,210016564215976;0;0
OVCAR-8 R1;bayesynergy;2.5.1;Bayesian;267;PASS;Paclitaxel (NSC 125973);Vinorelbine ditartrate (Navelbine);0,747073603213847;0,747073603213847;0,955353005936469;1,10109361064035;0,0374262566442149;1,20070860649907;0,781986970859573;0,917055576279675;11,2186700890541;11,6545797714935;11,6545797714935;3,56684927976119;11,4107488722419;0,139800512031491;3,65420676509752;3,267471893927;3,12263361264325;25,4999546316054;12,833237394534;292,587463325817;45,2239429170767;0,0796256969334185;22,9240324911716;1,18791339204927;0;0
OVCAR-8 R3;bayesynergy;2.5.1;Bayesian;268;PASS;Entrektinib (RXDX-101);Niraparib (MK-4827);0,746083890115941;0,746083890115941;1,10599844164193;1,54808183036242;0,0483020384443486;1,97932714880655;0,674579512976825;0,782136704805049;11,6794285617184;0,110627131486179;0,110627131486179;0,163972861258074;0,566484752912849;0,0223193097111224;1,02372758420152;0,674667323832724;0,553354976123545;10,0457217774345;4629,67385606502;9742,55151507238;1,26152864491099;0,0815562635024736;29,6792024406107;0,244991004230796;0;0
OVCAR-8 R3;bayesynergy;2.5.1;Bayesian;269;PASS;Carboplatin (NSC 241240);Gedatolisib (PKI-587);0,744514776119831;0,744514776119831;1,09721596736173;1,38041667099309;0,0425750816862414;1,64493966390817;0,678548980571277;0,839202038622489;10,6844155382264;0,12315972568595;0,12315972568595;0,18254814370005;0,504560352672055;0,023027090666635;0,841287281836959;0,674669833336225;0,599747985694425;9,76929545732566;35963,9616646346;902,548870004986;1,15581838082871;0,0838608484316332;32,6444951643782;0,201607952002503;0;0
OVCAR-8 R3;bayesynergy;2.5.1;Bayesian;270;PASS;Flavopiridol (L86-8275) HCl;Niraparib (MK-4827);0,73672802732886;0,73672802732886;0,980450548979116;1,04665921863767;0,0358564334690362;1,06572301836139;0,75141783346031;0,982131643032641;8,17647892440737;9,5885933850486;9,5885933850486;6,12217626753344;9,04410871916213;0,433573515283396;5,49521536216051;1,56620668305451;1,64581515429567;24,247533995982;105,27191379255;9340,88234593333;6,15979848358993;0,0621780917829451;21,3630938872722;1,74359320697352;0;0
OVCAR-8 R1;bayesynergy;2.5.1;Bayesian;271;PASS;Palbociclib;Trametinib (GSK1120212);0,729760048770326;0,729760048770326;0,993479989710831;1,07244194082738;0,0383160791376327;1,17876671354236;0,734549317880811;0,909814916476493;9,44327790270061;1,34269409622146;1,34269409622146;1,71599352965672;1,80288254772694;0,049791016214822;1,7825340774042;0,782458717364781;1,0114154733874;12,8648796407085;11486,4150840495;16,4579798787585;1,2928523151601;0,067429539168778;10,7393611756071;0,264016633720719;0;0
OVCAR-8 R2;bayesynergy;2.5.1;Bayesian;272;PASS;Paclitaxel (NSC 125973);Vismodegib (GDC-0449);0,722346980593004;0,722346980593004;1,06474250497994;1,22820530717464;0,0347716378076591;1,39141024251716;0,678424104621062;0,882720229035599;7,36382265369785;0,33996220165501;0,33996220165501;0,503939689923659;0,917153705038306;0,0330353626003615;1,36351440287275;0,674608903510875;0,672639543158457;11,7306586652105;14,7222030712824;769915,952640361;0,963180176120008;0,0641687023242838;50,9550296759542;0,137473264724324;1;0
OVCAR-8 R2;bayesynergy;2.5.1;Bayesian;273;PASS;Tamoxifen (ICI 46474);Trametinib (GSK1120212);0,718439805772214;0,718439805772214;1,04809712831749;1,29364337412047;0,0427442153722824;1,50824552433821;0,685470636605527;0,857724730181387;9,92036384368253;0,111276792828362;0,111276792828362;0,16491966714098;0,44023257339382;0,0167051959445594;0,749459040329641;0,674733309601204;0,587400444459498;8,17406616758719;38627,669211039;49,8233686163056;0,771852483009737;0,0522201292763924;51,0651480100002;0,115211588340704;0;0
OVCAR-8 R2;bayesynergy;2.5.1;Bayesian;274;PASS;Alpelisib (BYL719);Niraparib (MK-4827);0,714823548449284;0,714823548449284;1,05775750496095;1,45496403151601;0,0428261214803038;1,83918813083409;0,675791516577964;0,791101525861998;11,2118510903024;0,108405432308276;0,108405432308276;0,16068664946125;0,566504957893718;0,0234865232023081;0,996584780340018;0,674638700052168;0,568446326965214;9,08787950594716;14443,7602780267;10014,6760326112;1,01760815036915;0,0663090750880671;303,807804113228;0,171628399771325;0;0
OVCAR-8 R3;bayesynergy;2.5.1;Bayesian;275;PASS;Gedatolisib (PKI-587);Niraparib (MK-4827);0,713080797215718;0,713080797215718;1,05324194631265;1,51402825129486;0,0842086482908115;2,10131089232259;0,67703417976485;0,720526156870298;13,9799079689512;0,373357904268914;0,373357904268914;0,553441827553158;0,876723803528038;0,0323672673724246;1,21479783004123;0,674610926896473;0,721703465257492;8,86294288024584;1098,29223790383;8008,38060366971;0,887899073723905;0,0583044715188675;14,1641491393391;0,19539359571193;0;0
OVCAR-8 R1;bayesynergy;2.5.1;Bayesian;276;PASS;Olaparib (AZD2281);Panobinostat (LBH589);0,706085824786695;0,706085824786695;1,02597661673194;1,2595903975929;0,0374218867202095;1,5331885116126;0,688208496442933;0,821560964378526;11,3921326829043;0,627266724788493;0,627266724788493;0,929876494408505;1,29074068222435;0,0474372339261428;1,61320618183343;0,674569933276459;0,800108936327908;12,6593215018601;24117,5327480502;117,902255923549;1,33013351811752;0,0649790177017031;32,8137501331853;0,360962366823635;0;0
OVCAR-8 R3;bayesynergy;2.5.1;Bayesian;277;PASS;Paclitaxel (NSC 125973);Ruxolitinib (INCB018424);0,703597596351184;0,703597596351184;1,02763303919012;1,18184350552004;0,0351170121199254;1,39280840457681;0,684677866046125;0,848548377492084;10,2322579973807;2,02112030593613;2,02112030593613;2,65957943472402;2,73951508058142;0,0801206070774597;2,76141304818487;0,75993981587764;0,992070013713505;15,3903325175578;11,9207441088646;703246,64054535;1,56464226811954;0,0755561046183883;26,2228754097244;0,30924571828704;0;0
OVCAR-8 R2;bayesynergy;2.5.1;Bayesian;278;PASS;Olaparib (AZD2281);Selpercatinib (LOXO-292);0,703569614687724;0,703569614687724;1,04299101991475;1,5232636317354;0,0485423427418908;1,95274161262653;0,674569196909512;0,780076765391014;12,4359997294235;0,0219541637268809;0,0219541637268809;0,0325332528483881;0,388572760690251;0,017973375153422;0,747467241115228;0,674822275817054;0,519852562515646;6,76057745671132;16307,5943348187;22918,4742372777;1,42276781322015;0,0530839081506751;22,0480822716803;0,283207733934969;0;0
OVCAR-8 R3;bayesynergy;2.5.1;Bayesian;279;PASS;Niraparib (MK-4827);Panobinostat (LBH589);0,698397966460316;0,698397966460316;1,03016843906118;1,32308050787692;0,0404262752137763;1,63571228084399;0,677945411622964;0,808884975174866;9,94774603256464;0,171373398631211;0,171373398631211;0,254010806503182;0,616342532761305;0,0210597894369626;0,971987762928735;0,674669715790476;0,634105239045581;6,74772400268372;10813,753155548;167,344086073703;1,12061032612243;0,0690481601539403;22,2040006755138;0,16450663020785;0;0
OVCAR-8 R3;bayesynergy;2.5.1;Bayesian;280;PASS;Alpelisib (BYL719);Niraparib (MK-4827);0,696868965723303;0,696868965723303;1,02280303142775;1,26210360687461;0,0380277658550557;1,52079760545785;0,681332518882478;0,829910275203486;10,0069630780615;0,198063106996375;0,198063106996375;0,293570822634167;0,610469793312414;0,0231003823873146;0,949621531063906;0,674668910279247;0,642855888733353;8,58830260963931;7266,94971877909;8433,49489715467;1,13446288332335;0,0587329058551172;25,7455198420964;0,1494786465474;0;0
OVCAR-8 R2;bayesynergy;2.5.1;Bayesian;281;PASS;Cucurbitacin I (JSI-124);Trametinib (GSK1120212);0,695717132632693;0,695717132632693;0,925856026044165;1,07020139925276;0,0287985897224438;1,13802473703169;0,751431230193782;0,940415926651893;6,77097783105446;0,313056511399344;0,313056511399344;0,463993695455254;0,595011829446348;0,017495769494751;0,72979484120452;0,674699924731056;0,815313833219602;3,83693319317347;809,914380571439;52,4456823773117;0,716875916856804;0,0496719359868647;11,3259312843145;0,113408733722858;0;0
OVCAR-8 R1;bayesynergy;2.5.1;Bayesian;282;PASS;Entrektinib (RXDX-101);Olaparib (AZD2281);0,693241526355847;0,693241526355847;1,02764317041972;1,37443187655081;0,0484259487535997;1,70827729707579;0,674593619955363;0,80458512849694;11,1395002784354;0,412325486587335;0,412325486587335;0,611218142958904;1,08288213973012;0,0423304935169815;1,49711540628074;0,674596281764918;0,723312401426892;14,4644135766479;4258,71295105855;19360,1037959261;1,66589245477666;0,0842326719414786;10,4039626736156;0,382648970016643;0;0
OVCAR-8 R2;bayesynergy;2.5.1;Bayesian;283;PASS;Cobimetinib;Trametinib (GSK1120212);0,69068053508719;0,69068053508719;0,913922196467446;0,975358906991292;0,0442014399930064;1,02777263226374;0,755732312615729;0,94903143633344;7,76877613638077;10,2088371664899;10,2088371664899;3,29844735117832;10,192248786881;0,106352333697505;3,34513031702896;3,09504323688626;3,04689139762226;22,1240879683808;2357,87555506743;85,0400065604469;147,38723210501;0,0599935276533463;23,0472898858676;0,72816708999516;0;0
OVCAR-8 R3;bayesynergy;2.5.1;Bayesian;284;PASS;Carboplatin (NSC 241240);Paclitaxel (NSC 125973);0,684964405862463;0,684964405862463;1,01538724003968;1,35430264181404;0,0435496640151815;1,68869514332188;0,674584413563929;0,801996331031206;9,90167677916655;1,00693168954096;1,00693168954096;1,46917016710278;1,79132085971598;0,0669044492564378;2,16460434816381;0,685374446124673;0,827551169448369;12,2638595186384;9976,28683351221;12,2884745694478;1,26907124680702;0,100261835342491;12,6089826755015;0,196685544136912;1;0
OVCAR-8 R1;bayesynergy;2.5.1;Bayesian;285;PASS;Defactinib (VS-6063, PF-04554878);Paclitaxel (NSC 125973);0,683355920256695;0,683355920256695;1,01306281885419;1,41857180808467;0,0521271642810403;1,79232127069382;0,674544468061316;0,791493886298228;13,2173415209751;5,2556558336164;5,2556558336164;4,76503820501737;5,71833496264297;0,121469183379222;4,18692775286489;1,10296195066861;1,36575916762123;22,1272059001081;18391,4462376608;14,7734539116954;3,28340634956545;0,102066230252945;12,1115066955607;0,576675075692389;0;0
OVCAR-8 R3;bayesynergy;2.5.1;Bayesian;286;PASS;Carboplatin (NSC 241240);Flavopiridol (L86-8275) HCl;0,682348624087969;0,682348624087969;0,845822610506949;0,897787326982421;0,0246722077477887;0,907249431439764;0,806727812205209;0,989594373738552;7,59850437043887;21,756210538886;21,756210538886;5,77798509192677;20,7524553170563;0,53613894064304;6,81091914084516;3,76536287178807;3,04693902363392;36,0543487626029;42660165,1860212;99,2197223017158;35,9038835501606;0,0911642235824664;6,00896052763572;4,72102712573069;0;0
OVCAR-8 R3;bayesynergy;2.5.1;Bayesian;287;PASS;Paclitaxel (NSC 125973);Sorafenib (Nexavar);0,677076090684555;0,677076090684555;1,00369968882843;1,20510881451632;0,0410108887144024;1,42255215972799;0,674580353287618;0,847164898981742;10,3634132716678;2,42956838375412;2,42956838375412;2,94102551030568;3,01714979000827;0,105146694736192;2,72587751796683;0,826095651071589;1,10685449735786;21,6123019837908;10,5936873884022;6879,85273147669;1,7182965232801;0,0753020495013491;23,5147488789705;0,343713062649341;0;0
OVCAR-8 R1;bayesynergy;2.5.1;Bayesian;288;PASS;Cobimetinib;Olaparib (AZD2281);0,67562942211564;0,67562942211564;0,994747605212544;1,16087708857004;0,0381124599804142;1,36292911230758;0,679196832015777;0,851770422951885;10,1599849624049;4,09079162329231;4,09079162329231;3,04421594965602;4,34882994873946;0,081385214540872;2,93526805295664;1,3437915348136;1,48157846925052;16,6566680828483;553,529787731924;23918,8779872227;2,67690292266314;0,0765303546285203;9,25650875314839;0,379403909600654;0;0
OVCAR-8 R3;bayesynergy;2.5.1;Bayesian;289;PASS;Everolimus (RAD001);Niraparib (MK-4827);0,669667112487962;0,669667112487962;0,976932575993916;1,160314258943;0,0310177591984029;1,36077281761374;0,685479355427013;0,852703947483245;7,69201238855185;0,305591069827672;0,305591069827672;0,452951268013989;0,741470534243083;0,0230322739985629;1,04084204466128;0,674666551144823;0,712375655889626;8,54732557874607;102,331768476286;9453,50299403719;0,97748595552742;0,0523744526262441;12,7246000530748;0,127271516662711;0;0
OVCAR-8 R1;bayesynergy;2.5.1;Bayesian;290;PASS;Adavosertib (MK-1775);Carboplatin (NSC 241240);0,662444817948445;0,662444817948445;0,98181456997922;1,30458220181562;0,036067020077775;1,65157565241013;0,674714796667221;0,789915362674326;11,2183665446193;0,0965411207961878;0,0965411207961878;0,143089934534718;0,553336756133611;0,0230648149360362;0,973842333783604;0,674688412641381;0,568199529777853;9,1237755506383;544,456801809245;25309,931137627;1,07743942064227;0,081628264363188;18,2908738890954;0,185999815515233;0;0
OVCAR-8 R1;bayesynergy;2.5.1;Bayesian;291;PASS;Luminespib (NVP-AUY922);Trametinib (GSK1120212);0,648011173026774;0,648011173026774;0,892843336145656;1,00423132014695;0,0286325618555936;1,10510139645666;0,725783736959044;0,908738336381388;7,92974365836486;0,405953252548165;0,405953252548165;0,601721885577113;0,79551479661704;0,0285253254039359;0,986305226306755;0,674652629858749;0,80656045958092;6,54554164037617;14,0700125431691;15,3282269161116;0,932345104371808;0,0591009701624995;16,2253148397218;0,0996017985696645;0;0
OVCAR-8 R1;bayesynergy;2.5.1;Bayesian;292;PASS;Everolimus (RAD001);Trametinib (GSK1120212);0,644216384727582;0,644216384727582;0,926199258192994;1,14379336689843;0,0372014950109127;1,31425340618408;0,695548370427809;0,870313194360142;9,40068502492742;0,499797138341208;0,499797138341208;0,712372734118387;0,894060181367084;0,0261305309374808;1,10796092558639;0,701594985888593;0,806941978476273;9,9412524564722;8,74225854646806;15,337731131513;0,718145764638645;0,0713530076345737;15,7366242229184;0,0850150675477243;0;0
OVCAR-8 R2;bayesynergy;2.5.1;Bayesian;293;PASS;Niraparib (MK-4827);Pictilisib (GDC-0941);0,638455639687748;0,638455639687748;0,946426749563115;1,3881704264302;0,0427243507278046;1,79907844411684;0,674595936751015;0,771612843033496;15,5635692074672;0,205141833841333;0,205141833841333;0,304088541808581;0,737305237443375;0,0255768907910652;1,14964165965768;0,674612179141122;0,641334829204881;8,74468492138148;10139,178058027;2284,52505844524;0,879431041238004;0,079770088632634;85,8417507932776;0,125908935039164;0;0
OVCAR-8 R2;bayesynergy;2.5.1;Bayesian;294;PASS;Paclitaxel (NSC 125973);Quinacrine;0,637120251844599;0,637120251844599;0,944462998061027;1,19389227203406;0,048782037145663;1,43348313444519;0,674584661498227;0,832880738681531;7,56730872269128;1,17688840681295;1,17688840681295;1,64516403299036;1,87842617563414;0,0626046522003269;2,10924629220477;0,7153623488071;0,89056748971247;13,651873775539;12,3389184629586;20273,0348512487;1,05445543877653;0,071929636705751;28,7907803850806;0,250966602105844;0;0
OVCAR-8 R3;bayesynergy;2.5.1;Bayesian;295;PASS;Carboplatin (NSC 241240);Niclosamide (BAY2353);0,633634018389999;0,633634018389999;0,936144416257673;1,18705406804455;0,0373003261160653;1,43792330579527;0,676854988809325;0,825548232626574;8,95548968875071;0,0976146673275495;0,0976146673275495;0,144678855918878;0,476178567288679;0,0201820503131398;0,836550276288611;0,674698916490483;0,569216914733761;8,01993835562278;16082169,3435575;2838,89731999306;1,27963021761169;0,0805951772514914;47,4820557653771;0,254793939738762;0;0
OVCAR-8 R3;bayesynergy;2.5.1;Bayesian;296;PASS;Paclitaxel (NSC 125973);Vismodegib (GDC-0449);0,631589906606796;0,631589906606796;0,931727899742798;1,14960402362519;0,03720984047286;1,33443434441651;0,677869479685158;0,861507977979817;7,14829357725815;1,07202316758083;1,07202316758083;1,5349545951411;1,69493058738189;0,0486151668001719;1,8612782288114;0,698407087072358;0,910627202932611;11,6260750412336;11,1562911069933;4073,69618936181;1,03903633085027;0,0627918736122728;9,83729540964779;0,159137338774925;1;0
OVCAR-8 R1;bayesynergy;2.5.1;Bayesian;297;PASS;Olaparib (AZD2281);Cucurbitacin I (JSI-124);0,626330427247383;0,626330427247383;0,924351984868325;1,40116319918932;0,07189760021173;1,89220385126814;0,677588664816471;0,740503435369771;12,8664691912598;0,792573699012553;0,792573699012553;1,17203063691578;1,5124770100773;0,0498110545649198;1,81780949377196;0,676239744976481;0,832032737896481;14,9992178697495;92417,5768293213;125,19101246542;1,4920181060704;0,0713497262703328;14,1388710789495;0,46565703092624;0;0
OVCAR-8 R2;bayesynergy;2.5.1;Bayesian;298;PASS;Entrektinib (RXDX-101);Olaparib (AZD2281);0,623349528512062;0,623349528512062;0,924058722049085;1,23663704225468;0,0477039583806484;1,58676790870232;0,674577831081769;0,779361632837007;12,240648651782;1,69436412570559;1,69436412570559;1,94590401300661;2,15324909677247;0,0564514500720336;1,99352743477176;0,870733661259909;1,08012012235939;12,0894470750413;6231,69215248974;23482,2906305029;2,58651642499119;0,0735280242051354;9,36889917167288;0,792303912108845;0;0
OVCAR-8 R2;bayesynergy;2.5.1;Bayesian;299;PASS;Idasanutlin (RG-7388);Niraparib (MK-4827);0,622419802078279;0,622419802078279;0,922711675947228;1,41045119507579;0,0457577069906812;1,85745900061124;0,674555029813968;0,759360900382637;13,4617484402784;0,215236520659758;0,215236520659758;0,319052610076249;0,753320226012856;0,0255422124696402;1,20449065531187;0,674611377127803;0,62542637644441;12,5897468419806;21498,2135746757;9286,72470433999;1,15214590473664;0,0632242219701288;21,6225763716615;0,21013104751326;0;0
OVCAR-8 R2;bayesynergy;2.5.1;Bayesian;300;PASS;Fludarabine (Fludara);Paclitaxel (NSC 125973);0,619436829189785;0,619436829189785;0,67182187934046;0,783599996323441;0,0188314208158395;0,750657483047559;0,922025388333434;1,04390649380108;7,12564395035881;18,458490230766;18,458490230766;3,98499640547436;18,6015381051288;0,0889418031404348;3,99847078881835;4,63199670780349;4,65216306122522;32,1411459269619;5143,16143515644;13,1015540954139;4942,32918396495;0,0788539356077788;2,26112761865825;1,22781020155871;0;0
OVCAR-8 R3;bayesynergy;2.5.1;Bayesian;301;PASS;Carboplatin (NSC 241240);Trametinib (GSK1120212);0,618224278993763;0,618224278993763;0,916470465290884;1,47298015475811;0,0586650517970605;1,98069451167116;0,674570869883451;0,743681426824497;13,4540275019959;1,14253349071044;1,14253349071044;1,59287795827323;1,7363188312872;0,0457145369836575;1,85908375060932;0,717276226201918;0,933964825800942;11,7177238068986;19694,0159390851;133,12283230993;1,25505556697855;0,0863154288028557;9,88677635633062;0,227611870562428;0;0
OVCAR-8 R3;bayesynergy;2.5.1;Bayesian;302;PASS;Flavopiridol (L86-8275) HCl;Olaparib (AZD2281);0,615363016239786;0,615363016239786;0,912202191214899;1,11045542361508;0,0533475436097062;1,3467297352985;0,674590592048707;0,824578065940507;8,73916858419287;2,36675474459683;2,36675474459683;3,37172985434441;3,3388775309532;0,160036902706249;3,32717467672207;0,701940797999376;1,00351735492369;15,2240492275675;91,3458944984504;44577,1570673617;3,31907285957199;0,066413941025418;9,84728373691021;0,712527149025889;0;0
OVCAR-8 R2;bayesynergy;2.5.1;Bayesian;303;PASS;Carboplatin (NSC 241240);Trametinib (GSK1120212);0,609187466025014;0,609187466025014;0,903051848979902;1,28473827859113;0,0527583213506849;1,60398487806314;0,674587474366128;0,800981686989749;11,7638697473343;1,67086290929654;1,67086290929654;2,07343699999123;2,09365039366742;0,0607185619547501;1,95900308166891;0,805842140033002;1,06873256773226;11,29095778506;3162,06175545551;52,5758646199633;1,43085376729001;0,0747623010980391;8,52754129163729;0,277632814941118;0;0
OVCAR-8 R1;bayesynergy;2.5.1;Bayesian;304;PASS;Quinacrine;Trametinib (GSK1120212);0,605006106972419;0,605006106972419;0,876310422275207;1,07858488678415;0,0321463400001161;1,31754943301696;0,690401587831869;0,818645075039213;8,59457632063354;0,20173177866264;0,20173177866264;0,299022499038567;0,65574367062691;0,022057685470416;0,99909090118092;0,674637458088466;0,656340348862976;6,39106606697829;12423,3416250994;17,2145426761858;0,634430120860999;0,0687864118078658;15,3966201768487;0,100067023682307;0;0
OVCAR-8 R2;bayesynergy;2.5.1;Bayesian;305;PASS;Adavosertib (MK-1775);Olaparib (AZD2281);0,59289710669662;0,59289710669662;0,878957433305855;1,67831060982332;0,0598511696258673;2,31822682222112;0,674545870175612;0,723976895029009;15,1554017281987;0,384044045377641;0,384044045377641;0,569307466914038;1,2201069863375;0,0486395584071238;1,84272144548219;0,674581079112439;0,662122313347383;17,8629063118664;929,690253467181;46759,1143788885;1,37840939717375;0,0836111454663185;15,5968404844626;0,325742928127913;0;0
OVCAR-8 R3;bayesynergy;2.5.1;Bayesian;306;PASS;Gemcitabine (LY-188011) HCl;Trametinib (GSK1120212);0,585602808719501;0,585602808719501;0,858457196788369;1,16034448367354;0,0314755642460247;1,48148985246153;0,682157259453749;0,7832423036307;11,8190228559737;0,817874736106428;0,817874736106428;1,1921118681298;1,60297876277933;0,0548095583938579;2,02819703399633;0,686072136325193;0,790346665491787;14,9833071248233;48,6192948249148;203,413470500144;1,04990999803839;0,107878669616499;17,1151786890186;0,19188136909854;0;0
OVCAR-8 R2;bayesynergy;2.5.1;Bayesian;307;PASS;Alectinib (CH5424802);Trametinib (GSK1120212);0,583837357163331;0,583837357163331;0,864874764016679;1,12883039729877;0,0378064959272353;1,37068868589797;0,675054217620889;0,82356546010094;9,55004120676185;0,451291881420568;0,451291881420568;0,668937998091066;0,964834217416074;0,0334982003794136;1,2562421535166;0,674639327872553;0,768032034839156;7,69336400376792;3153078,41778982;57,4430458943003;1,02493515156916;0,0637532731320407;15,2803046490768;0,223749616533271;0;0
OVCAR-8 R2;bayesynergy;2.5.1;Bayesian;308;PASS;Binimetinib (MEK162);Niraparib (MK-4827);0,583073434530715;0,583073434530715;0,864068584440125;1,19995595222122;0,0356273923207786;1,52184650819072;0,674799946474756;0,788501101032447;9,39394584422591;0,34585537033161;0,34585537033161;0,512679326821417;0,958572502625352;0,0337098270068613;1,40378882203153;0,674603699111282;0,682846655836827;11,2355676370686;17583,8975932693;11778,8539786607;1,2346380536485;0,0655964467154525;24,7594647031503;0,174181181347823;0;0
OVCAR-8 R1;bayesynergy;2.5.1;Bayesian;309;PASS;Crizotinib (PF-02341066);Trametinib (GSK1120212);0,582886972512959;0,582886972512959;0,853267143766897;0,931993522040791;0,030922040939042;1,07163063271676;0,683123658013717;0,869721713265263;7,00303729109718;2,52251661255517;2,52251661255517;2,39524910293533;2,71356355341879;0,07636479938868;2,06373092274255;1,05313330854143;1,31488244107554;10,4291498806736;5788,2393774281;18,7255914532994;1,76065581165748;0,0693251987795682;34,2777893447018;0,282090221412804;0;0
OVCAR-8 R1;bayesynergy;2.5.1;Bayesian;310;PASS;Carboplatin (NSC 241240);Vinorelbine ditartrate (Navelbine);0,578264362028626;0,578264362028626;0,821509303547354;0,934386413763522;0,0286787609423533;1,08737990256614;0,70390482436611;0,859323803082349;8,88444158014623;7,22380440891845;7,22380440891845;3,36827669961291;7,16315001443485;0,145438062873613;3,44772911295064;2,14465884282863;2,07764292952368;17,9679560851837;28071,5674193373;252,339181172241;9,0466688029988;0,0811031080617755;4,33248449356743;1,05907865442777;0;0
OVCAR-8 R1;bayesynergy;2.5.1;Bayesian;311;PASS;Alpelisib (BYL719);Paclitaxel (NSC 125973);0,577467593167622;0,577467593167622;0,851761858574819;1,19626834224415;0,0388803017836728;1,52554106961603;0,677968363286248;0,784173278581464;12,3059669893295;0,5161140944531;0,5161140944531;0,764913596966145;1,0843444042201;0,0332850042391913;1,44096589513865;0,674735155055615;0,752512191911221;9,75374908318184;4095,36867445439;15,8351407711953;0,929736980309727;0,0922912809110367;20,0707742060939;0,119772148682513;0;0
OVCAR-8 R1;bayesynergy;2.5.1;Bayesian;312;PASS;Carboplatin (NSC 241240);Trametinib (GSK1120212);0,576798954430085;0,576798954430085;0,85484094786716;1,13338260783794;0,0360273321382849;1,40210388757029;0,674744180036305;0,808360391632017;10,3277760011486;0,494621642914068;0,494621642914068;0,733212239493443;1,1040043845838;0,0381197565348402;1,48445743885114;0,674595453092529;0,743709018318653;12,2908844554822;28028,9492336742;14,8566578669753;0,882599453735635;0,0748832940708564;23,0639596034451;0,120025790581393;0;0
OVCAR-8 R1;bayesynergy;2.5.1;Bayesian;313;PASS;Gemcitabine (LY-188011) HCl;Trametinib (GSK1120212);0,575765553987704;0,575765553987704;0,851093384447922;1,09830516566266;0,0390934523677192;1,35991136936573;0,676501033269322;0,807645944399238;8,06274892265667;1,20931835595588;1,20931835595588;1,7051535855103;1,96916044012441;0,054555162893763;2,17570393378143;0,70921374252277;0,905068198641325;13,4985796463202;126,202718885338;20,4065712671897;1,29027852760368;0,118287628218517;12,821799997007;0,214911658129963;0;0
OVCAR-8 R2;bayesynergy;2.5.1;Bayesian;314;PASS;Idasanutlin (RG-7388);Trametinib (GSK1120212);0,575046124858638;0,575046124858638;0,821459696993878;0,933362419243544;0,025490869906468;1,05743288558125;0,700029626484431;0,882687235029459;7,88322295695678;0,338320504493907;0,338320504493907;0,501495519020962;0,851639971806608;0,0324859488740748;1,18651502200223;0,674623185376389;0,717765857165026;7,11975014779126;8047,69192241717;65,804298367713;0,766689383882514;0,046162617615732;38,9869948793934;0,108269104573416;0;0
OVCAR-8 R2;bayesynergy;2.5.1;Bayesian;315;PASS;Cerdulatinib (PRT062070, PRT2070);Niraparib (MK-4827);0,573248447642903;0,573248447642903;0,849824012283905;1,81615810259475;0,116689831895013;2,80129120112524;0,674549600101667;0,648339131841424;23,4960974726501;0,861064092880436;0,861064092880436;1,27648735822709;1,70618573042253;0,0478944350769886;2,14813227848505;0,674557477855768;0,794264742218671;12,4355620343057;36554,3435581677;13426,5117933504;2,17879934145934;0,0751289102386876;70,8494563737809;0,456149054531355;0;0
OVCAR-8 R1;bayesynergy;2.5.1;Bayesian;316;PASS;Lapatinib Ditosylate (Tykerb);Niraparib (MK-4827);0,570581213211383;0,570581213211383;0,84580202350559;1,19259957500049;0,0389345402191616;1,51906710443351;0,674603745740048;0,785102277655508;10,0154319544911;0,286612788285083;0,286612788285083;0,42484542819307;0,696592725635544;0,0233445264164404;1,01830884240328;0,674628392505221;0,684068228251401;7,68539783296667;4516,57433910146;7590,91082846721;0,776119613461614;0,0719467747828609;38,9635907437374;0,107704735627079;0;0
OVCAR-8 R2;bayesynergy;2.5.1;Bayesian;317;PASS;Gemcitabine (LY-188011) HCl;Paclitaxel (NSC 125973);0,565249726323105;0,565249726323105;0,828792427119539;0,998143805602005;0,0298269727086354;1,20850766524949;0,682016036618029;0,825950361123353;7,41786276480948;3,27557445435675;3,27557445435675;3,53114215385082;3,80206758572984;0,112930634417595;3,17603322980088;0,927624635780985;1,19711202957666;18,6347599393137;17,989550470081;13,4488999136886;4,09794636363926;0,111098839336207;54,0911177944448;0,707066125242119;0;0
OVCAR-8 R1;bayesynergy;2.5.1;Bayesian;318;PASS;Flunarizine 2HCl;Carboplatin (NSC 241240);0,563835851567854;0,563835851567854;0,835852245049945;1,43299917533721;0,0525204892489007;1,98120217402962;0,674564021221433;0,723313760606656;16,6431922865756;0,157095361886032;0,157095361886032;0,23286869463607;0,793136738200041;0,0316692271021842;1,35236469992626;0,674609191808899;0,58648139680316;9,8098625906053;32317,2344065267;31894,0485958045;1,51135514980376;0,0740938820519667;51,7045287331588;0,239999359296008;0;0
OVCAR-8 R1;bayesynergy;2.5.1;Bayesian;319;PASS;Afatinib (BIBW2992);Trametinib (GSK1120212);0,562916715829272;0,562916715829272;0,828466880659642;0,977177526469472;0,0317729880987703;1,15564026944281;0,67946797750209;0,845593535034857;7,52208128319134;2,47668876778378;2,47668876778378;2,53119776002743;2,84445077161191;0,0645071881464082;2,292382279774;0,978465138874389;1,2408274120372;12,6010338321268;3076,2066277171;19,7689717855833;1,97744501735482;0,0873124617560894;33,2835509375399;0,288417480772787;0;0
OVCAR-8 R1;bayesynergy;2.5.1;Bayesian;320;PASS;MK-2206 2HCl;Niraparib (MK-4827);0,54707044909141;0,54707044909141;0,810962028876993;1,22661892241393;0,0420000296829023;1,60601920159059;0,674594407149968;0,763778969627721;10,4361148247281;0,363118688683375;0,363118688683375;0,538268402279111;0,947575001931918;0,0313984220783637;1,36613947292752;0,674605247393074;0,693615125475692;14,2045603934937;3905,97279545152;7687,35358960355;0,873827567777078;0,0833147666900259;102,906517286215;0,145712491120113;0;0
OVCAR-8 R2;bayesynergy;2.5.1;Bayesian;321;PASS;Gemcitabine (LY-188011) HCl;Trametinib (GSK1120212);0,546456301224464;0,546456301224464;0,806456554155214;1,17295017724684;0,0433875338993236;1,59057819910196;0,677601661749643;0,737447104476679;11,1165827418102;0,274797788380719;0,274797788380719;0,407314060564107;0,821425482726603;0,0461351998163457;1,51180861012559;0,674658242831439;0,543339598164061;17,3427426140246;3,65878112643461;89,7332552244074;1,00253596910356;0,0841925840697264;45,6903301984206;0,180969668229631;0;0
OVCAR-8 R1;bayesynergy;2.5.1;Bayesian;322;PASS;Alectinib (CH5424802);Olaparib (AZD2281);0,544830659778842;0,544830659778842;0,807652683622509;1,19176413560922;0,0413325277345862;1,55615306926512;0,674585339499092;0,765856351394717;12,0387419721606;0,506382417023227;0,506382417023227;0,750684446211169;1,14831909277821;0,0356714440815606;1,50370757250892;0,674560955111065;0,763658515639617;10,2325337270471;22481,734861975;27215,5748511157;1,69286426188595;0,0631778406160836;9,72629766978341;0,350156542955146;0;0
OVCAR-8 R3;bayesynergy;2.5.1;Bayesian;323;PASS;Everolimus (RAD001);Olaparib (AZD2281);0,542307959541505;0,542307959541505;0,800922369771317;1,02187701620927;0,0308597026619723;1,2603677834695;0,677104273784171;0,81079444106085;8,9729705137245;0,337377552294599;0,337377552294599;0,500072287720564;0,793417325896629;0,024082840578049;1,09131995183358;0,674657565674031;0,727025401270794;7,95023348003326;282,045240171858;42229,6812602648;0,777180120488589;0,0567689254523921;12,9797158080501;0,144539867031922;0;0
OVCAR-8 R3;bayesynergy;2.5.1;Bayesian;324;PASS;Erlotinib;Trametinib (GSK1120212);0,535803237850678;0,535803237850678;0,763017461120698;0,962339656496181;0,0295560141266805;1,16165977655559;0,702216220666439;0,828431789143471;7,58348402126713;0,193910778182227;0,193910778182227;0,287402108160399;0,485943326176108;0,0177476395672094;0,703806236562146;0,674702003487063;0,690450440663578;5,70699109136443;7548,40372040389;105,325862065425;0,588847180610765;0,0446426484628292;39,9243360911544;0,0666055105306926;0;0
OVCAR-8 R2;bayesynergy;2.5.1;Bayesian;325;PASS;Binimetinib (MEK162);Trametinib (GSK1120212);0,532825569044462;0,532825569044462;0,651099546962666;0,771320313254647;0,0256285433518938;0,883220784321111;0,818347319591999;0,873321642645069;7,17175452189701;4,20268915149287;4,20268915149287;2,59587975749021;4,25563920528693;0,120945860051019;2,44034928815715;1,61898452321081;1,74386479260951;12,8322448713641;16489,9902518576;68,5012453089995;3,99186510131612;0,0457503128736497;5,86781782082939;0,531992276846286;0;0
OVCAR-8 R2;bayesynergy;2.5.1;Bayesian;326;PASS;Adavosertib (MK-1775);Carboplatin (NSC 241240);0,531557913214933;0,531557913214933;0,787992707548299;1,40710242694318;0,0517758939873328;1,89846015738736;0,674572122461364;0,741195424540029;10,8265259845349;0,149753789020007;0,149753789020007;0,221981206840752;0,665364705854211;0,0245801516034654;1,12562127365794;0,674623726716827;0,59110885821478;9,35780550348457;930,913353394026;34347963,6002087;1,13029269920211;0,0774727578519124;10,9587305965567;0,227835872430937;0;0
OVCAR-8 R3;bayesynergy;2.5.1;Bayesian;327;PASS;Fludarabine (Fludara);Paclitaxel (NSC 125973);0,523388314264164;0,523388314264164;0,708740254511893;0,685621981807793;0,0243687042740534;0,714082013762219;0,738476911579714;0,960194360455014;4,77471898847287;26,3105730052208;26,3105730052208;4,37748768681091;26,5501010009077;0,11910045549616;4,59335316463987;6,01042764426109;5,78011314376897;46,9297957555786;8593,52877546834;9,72100776642297;518946,546168957;0,0826033323448063;3,9397652592366;1,7339820769296;0;0
OVCAR-8 R2;bayesynergy;2.5.1;Bayesian;328;PASS;Olaparib (AZD2281);Vemurafenib (PLX4032);0,522062225860253;0,522062225860253;0,773917396651241;1,27197906764946;0,0486357124457079;1,70378848895942;0,674570991838701;0,746574710706765;12,9871771729808;0,0831267575897601;0,0831267575897601;0,123215384355024;0,583288260691155;0,0273992553365617;1,09540714625016;0,674645930172524;0,532485352763939;11,6539437900324;21526,6967881891;374184,041527119;1,47353458128596;0,0611029683143387;14,8356504580065;0,391936723765055;0;0
OVCAR-8 R3;bayesynergy;2.5.1;Bayesian;329;PASS;Carboplatin (NSC 241240);Volasertib (BI 6727);0,514494455324662;0,514494455324662;0,762736640729063;1,95958248637814;0,143367165928788;2,70724966972687;0,674537484960578;0,723841265463635;19,0060080770787;8,30633082198555;8,30633082198555;2,94377302982512;8,29641856589839;0,0980898136012152;3,16827883231488;2,82166143171677;2,61858851603559;20,5274673975695;184152,945536451;534,090906501396;35,8228345842426;0,0925397992982152;8,77351079531612;1,94712127680932;0;0
OVCAR-8 R1;bayesynergy;2.5.1;Bayesian;330;PASS;Carboplatin (NSC 241240);Erlotinib;0,504169834768879;0,504169834768879;0,747348190160374;1,12405355358592;0,0347614244923697;1,5372239793626;0,674611702291925;0,731238316063654;12,2938817162706;0,198931333400102;0,198931333400102;0,294886444137433;0,679952590722625;0,0246863559698918;1,06071060606492;0,674603181512777;0,641034969231755;8,96087061994984;26745,8480537987;8060,93690465796;0,929360136660801;0,0774777513130485;12,8397997830696;0,155886811750775;0;0
OVCAR-8 R1;bayesynergy;2.5.1;Bayesian;331;PASS;Dasatinib (BMS-354825);Olaparib (AZD2281);0,503425161592988;0,503425161592988;0,746275531062927;1,20765403109998;0,046618315248854;1,61136770538183;0,674583502524804;0,749475913063764;11,1079688249464;0,779249476508902;0,779249476508902;1,12293921575875;1,31002049719707;0,0394929866813014;1,56298828082324;0,69393736150035;0,838151196186236;10,8293608850145;81,4706315963637;28178,9055332179;1,1015475381419;0,0789102694936239;17,4915330914951;0,136191004238877;0;0
OVCAR-8 R2;bayesynergy;2.5.1;Bayesian;332;PASS;Defactinib (VS-6063, PF-04554878);Trametinib (GSK1120212);0,500634847651376;0,500634847651376;0,742147943838609;1,4076906107986;0,110209455923286;2,05422807763904;0,6745755368693;0,685279153718327;13,1071049285152;1,36256099534213;1,36256099534213;1,96990759714941;2,1512143679296;0,15928315683044;2,46918305621946;0,691687771199956;0,871225145706003;14,8420207384764;20668,9768159787;56,5908141736858;1,41560601228115;0,0829370877687302;12,3061086997113;0,376875106800752;0;0
OVCAR-8 R1;bayesynergy;2.5.1;Bayesian;333;PASS;Trametinib (GSK1120212);Vismodegib (GDC-0449);0,495377272392808;0,495377272392808;0,73174598888559;0,885586832306387;0,034301745907638;1,06009126890024;0,676979826219807;0,835410558375023;7,09487743058398;0,907542802797749;0,907542802797749;1,23167285994182;1,32805596462673;0,0448146043414645;1,42207769155065;0,736837542105635;0,93388425436771;9,29270394922726;17,0820871485691;46330,1066556828;0,90317975345827;0,059209407874549;15,0859730635852;0,149919477618165;0;1
OVCAR-8 R2;bayesynergy;2.5.1;Bayesian;334;PASS;Olaparib (AZD2281);Temsirolimus (CCI-779);0,494873579237609;0,494873579237609;0,730021258315217;0,975042888632263;0,0291273736888876;1,24626750650442;0,677889271854502;0,782388934762608;8,99123168099327;0,654954337081091;0,654954337081091;0,969501541118479;1,29789684975851;0,0464657676046454;1,64310431623061;0,675557809145402;0,789905325509687;14,2648676366087;30366,9252568378;1559,58357675536;1,39459046848657;0,0646564293276999;11,7700734706461;0,276101610409634;0;0
OVCAR-8 R1;bayesynergy;2.5.1;Bayesian;335;PASS;Carboplatin (NSC 241240);Lapatinib Ditosylate (Tykerb);0,490974166632087;0,490974166632087;0,727263008472945;1,00652398116805;0,0309751965745325;1,25301490910371;0,675098500696467;0,803298320022041;7,63509599708245;0,269639305993898;0,269639305993898;0,399684248793549;0,761036337304131;0,0260470840183209;1,1178561128844;0,674630803710196;0,680799906653846;7,51133509675449;29473,5824956903;3803,45523418184;0,95296771001853;0,0816240981646812;20,1256655572042;0,190616042261324;0;0
OVCAR-8 R3;bayesynergy;2.5.1;Bayesian;336;PASS;Entrektinib (RXDX-101);Trametinib (GSK1120212);0,490121569790753;0,490121569790753;0,726282780489686;1,0465145697053;0,0313583896251748;1,37981573311125;0,674835729218714;0,758460691403146;9,59431918376692;0,268046088270354;0,268046088270354;0,397319346557708;0,768622428570813;0,0260184986025068;1,14366979204733;0,674636386555676;0,67206673981908;8,18024688804;4858,17197051521;119,890759935838;1,00394429610247;0,0761822529558089;24,3478260928881;0,12616231899021;0;0
OVCAR-8 R2;bayesynergy;2.5.1;Bayesian;337;PASS;Paclitaxel (NSC 125973);Palbociclib;0,486748405083739;0,486748405083739;0,721527113413715;0,957848585151175;0,0300498314943321;1,19867200534747;0,674608612808487;0,799112982455935;8,9801137483833;1,27130431978358;1,27130431978358;1,81994622904449;1,97458807720992;0,0624724345949653;2,13576207341771;0,698539495010817;0,924535603373707;12,3852557863281;11,7427983466459;13101,9035279894;1,18329249248844;0,068357803670667;15,7280761183519;0,253826267856145;0;0
OVCAR-8 R3;bayesynergy;2.5.1;Bayesian;338;PASS;Carboplatin (NSC 241240);Vinorelbine ditartrate (Navelbine);0,4794186611626;0,4794186611626;0,710648961340592;0,846424838194386;0,0344717358038841;1,05273526305055;0,674620927128647;0,804053335791;9,21295107216892;10,0829020717863;10,0829020717863;3,76361412475115;10,0180410211727;0,159578248835399;3,90944257093041;2,67904778161947;2,56252415514791;24,2896042760218;29890619,2995573;283,041483682797;20,6223867121854;0,081833267963552;2,74701422948146;1,70255776494235;0;0
OVCAR-8 R1;bayesynergy;2.5.1;Bayesian;339;PASS;Afatinib (BIBW2992);Olaparib (AZD2281);0,478303765246712;0,478303765246712;0,709072756445777;1,2646481042896;0,0660066657634856;1,67495281286643;0,674548219345228;0,755058651789351;11,7973093450669;5,46224067640856;5,46224067640856;3,44921915371754;5,54519687310625;0,113651490990219;3,39144913971818;1,58361659059019;1,63505234625663;17,6529675704757;3063,60202826007;11337,4505780387;5,69844048785793;0,0953262405911317;6,10974481474589;0,674818383635548;0;0
OVCAR-8 R1;bayesynergy;2.5.1;Bayesian;340;PASS;Mebendalzole;Trametinib (GSK1120212);0,476797747148983;0,476797747148983;0,69786910930898;0,968188277754801;0,0334459055800583;1,26222808988347;0,683219447298794;0,767061679973768;9,87656202683359;0,442118558681763;0,442118558681763;0,64981015972393;0,84893209736569;0,0253018520358475;1,08627707360017;0,680381111415056;0,781506042976801;8,89178051149181;532,481159862298;15,0389409591359;0,69001022171358;0,0706027381074897;16,5389858299427;0,0803168908844055;0;0
OVCAR-8 R1;bayesynergy;2.5.1;Bayesian;341;PASS;Dexamethasone;Trametinib (GSK1120212);0,465856883181829;0,465856883181829;0,687961525756482;0,912678658620588;0,0360255365164361;1,13958104582121;0,67715543055925;0,800908652841294;7,26208159540814;1,38829064079078;1,38829064079078;1,62142606797595;1,70324381849692;0,0495817132167575;1,51697025577063;0,8562158140974;1,12279315432699;8,8742065159333;432,99655726443;15,9629514795418;1,07376499641669;0,0533806708159859;25,7967879434017;0,162139415674512;0;0
OVCAR-8 R3;bayesynergy;2.5.1;Bayesian;342;PASS;Flavopiridol (L86-8275) HCl;Paclitaxel (NSC 125973);0,462943621173546;0,462943621173546;0,686222191527129;0,936931537850672;0,0519876781657531;1,26427071588841;0,674626421135265;0,741103818589382;10,6225172652821;1,05159853923158;1,05159853923158;1,43006623541863;1,55165774996847;0,0509027797513539;1,66387632317244;0,735349533599568;0,932555940822563;11,4334790567705;82,8740573163312;8,85819820166787;1,59096239862555;0,081581559362054;17,5305939325432;0,348069346878414;0;0
OVCAR-8 R1;bayesynergy;2.5.1;Bayesian;343;PASS;Idasanutlin (RG-7388);Paclitaxel (NSC 125973);0,462442482423966;0,462442482423966;0,685506275173231;0,969080463636684;0,0270457225614754;1,22069437379238;0,67459992588267;0,793897995967326;7,01109429523861;0,537110402314826;0,537110402314826;0,796187545352007;1,09429511796617;0,0308630286251835;1,43639725061044;0,674602868947618;0,761833202828197;11,6896370088662;8582,47730820316;12,6344909612758;0,748106907324119;0,0775465228932201;34,7617177269952;0,104073879344683;0;0
OVCAR-8 R3;bayesynergy;2.5.1;Bayesian;344;PASS;Cobimetinib;Trametinib (GSK1120212);0,454542331315731;0,454542331315731;0,673798404146048;0,87895661283365;0,0390678306639205;1,12697959162769;0,674596924716384;0,779953159574707;6,941512763726;6,71111676835342;6,71111676835342;4,56663970258093;6,88816434881799;0,128295369484283;4,07394021328157;1,46959629080448;1,69078680299767;20,8817175271777;2006,43841270352;263,006119150139;5,49282432692963;0,0760905974546994;10,1932257835198;0,383280966787577;0;0
OVCAR-8 R2;bayesynergy;2.5.1;Bayesian;345;PASS;Palbociclib;Trametinib (GSK1120212);0,451876413580464;0,451876413580464;0,649104003076639;0,709932333012518;0,0211185055272817;0,832402646905009;0,696154100789163;0,852897465631307;5,96481335516811;0,829236751354632;0,829236751354632;1,16724737931179;1,35159033159515;0,0413034571931328;1,52885344633885;0,710420743753183;0,884054867935056;10,1996538387656;12914,5669660067;56,7699953122386;0,928813150066376;0,0523560126528899;29,9739990705983;0,247597403152533;0;0
OVCAR-8 R1;bayesynergy;2.5.1;Bayesian;346;PASS;Abemaciclib (LY2835219);Niraparib (MK-4827);0,450626802153593;0,450626802153593;0,668014375215073;1,2253043038479;0,0508402715065625;1,80249790977424;0,674576504447991;0,679797858507963;12,8760392045626;0,682328543537689;0,682328543537689;1,01149871453995;1,53531580466872;0,053558218407506;1,9842317064247;0,674571834575217;0,773758326559121;11,2938826685987;5433,12702066724;8452,98146041114;1,15866796723725;0,0883174773948101;11,8055488881433;0,258109433501392;0;0
OVCAR-8 R3;bayesynergy;2.5.1;Bayesian;347;PASS;Niraparib (MK-4827);Venetoclax (ABT-199);0,439357317569554;0,439357317569554;0,651304256064765;1,04672925344472;0,0329492110133101;1,45357960738162;0,674580756195558;0,720124653110924;13,0439164042793;0,3247826889413;0,3247826889413;0,481446963042524;0,889957048150904;0,0272004884798063;1,25947450033791;0,674597024953326;0,706609818549031;7,88305016606633;8796,42556326879;12825,8669904096;1,08946564622341;0,0567150823870747;13,6890281758605;0,245256899036064;0;0
OVCAR-8 R2;bayesynergy;2.5.1;Bayesian;348;PASS;Flavopiridol (L86-8275) HCl;Trametinib (GSK1120212);0,43800584182451;0,43800584182451;0,632210262068683;0,703699230871583;0,0239452453874368;0,802679863889692;0,692816722701229;0,876722792827488;7,09802187137367;10,4381164727054;10,4381164727054;2,87009559656992;10,4605321669661;0,0790636277983783;2,90602729018039;3,63685324111856;3,59959873821996;19,7757520384206;159,222656250647;61,6030952269871;414,052355300963;0,0601139581181286;4,93832375884043;1,22177247302225;0;0
OVCAR-8 R3;bayesynergy;2.5.1;Bayesian;349;PASS;Mebendalzole;Paclitaxel (NSC 125973);0,435429754206739;0,435429754206739;0,6454651215996;0,96896175530203;0,0333370607339606;1,3252065897874;0,674598424664141;0,731200984798405;10,6766258161813;2,84746594747438;2,84746594747438;3,07858815004218;3,44890902611128;0,0837011693347;2,96674442818775;0,92492591041623;1,16252313254299;22,1191498297568;988,534332431844;9,91129263568919;1,75392814671615;0,0908200957248403;14,9604463479588;0,26387605055476;0;0
OVCAR-8 R3;bayesynergy;2.5.1;Bayesian;350;PASS;Carboplatin (NSC 241240);Temsirolimus (CCI-779);0,433260750635254;0,433260750635254;0,64223819434644;0,900008976320037;0,0562591626376318;1,21718146342603;0,674610688758791;0,739444549713991;9,29814147386119;1,13336402959121;1,13336402959121;1,55372790101071;2,00237895920249;0,0770440968174027;2,2944489867583;0,729448205734064;0,872705809001898;15,1342805623901;75771,2442037387;141,682383755185;1,91738449608908;0,0765150567648906;30,8916136716824;0,548376128721512;1;0
OVCAR-8 R1;bayesynergy;2.5.1;Bayesian;351;PASS;Paclitaxel (NSC 125973);Pictilisib (GDC-0941);0,422769589885372;0,422769589885372;0,626670150009316;0,888975170939777;0,027985363706978;1,20247943816342;0,674628574345032;0,739304786276353;8,94788922329501;0,938297250073096;0,938297250073096;1,34144052135789;1,67054103688786;0,0457044084868978;1,99591180348166;0,69946988713543;0,836981390647511;12,0670400771625;12,8841242279593;993,750207909124;0,95150029504182;0,0927746422352488;24,0943593699316;0,186872707428615;0;0
OVCAR-8 R1;bayesynergy;2.5.1;Bayesian;352;PASS;Pertuzumab (anti-HER2);Trametinib (GSK1120212);0,414782375819215;0,414782375819215;0,614184723731802;0,856169044978525;0,0273237432023496;1,13877547413678;0,675338151198205;0,751852919540274;7,44298864002152;1,48560689863257;1,48560689863257;1,96890947576465;2,0490432088664;0,0570794164913857;2,07985492877081;0,754532860407721;0,985185639883734;13,5704024844795;157414,94984918;17,5671922032552;1,19107854441993;0,0729715582602241;20,9071070318769;0,179728138809591;1;0
OVCAR-8 R2;bayesynergy;2.5.1;Bayesian;353;PASS;Niraparib (MK-4827);Paclitaxel (NSC 125973);0,410693986707365;0,410693986707365;0,608765343088235;0,78470248955435;0,0287107938466033;1,024356601969;0,67463430921336;0,76607107733247;7,75892685279024;13,4558653375798;13,4558653375798;4,82728593447492;13,1511830919391;0,220837151783241;5,1039070762205;2,78745976936694;2,5766893667033;30,6189150100622;12265,8459550692;12,774013135861;20,0849508212596;0,0870299165712669;3,65611334311724;1,06504719644371;0;0
OVCAR-8 R3;bayesynergy;2.5.1;Bayesian;354;PASS;Olaparib (AZD2281);Temsirolimus (CCI-779);0,407586885512028;0,407586885512028;0,604219491277989;0,923617134809722;0,0447234805584828;1,23242891634179;0,674567589089087;0,749458228787547;10,0530579248476;2,27686916503466;2,27686916503466;2,6300572845793;2,6558365816094;0,0849592739136441;2,28047899461856;0,865710864316353;1,16459594141257;11,3935307071089;28011,8006577789;799,524537371253;2,15682139474175;0,0529520251627987;17,1853842966099;0,449399547565177;0;0
OVCAR-8 R1;bayesynergy;2.5.1;Bayesian;355;PASS;Paclitaxel (NSC 125973);Pertuzumab (anti-HER2);0,401909024968786;0,401909024968786;0,595775210789096;0,938431271044659;0,0333794124361246;1,29955173693677;0,67459843526632;0,722141654341778;8,82542925744036;0,510743718042301;0,510743718042301;0,75709526736506;1,17563290077328;0,0346989241308839;1,61137111282144;0,674609576968901;0,729585439020809;12,9976607979419;15,1087916097646;3203206007,68685;0,666499769577672;0,0862528767146145;25,5360192749553;0,141962095246756;0;0
OVCAR-8 R3;bayesynergy;2.5.1;Bayesian;356;PASS;Navitoclax (ABT-263);Olaparib (AZD2281);0,400511752782782;0,400511752782782;0,593728698184698;1,21914573271464;0,0455192146504666;1,78524380640258;0,674570311334673;0,682921063739675;11,5770595343184;0,407043605751097;0,407043605751097;0,603408515393742;1,16623578583677;0,0507307090681289;1,69287011425084;0,674573850661503;0,688910375355566;13,1270173095603;52006,681804738;32943,3750547815;1,9427857771241;0,0705997380461687;13,0425706750172;0,337876557481416;1;0
OVCAR-8 R3;bayesynergy;2.5.1;Bayesian;357;PASS;AZD8055;Carboplatin (NSC 241240);0,398926870031274;0,398926870031274;0,591356999287849;0,984346443041951;0,0314911666959875;1,32538031861735;0,674595668118731;0,742708410494766;8,25092446528259;0,304258392574219;0,304258392574219;0,45100147590225;0,820252947557111;0,0298700344872944;1,23283862288653;0,674628374476016;0,665336835113584;10,3334854786366;176,637006398704;42183,1173673568;1,00951081027434;0,0681810662895696;35,2392818037227;0,147242071332842;0;0
OVCAR-8 R1;bayesynergy;2.5.1;Bayesian;358;PASS;Everolimus (RAD001);Olaparib (AZD2281);0,398925927147182;0,398925927147182;0,59135039698034;1,02704234657092;0,0362705604754759;1,5077089511779;0,674601605383626;0,681214037133435;13,1400008268543;0,660111904883778;0,660111904883778;0,9646196716846;1,31443371343731;0,0341540246196474;1,6580248988795;0,684323494803881;0,792770792721879;12,2672172489379;15,5945914414716;31669,9070767091;0,910714406949039;0,0834801605661515;50,0323722004547;0,188433690422521;0;0
OVCAR-8 R2;bayesynergy;2.5.1;Bayesian;359;PASS;Niraparib (MK-4827);TNKS1/2 inhibitor (OM-153);0,397117873443117;0,397117873443117;0,588688643108338;1,07383118253694;0,0349770103741653;1,46501345264036;0,674580490199868;0,733004096350574;9,58871022148826;0,643565539915518;0,643565539915518;0,954034221160556;1,47347910109893;0,0452713576313324;1,90127184053988;0,674572804246621;0,774996541620539;10,7395122271696;12450,4950226886;279,667211381305;1,60125636221469;0,0636780185107221;37,4287734982098;0,333028051994123;0;0
OVCAR-8 R1;bayesynergy;2.5.1;Bayesian;360;PASS;Binimetinib (MEK162);Carboplatin (NSC 241240);0,395308553872968;0,395308553872968;0,585963959520726;0,846748731751559;0,024192409807564;1,11741962454782;0,674629467307682;0,757793702769209;7,19621764852861;0,702004747984916;0,702004747984916;1,03528091532661;1,39166910867645;0,04602071753202;1,75557255045017;0,678081414997827;0,792715236017788;11,039296238655;1072,67018714526;19608,1203632191;0,986005364308095;0,0684800370491734;16,7915038435582;0,123441898486563;0;0
OVCAR-8 R1;bayesynergy;2.5.1;Bayesian;361;PASS;Trametinib (GSK1120212);Venetoclax (ABT-199);0,391343071643011;0,391343071643011;0,58008700572382;0,804108938647399;0,0307931145917501;1,07623154081252;0,674628232974641;0,747180781002501;7,32263182457354;1,50518234045543;1,50518234045543;1,9770506947902;2,11971555326638;0,059324808434091;2,12412143206484;0,761327134616122;0,997925787701237;11,3945814673236;16,6757973254853;2020905,08590253;1,01332323209238;0,0669813109829526;15,5019350901781;0,200370572136052;0;0
OVCAR-8 R1;bayesynergy;2.5.1;Bayesian;362;PASS;Niclosamide (BAY2353);Trametinib (GSK1120212);0,390492862778931;0,390492862778931;0,573474069932188;0,718363659901086;0,0221860167512413;0,85634668061712;0,680925055295186;0,838894193970899;5,29563444653457;0,600294520514443;0,600294520514443;0,868183087684524;0,983630502548104;0,0299216949873625;1,10108963475234;0,691437703670836;0,893324640885699;6,97231944119758;2551,27375707879;16,6388428017838;0,948550406862343;0,0524921034487407;22,9517638392057;0,0915875334425675;0;0
OVCAR-8 R2;bayesynergy;2.5.1;Bayesian;363;PASS;Carboplatin (NSC 241240);Flavopiridol (L86-8275) HCl;0,389999025880129;0,389999025880129;0,578115327813908;0,949534064804908;0,0297314371691824;1,25896862961149;0,674604195939374;0,754239651597805;7,53972408970106;0,336905538894624;0,336905538894624;0,499412685556308;1,01277788059282;0,0456115410624813;1,54795653288672;0,674603486532058;0,654267648397166;16,2090832469345;473673,032225064;165,505841880344;1,85772449178494;0,0868437367450377;23,2421236484267;0,430661361831137;0;0
OVCAR-8 R1;bayesynergy;2.5.1;Bayesian;364;PASS;Binimetinib (MEK162);Paclitaxel (NSC 125973);0,388856635139358;0,388856635139358;0,576388665839078;0,837064838521249;0,0235266649251962;1,08621215616185;0,674643097940311;0,770650346772742;6,38324549761342;0,630297897274527;0,630297897274527;0,892876811577615;1,11370753706826;0,0298274603222657;1,31235914348616;0,705918094301116;0,848630150211624;8,20881166119521;292,380673480514;12,8766032475773;0,736927936339977;0,0728461184925766;21,9538728044799;0,0774053371951948;0;0
OVCAR-8 R1;bayesynergy;2.5.1;Bayesian;365;PASS;Lapatinib Ditosylate (Tykerb);Olaparib (AZD2281);0,388756717959806;0,388756717959806;0,576242832490927;0,863296274236879;0,0262776202584604;1,17422087051188;0,674640439828685;0,735228332639888;8,85269826717191;0,152462297762386;0,152462297762386;0,225980646917233;0,511389425086446;0,0179789696691846;0,808869705672517;0,674669711067012;0,632227194936497;6,73577773217099;3758,23804552157;31419,4951247155;0,874860922559222;0,0622249856304037;32,3478144093182;0,13006417549298;0;0
OVCAR-8 R1;bayesynergy;2.5.1;Bayesian;366;PASS;LJH-685;Trametinib (GSK1120212);0,378069735078731;0,378069735078731;0,560420826581594;0,885090861838546;0,0264285314124925;1,19430459556655;0,67461756798877;0,741114895746628;9,27614410234576;0,745661982004115;0,745661982004115;1,08848047221067;1,30515530985346;0,0354843433695793;1,56097161663581;0,685048561771343;0,836117259240314;11,6689609567214;53451,8227175022;17,9192978966201;0,869366496814004;0,0714175176751697;17,6410731502346;0,121078046816794;0;0
OVCAR-8 R3;bayesynergy;2.5.1;Bayesian;367;PASS;Olaparib (AZD2281);Vemurafenib (PLX4032);0,377241345934321;0,377241345934321;0,559247891510198;1,14206665602578;0,0421250188946066;1,5855197002303;0,674551217199256;0,720333587201562;10,6716728974428;0,582304125959034;0,582304125959034;0,863217342875233;1,28866816950902;0,0407060989018095;1,69613202146771;0,674574173891684;0,759768787569911;11,8418491301416;17330,8021487581;24407,1575165761;1,43445570478273;0,0584535939739693;31,8468944508693;0,489185398094742;0;0
OVCAR-8 R1;bayesynergy;2.5.1;Bayesian;368;PASS;AZD7762;Trametinib (GSK1120212);0,373985384511733;0,373985384511733;0,553907831164986;0,787963005702434;0,0274422565422472;1,05214637141811;0,675176199847478;0,748931296009863;9,59849392708012;0,452648599848686;0,452648599848686;0,664557848167413;0,930025078589103;0,030672416434524;1,25008645441982;0,681127461058374;0,743968607371831;11,5151764038438;356,163232959228;15,7086793595977;0,88949001509322;0,0738247015790354;32,9281876958727;0,12240540660696;0;0
OVCAR-8 R1;bayesynergy;2.5.1;Bayesian;369;PASS;Carboplatin (NSC 241240);Venetoclax (ABT-199);0,373761615895032;0,373761615895032;0,554072916417992;1,2094097424251;0,0606429558432108;1,80099759402954;0,674571170724878;0,671540059692483;13,3558005496645;0,24498079370196;0,24498079370196;0,363165542910449;1,01776962026571;0,0419639094543827;1,664497446212;0,674570587668249;0,611457603964435;14,4112118655235;15758,2272032993;45581,5467483931;1,45577914359686;0,0887035951930402;12,9877325742527;0,301660130476095;0;1
OVCAR-8 R1;bayesynergy;2.5.1;Bayesian;370;PASS;AZD8055;Carboplatin (NSC 241240);0,372466576826884;0,372466576826884;0,552087402840409;0,841058070774571;0,0244522391596515;1,07951901442405;0,674651468065741;0,779126202504302;8,78238564745602;0,187589554447097;0,187589554447097;0,278030294154854;0,534927431932604;0,0171156962166966;0,819578988001182;0,674709045707859;0,652685634653962;6,47251532883644;136,177589970579;23134,7373709285;0,710960101519147;0,0563537873432959;18,4734738608956;0,100201720343042;0;0
OVCAR-8 R1;bayesynergy;2.5.1;Bayesian;371;PASS;Flunarizine 2HCl;Olaparib (AZD2281);0,36961920478088;0,36961920478088;0,547931400460867;1,01258316020077;0,0322843942726322;1,37174844883394;0,674572044000383;0,73819387475082;8,95788643256668;0,155532693920677;0,155532693920677;0,230545675302821;0,665834230202112;0,0255964059675388;1,10432115797493;0,674628546887232;0,602935319489029;8,20530819532002;24809,4630573185;16905,7480007945;1,3672163187795;0,0557489308608408;19,272759768056;0,221173526445177;0;0
OVCAR-8 R3;bayesynergy;2.5.1;Bayesian;372;PASS;Cucurbitacin I (JSI-124);Trametinib (GSK1120212);0,363042058224981;0,363042058224981;0,537104307954343;0,790045178254357;0,0252456624847396;1,05272853764812;0,675924681385803;0,750492613001332;8,14774913254196;0,39221924780927;0,39221924780927;0,581357005235308;0,871736835650155;0,0258973137338156;1,16927834366903;0,674661600835989;0,745534064126054;8,40725170337484;703,14036648199;182,348746840568;0,650608459350972;0,0663100675311852;18,9452590983995;0,099926566739691;0;0
OVCAR-8 R2;bayesynergy;2.5.1;Bayesian;373;PASS;Afatinib (BIBW2992);Niraparib (MK-4827);0,361127044651622;0,361127044651622;0,535337445175328;1,00659323744851;0,0389266511939907;1,46728288603034;0,674578339150832;0,686048120317138;10,0422014575671;0,876637675535703;0,876637675535703;1,29956502869767;1,61162610064953;0,047972286718425;1,97299755787692;0,674562377547361;0,816841406729238;13,6987946534799;4525,91861368608;10479,7542051093;1,19427291086403;0,0791839591802386;16,3827975803469;0,262078998864699;0;0
OVCAR-8 R3;bayesynergy;2.5.1;Bayesian;374;PASS;Nutlin-3a;Trametinib (GSK1120212);0,359899262814952;0,359899262814952;0,533468443078468;0,832587949077868;0,0255276597007222;1,11466367316227;0,674640210652561;0,746962242844419;7,64174134159991;0,490700388718604;0,490700388718604;0,727373618688199;1,05650357664205;0,0310282144278772;1,34765744319104;0,674619447435514;0,783955583060053;8,66077254311113;2250,85483536202;76,5894555659883;0,89059942342135;0,0620607042384799;37,4178608505482;0,13721925393217;0;0
OVCAR-8 R1;bayesynergy;2.5.1;Bayesian;375;PASS;Olaparib (AZD2281);Selumetinib (AZD6244);0,359045209822997;0,359045209822997;0,532240859227765;1,02599585129994;0,0332762916974748;1,45566799475634;0,674591594384429;0,704850081819981;9,67747187366986;0,437550447501193;0,437550447501193;0,648628913509299;1,21255708653256;0,0374690034428402;1,73350579531702;0,674577463921395;0,699482568681465;11,6475755933108;29585,8389407328;3725,90782513869;0,906505890021899;0,0784105943194909;38,2397548645767;0,13759839825528;0;0
OVCAR-8 R1;bayesynergy;2.5.1;Bayesian;376;PASS;Paclitaxel (NSC 125973);Simvastatin (MK 733);0,35844089315202;0,35844089315202;0,531332645368591;0,831289401167158;0,0296288204577893;1,11179315597405;0,674607322317577;0,747729409529014;7,62435128270999;1,55938772787446;1,55938772787446;2,13089878010825;2,34578241038467;0,07695131133598;2,47385254008281;0,731798123135274;0,948230491663076;17,900853530115;15,8010813700896;105390,192815634;1,20698856170443;0,0883762502741345;11,0385916165447;0,218032539883102;0;0
OVCAR-8 R1;bayesynergy;2.5.1;Bayesian;377;PASS;Gemcitabine (LY-188011) HCl;Olaparib (AZD2281);0,353309472260902;0,353309472260902;0,52375113581436;1,08791742372574;0,0377772213458242;1,62015987612507;0,67457509511947;0,671509390921134;12,5305279942944;0,592267898303192;0,592267898303192;0,87800340196526;1,44876387169819;0,0460584025547709;1,99571945630984;0,674562190735824;0,72593563545099;15,3928113646447;164,592920813378;10163,1463615964;1,03843167434136;0,117487824645463;24,939266067594;0,166374894402926;0;0
OVCAR-8 R2;bayesynergy;2.5.1;Bayesian;378;PASS;Entrektinib (RXDX-101);Trametinib (GSK1120212);0,35153720345005;0,35153720345005;0,52109783054268;0,733817722971344;0,0269799534949134;0,958302941252616;0,674608840884933;0,765777180485598;7,39637754259254;3,90337514833482;3,90337514833482;2,37564700856826;4,09191971040707;0,0669391642596642;2,41079965194931;1,64307876307233;1,69732881249524;13,5820510428163;6361,98458460033;48,0762295663353;5,42284799177684;0,0624580056045746;8,91915778324964;0,617505118643346;0;0
OVCAR-8 R2;bayesynergy;2.5.1;Bayesian;379;PASS;Olaparib (AZD2281);Pictilisib (GDC-0941);0,351267454107796;0,351267454107796;0,520691798840494;0,927147868144741;0,031404399153328;1,32643860077796;0,674616836466444;0,698998431357146;9,17110902663564;0,67017877485623;0,67017877485623;0,975682207204322;1,28471270292894;0,0399172377520288;1,61738455287951;0,686882234715063;0,7943149331071;12,5676602380689;21580,6576405942;2427,00499721617;1,31844778938227;0,0766143356004131;53,2585069620642;0,217372914995803;0;0
OVCAR-8 R1;bayesynergy;2.5.1;Bayesian;380;PASS;Dasatinib (BMS-354825);Paclitaxel (NSC 125973);0,35027181973065;0,35027181973065;0,519210550541059;0,758210068396658;0,0227503737782847;1,01015105231895;0,674623848389904;0,750614252380464;10,3309464224923;1,27571738021684;1,27571738021684;1,69208633533191;1,92306503811662;0,0623564581611245;2,00225720042699;0,753931613050115;0,960448556612265;10,7229461023888;160,138791208523;14,8530726895978;1,04225158653826;0,0849422119426239;19,7882687466816;0,13711942238124;0;0
OVCAR-8 R3;bayesynergy;2.5.1;Bayesian;381;PASS;Carboplatin (NSC 241240);MK-2206 2HCl;0,350160978416255;0,350160978416255;0,519048265562095;0,903234583068201;0,0330313266844406;1,29582342247588;0,674621228214785;0,697057882606189;12,5779368034993;0,307242446991995;0,307242446991995;0,455400042964142;0,794072415356763;0,0279826501180697;1,20126253606907;0,674664949507233;0,661031532669977;11,1960332310424;12228,1511954204;12109,3604895605;1,43084237093314;0,0985923743581809;64,8504433449993;0,386851194351422;95;0
OVCAR-8 R2;bayesynergy;2.5.1;Bayesian;382;PASS;Flavopiridol (L86-8275) HCl;Paclitaxel (NSC 125973);0,347767151266827;0,347767151266827;0,515486949159621;0,773872211815331;0,027625345567317;1,01342275806396;0,674638129701981;0,763650649217712;8,062532228952;1,02870477903486;1,02870477903486;1,4776806490994;1,99568615164001;0,0941661418064877;2,42721978265084;0,696161771937543;0,822210730937789;13,8910680776037;151,924064421976;12,1663349688409;1,21260154743771;0,0739060985958255;21,6434183395547;0,296318885289516;0;0
OVCAR-8 R1;bayesynergy;2.5.1;Bayesian;383;PASS;AZD7762;Niraparib (MK-4827);0,344093781681355;0,344093781681355;0,510037555411021;0,722141404760598;0,0253785794115175;0,984321092459278;0,674644010094632;0,733674772512028;7,08716676782928;2,10805359019067;2,10805359019067;2,6019168760733;2,73926597907719;0,0796729203726121;2,59916781744223;0,810192519821023;1,05390116047714;13,7496250093564;381,036265759552;6857,44565537547;1,9589304590317;0,0873326346705481;9,5182012531066;0,416514219724562;0;0
OVCAR-8 R1;bayesynergy;2.5.1;Bayesian;384;PASS;Erlotinib;Olaparib (AZD2281);0,34403873734629;0,34403873734629;0,50997521190406;0,920403879898394;0,0277756333086845;1,27174942253584;0,674618548736467;0,723751751659303;7,6066227771348;0,249857931019683;0,249857931019683;0,37036589388095;0,675825069619508;0,022219167296509;1,0042763794457;0,674624567617441;0,672947291653444;8,61823575909245;11842,9455970071;25203,9563707785;0,797245584166585;0,0568390541980305;18,2228677877131;0,14563112313718;0;0
OVCAR-8 R1;bayesynergy;2.5.1;Bayesian;385;PASS;Dabrafenib ;Trametinib (GSK1120212);0,343837760884724;0,343837760884724;0,509681251780923;0,817566372001607;0,0271474377845807;1,0833802133536;0,67461331897787;0,754669605743803;6,60241182993507;1,27051260664593;1,27051260664593;1,61567242584236;1,65361482092391;0,0387732577186582;1,61808995216463;0,786367698256367;1,02195481698144;14,8634140230235;563865853,98286;16,4571737319121;1,42850222013709;0,0636479990534666;22,9410736140663;0,190577259315906;0;0
OVCAR-8 R1;bayesynergy;2.5.1;Bayesian;386;PASS;Cucurbitacin I (JSI-124);Paclitaxel (NSC 125973);0,34360940729664;0,34360940729664;0,50727138752897;0,722875778368476;0,0260223636888961;0,977896881630445;0,67736800407852;0,739236596724298;8,18940819603312;0,617385542694286;0,617385542694286;0,894217614773084;1,21964283823819;0,0374634907154201;1,49923158307412;0,690419795466625;0,813511969736759;10,2702760463502;202,44140495458;12,4439292846764;0,908677884060571;0,0785342058572701;31,8992382429937;0,122434916158127;0;0
OVCAR-8 R1;bayesynergy;2.5.1;Bayesian;387;PASS;Carboplatin (NSC 241240);Sorafenib (Nexavar);0,337902736693215;0,337902736693215;0,500899171009325;0,935398564426963;0,0343800913153239;1,3414019057006;0,674592325661734;0,697353888448935;11,4631545886068;0,164911235811017;0,164911235811017;0,244454968222902;0,677436738042034;0,0246472516257684;1,08930035679645;0,674607830676796;0,621900776783293;8,20659895818303;19536,9790987316;5117,18810816966;0,974751982470537;0,0758224486285249;17,2104416887632;0,181234425900334;0;0
OVCAR-8 R3;bayesynergy;2.5.1;Bayesian;388;PASS;Binimetinib (MEK162);Olaparib (AZD2281);0,335054082990184;0,335054082990184;0,496645161869278;0,775126040481398;0,0232551311559447;1,069023669364;0,674634746725619;0,72510294880703;7,14826833556301;0,394535026495705;0,394535026495705;0,584820131669709;0,982761594735444;0,034932185643814;1,40637998861023;0,674626274183271;0,698788096172072;10,8326873925407;16299,6359103897;51906,0214471449;0,758479660928311;0,0550216899778619;226,145505420514;0,167602034683054;0;0
OVCAR-8 R3;bayesynergy;2.5.1;Bayesian;389;PASS;Afatinib (BIBW2992);Niraparib (MK-4827);0,334655549750002;0,334655549750002;0,496088812266127;0,847940621402728;0,0298036961018476;1,16873559306917;0,674587979965321;0,725553053088934;7,83655655430387;3,99148490256561;3,99148490256561;2,97427678130346;4,12854550510717;0,0784330162470974;2,77747757667696;1,34200183643177;1,48643702464977;15,8428992296443;4641,92070358494;9063,4966756271;3,78072415368724;0,0720437070025437;13,421974246995;0,554881189423183;0;0
OVCAR-8 R2;bayesynergy;2.5.1;Bayesian;390;PASS;Dexamethasone;Niraparib (MK-4827);0,33456888555385;0,33456888555385;0,495949274133273;0,794191324499169;0,0275922993283867;1,1607420224593;0,67460303503528;0,684238688152289;9,31574842884618;1,86557965843617;1,86557965843617;2,54210319590619;2,44963784032514;0,0669953958462945;2,36195353369699;0,733872512115363;1,03712363743706;12,0228005978965;892426,561657543;10167,2388728644;2,23022810233211;0,056792607309654;14,2895845836078;0,585877381375178;0;0
OVCAR-8 R3;bayesynergy;2.5.1;Bayesian;391;PASS;Alectinib (CH5424802);Trametinib (GSK1120212);0,33369440650197;0,33369440650197;0,494646958325618;0,820426936056748;0,0253374569622943;1,11596837562491;0,674611257353177;0,735195967136998;8,22908430101061;0,741352166503669;0,741352166503669;1,08453764640938;1,4614929633242;0,0477035637213606;1,84005555591712;0,683565175407317;0,794265672373009;10,7223664440997;45880,2903464018;87,4148919198425;1,02796800199339;0,0647257575945484;92,8286624823105;0,226076216269471;0;0
OVCAR-8 R2;bayesynergy;2.5.1;Bayesian;392;PASS;Niclosamide (BAY2353);Trametinib (GSK1120212);0,333290253588061;0,333290253588061;0,494026885257335;0,764883184717059;0,0346937884325193;1,04399591443841;0,674639910365309;0,73267533658559;9,27761246286215;0,828662250109423;0,828662250109423;1,03846851220593;1,15477701346033;0,0323326788859668;1,17658795765668;0,797965696956148;0,981462546803729;7,97446557883088;3073,03587879121;45,8601381403892;0,831590827152809;0,0489326138075464;522,162643273729;0,112535330013459;0;0
OVCAR-8 R1;bayesynergy;2.5.1;Bayesian;393;PASS;Erlotinib;Paclitaxel (NSC 125973);0,332243026318842;0,332243026318842;0,492451833056002;0,780664564753199;0,0233697001817911;1,05673011544122;0,674671113024487;0,738777155320993;7,51019006362341;0,318249645663624;0,318249645663624;0,471724986139102;0,799646142478719;0,0240334187360778;1,10233535900183;0,674650813535195;0,725410952255767;7,23289269030992;7589,17250657244;13,0605201709934;0,611053249824736;0,0641095912725614;19,3851962217889;0,069663727787192;0;0
OVCAR-8 R1;bayesynergy;2.5.1;Bayesian;394;PASS;Alpelisib (BYL719);Olaparib (AZD2281);0,328608402591489;0,328608402591489;0,487115819708497;1,01113297052903;0,0374296561584283;1,60446083190454;0,674600144967856;0,630219412026959;14,2984385831249;0,436703083659513;0,436703083659513;0,64736531265246;1,19710275038591;0,0456483683663159;1,78733503400989;0,674585238233113;0,669769644530609;16,3065525803998;6056,72495928222;31275,0229867104;1,11086579089241;0,0827293473708989;15,3873841229151;0,198672629562949;0;0
OVCAR-8 R3;bayesynergy;2.5.1;Bayesian;395;PASS;Dexamethasone;Niraparib (MK-4827);0,323379398759005;0,323379398759005;0,479329362851473;0,638290414247361;0,0222419045783584;0,83478845973751;0,6746496747774;0,764649844756645;5,72101067950928;5,70958946977871;5,70958946977871;3,65879075371495;5,48630574867541;0,135618432383006;3,41491826510024;1,56051270873621;1,60657014978786;19,0291824825861;43,1721654314842;9153,70859092343;3,78445231314269;0,0531810325520541;8,56164012515236;0,911904439749846;0;0
OVCAR-8 R2;bayesynergy;2.5.1;Bayesian;396;PASS;Olaparib (AZD2281);Sorafenib (Nexavar);0,322722782277425;0,322722782277425;0,478359212989041;0,782912202821359;0,0241464131762095;1,08368868735978;0,674645273916401;0,722476938187013;7,05149351698104;0,134224531465604;0,134224531465604;0,198950265296565;0,521512005295444;0,0190854012314124;0,855583586691976;0,674663747070267;0,609539515959879;7,41804170903498;20913,5003747305;7778,79777662966;0,877485948956881;0,0473782526931029;48,7534808497907;0,129785649242579;0;0
OVCAR-8 R3;bayesynergy;2.5.1;Bayesian;397;PASS;Carboplatin (NSC 241240);Navitoclax (ABT-263);0,321366424537886;0,321366424537886;0,476413574712717;1,2826665985866;0,0436042224754139;1,97974869439521;0,674553458582019;0,64791011612988;13,9427867222858;0,20708899347517;0,20708899347517;0,306977888134373;0,889297017070047;0,0387359025917345;1,48013273003423;0,674605570888941;0,600822479649836;12,6016951879924;51245,1545932717;33843,5800294581;1,34813007751208;0,0884885604910372;9,35532957423822;0,265517468589011;2;0
OVCAR-8 R1;bayesynergy;2.5.1;Bayesian;398;PASS;Carboplatin (NSC 241240);Volasertib (BI 6727);0,32083525821702;0,32083525821702;0,475594550959236;1,04310828122508;0,044178627475946;1,56854689793878;0,674598263520726;0,66503409119375;13,6218506832234;1,60121061218862;1,60121061218862;2,2442196017385;2,31637776029648;0,0715070688229735;2,35028786873297;0,713482143613856;0,985571934022375;13,1471955874653;105289,312949748;716,091355697634;1,87508481054589;0,109031300876263;13,0491659410359;0,394772193046794;0;0
OVCAR-8 R2;bayesynergy;2.5.1;Bayesian;399;PASS;Carboplatin (NSC 241240);Entrektinib (RXDX-101);0,320389854947011;0,320389854947011;0,474899971833244;0,783241748538244;0,0260461513355478;1,09075916869134;0,674647028742112;0,718097056650653;7,93381867705398;0,116973447405295;0,116973447405295;0,173370098797038;0,490184456252694;0,0194369773150948;0,82166276199008;0,674703701601016;0,596576209764527;5,77327864162081;874789,481420505;6158,15094090572;1,42184211316079;0,0854376977833477;12,4197699498974;0,371797000558055;0;0
OVCAR-8 R3;bayesynergy;2.5.1;Bayesian;400;PASS;Luminespib (NVP-AUY922);Olaparib (AZD2281);0,31946641634249;0,31946641634249;0,473564155266212;0,758241645997665;0,0236226103742509;1,0073378661366;0,674600078553039;0,752751460476818;7,10425957919534;0,740756502648361;0,740756502648361;1,08016442557476;1,30055710935759;0,0408439099212656;1,51986032596859;0,685781243216002;0,855708308938694;8,94628153341162;18,5429815567242;942950,884517195;1,03825048530928;0,0605311320567217;11,8585248471716;0,321325066835953;0;0
OVCAR-8 R1;bayesynergy;2.5.1;Bayesian;401;PASS;Olaparib (AZD2281);Pertuzumab (anti-HER2);0,317017280271427;0,317017280271427;0,469928827340791;0,846680605873935;0,0278692259671332;1,22559511114576;0,674607008183235;0,690859178941475;10,0161075438905;0,902860050733139;0,902860050733139;1,33738697756328;1,55744239838207;0,0484363411216319;1,82003057212423;0,675092599135483;0,855723207201029;10,8094190075631;28656,5748987325;1113684,9368993;1,83804319081482;0,0721463899701635;75,4704770921985;0,684015114123415;0;3
OVCAR-8 R2;bayesynergy;2.5.1;Bayesian;402;PASS;Carboplatin (NSC 241240);Idasanutlin (RG-7388);0,316336281960257;0,316336281960257;0,468938240513212;0,959779427739627;0,0339425262895472;1,40493779503782;0,674579837238385;0,683171074254915;10,1273032492255;0,209907296477548;0,209907296477548;0,31115163936173;0,770865417705269;0,0286485342181844;1,20056096551371;0,674614142828024;0,642087690545081;9,28425235966727;134384,920856112;15680,3384822722;1,48613243569846;0,0715687635626434;13,6167603203701;0,32859775575296;3;0
OVCAR-8 R3;bayesynergy;2.5.1;Bayesian;403;PASS;Olaparib (AZD2281);Tamoxifen (ICI 46474);0,315398373626599;0,315398373626599;0,467554348413688;1,02925841996995;0,0398492978573381;1,57524831016518;0,674570506501925;0,653417645325172;11,1109388929706;0,288534546790926;0,288534546790926;0,427718314301154;0,959572650201831;0,0297179953661972;1,47262724561545;0,674590114903919;0,651605932905854;10,9644199544306;74345,4873686832;23756,4324158595;0,86164621332015;0,0656081442779506;80,6858683926627;0,301825325008535;0;0
OVCAR-8 R2;bayesynergy;2.5.1;Bayesian;404;PASS;AZD8055;Carboplatin (NSC 241240);0,313523883552795;0,313523883552795;0,464734573989406;0,828627072211589;0,0289722384241933;1,16271983415878;0,674629995486288;0,712685829498906;7,30543106433647;0,369079956001591;0,369079956001591;0,547080324162136;0,815652107466044;0,0286421961021308;1,08676300391456;0,674635770472725;0,750533561161022;8,30963460853433;161,967875933816;2908752,24486797;0,830990396372099;0,0646629375215991;18,6163489763773;0,129444504881637;6;0
OVCAR-8 R2;bayesynergy;2.5.1;Bayesian;405;PASS;Erlotinib;Trametinib (GSK1120212);0,311664480071466;0,311664480071466;0,461333745948061;0,647817302241421;0,0205094605632812;0,824716019729372;0,675572690723029;0,785527675456275;5,59757323764857;0,223100180640256;0,223100180640256;0,330649715404864;0,518346307938799;0,0151726251729439;0,696711950945398;0,67473271636445;0,743989402270813;5,13356497021441;7344,41686301131;55,9586616024047;0,535843105503796;0,0389687664501649;22,9058810771636;0,0584232000883698;0;0
OVCAR-8 R1;bayesynergy;2.5.1;Bayesian;406;PASS;LJH-685;Paclitaxel (NSC 125973);0,309953816902845;0,309953816902845;0,459440385276615;0,807182853770501;0,0394349561824868;1,14887407690895;0,674633373198639;0,702609592377169;8,30754688212019;0,653153653190061;0,653153653190061;0,96800301998398;1,36619117667042;0,0445472488616879;1,7878005261823;0,674743404417138;0,764174278205301;14,1159903400713;32993,5872465807;13,5295622459609;0,727605127186131;0,0827841900916789;14,3399521089104;0,110379908721223;0;0
OVCAR-8 R2;bayesynergy;2.5.1;Bayesian;407;PASS;Carboplatin (NSC 241240);Everolimus (RAD001);0,308763948610657;0,308763948610657;0,457690549838288;0,897429868946581;0,0359510737461147;1,28753426462199;0,674612898867478;0,697034513315304;9,45077156611893;0,413817247656535;0,413817247656535;0,613246035727175;0,964139716633019;0,0279411431054466;1,28917980582925;0,674798080293889;0,747870632376875;8,61821353909828;82511,5891649181;198,33980747929;1,32407896566579;0,076701562981496;14,3775637738753;0,352053209791111;1;0
OVCAR-8 R1;bayesynergy;2.5.1;Bayesian;408;PASS;Niraparib (MK-4827);Temsirolimus (CCI-779);0,308664848652126;0,308664848652126;0,457533509623655;0,789095859767738;0,0268626032951726;1,12145358062044;0,674627851643082;0,70366538296429;7,63881254681442;1,1092400037144;1,1092400037144;1,51733968701817;1,71654435051986;0,0472987808910256;1,86026265773786;0,731042635478841;0,922743002650623;14,3053656049012;9142,85924224502;9,4406869609782;1,09555444172393;0,0691795043578575;26,5118055196374;0,152287106773764;0;0
OVCAR-8 R3;bayesynergy;2.5.1;Bayesian;409;PASS;Cerdulatinib (PRT062070, PRT2070);Niraparib (MK-4827);0,307671652161551;0,307671652161551;0,456120673127228;2,14809873279322;0,228204317064192;3,46277746089758;0,674540029181555;0,620351230450842;19,4642904746582;1,6103435867816;1,6103435867816;2,24366806887053;2,33139164621596;0,0736881526789718;2,44836756979696;0,717728085149536;0,95222289127498;16,9831879951253;1452,35991895815;10654,6049566943;1,55063333755789;0,0664780752069537;14,3715400740038;0,649973372242412;0;0
OVCAR-8 R2;bayesynergy;2.5.1;Bayesian;410;PASS;Carboplatin (NSC 241240);Gedatolisib (PKI-587);0,307669215342452;0,307669215342452;0,456041288495879;0,765645095383326;0,0289441833838493;1,10418345470135;0,674652105201286;0,693426205940399;9,03934311737034;0,143554375594444;0,143554375594444;0,212760105815409;0,502640884238492;0,0180641001129252;0,820059706247514;0,674724122007121;0,612932058982035;9,53529683026883;340173,217531171;1703,1860106011;0,942188519838508;0,0681304272834039;13,0231881787374;0,17902471096124;0;0
OVCAR-8 R3;bayesynergy;2.5.1;Bayesian;411;PASS;Nutlin-3a;Olaparib (AZD2281);0,307467749728407;0,307467749728407;0,455805958270696;1,2877890944287;0,0674334187182825;1,9700806037755;0,674558425903259;0,653693764733681;12,0111796252375;0,76159396593487;0,76159396593487;1,12816469913291;1,51879363118411;0,0473135092210779;1,92540926104346;0,675073388238632;0,788815999753223;14,8674731625653;12250,8911157377;16189,4469657506;1,77032220116571;0,0616758401156002;16,096516441895;0,553894382002275;0;0
OVCAR-8 R3;bayesynergy;2.5.1;Bayesian;412;PASS;Niraparib (MK-4827);Paclitaxel (NSC 125973);0,300689822604299;0,300689822604299;0,445686635575509;0,603229855554123;0,0257510969082358;0,820665349713389;0,674666455313433;0,735088939663388;6,37051449150402;21,0844573037295;21,0844573037295;4,11306464591548;21,0714229010564;0,118943121077792;4,44889228295728;5,12621588009021;4,73633020556069;37,7518158285507;9741,06108395435;9,55805863908101;1587,43571622075;0,0699347580897419;2,41482412689811;1,69299593524458;0;0
OVCAR-8 R2;bayesynergy;2.5.1;Bayesian;413;PASS;MK-2206 2HCl;Carboplatin (NSC 241240);0,300348984211396;0,300348984211396;0,445191956758296;0,782922174544669;0,0279931592847839;1,18845741858038;0,674650517943794;0,658793251812067;9,35981270196822;0,144078421949797;0,144078421949797;0,213530328108079;0,50453325717374;0,0184922681011516;0,822250539750177;0,674744535009897;0,613600396452195;6,0744974091442;12841,9835915242;72100,3891668451;1,50730211607734;0,0772991247198002;12,869527761688;0,36992478868442;21;0
OVCAR-8 R3;bayesynergy;2.5.1;Bayesian;414;PASS;Binimetinib (MEK162);Niraparib (MK-4827);0,299866873604051;0,299866873604051;0,444484451755658;0,756965896652838;0,0336315516423487;1,12286731560727;0,674639736934812;0,674162869172676;8,73587189341799;0,623326689696493;0,623326689696493;0,915928730847056;1,24595543452909;0,0426979145637375;1,5864328444891;0,680540601799921;0,785381769456709;9,91693663195099;22108,252065764;11481,6010678771;0,775436460460766;0,0543603395788871;32,3147357975936;0,139464672398232;0;0
OVCAR-8 R2;bayesynergy;2.5.1;Bayesian;415;PASS;Olaparib (AZD2281);Volasertib (BI 6727);0,298872661341455;0,298872661341455;0,443042177269842;0,987481854232469;0,0498756115644434;1,4981739936815;0,674591893672962;0,659146954014831;9,88969305502122;2,91649255820499;2,91649255820499;3,46572671943278;3,45203716212222;0,10615759178385;3,01662637482378;0,841524099938937;1,14433699543712;15,2662323292256;26309,9285906247;277,234040889981;2,85589321655355;0,0778803395325887;12,8013101925616;0,574445547224173;0;0
OVCAR-8 R1;bayesynergy;2.5.1;Bayesian;416;PASS;Nutlin-3a;Trametinib (GSK1120212);0,29834240581709;0,29834240581709;0,442216826931496;0,582056611054276;0,0187193184020359;0,725534992685114;0,674651862271416;0,802287332689675;5,11308114203595;1,29586048664641;1,29586048664641;1,67077153705161;1,73929227043241;0,0509582818332748;1,69565452873017;0,775606034642657;1,02573504270054;11,3820925952447;67913,6880386207;19,8527904051685;1,16790616720493;0,0564839840785041;18,7916721619071;0,175174627238939;1;0
OVCAR-8 R2;bayesynergy;2.5.1;Bayesian;417;PASS;Flavopiridol (L86-8275) HCl;Olaparib (AZD2281);0,29742651806473;0,29742651806473;0,440889293836797;0,915902484362497;0,0403618627430144;1,3653269015615;0,67460589817549;0,670851655077749;10,6107855208673;0,334764995481055;0,334764995481055;0,496241231695599;0,908502637409175;0,0343045464738784;1,2944623762575;0,674601331165493;0,701837808554779;11,5283438230944;148,403020270248;35614,1240697641;0,77100743789345;0,0576633644339601;65,2557818862126;0,208396108720939;0;0
OVCAR-8 R2;bayesynergy;2.5.1;Bayesian;418;PASS;Carboplatin (NSC 241240);Cucurbitacin I (JSI-124);0,29370189439566;0,29370189439566;0,435329034509198;0,682417895251889;0,020233491981554;0,900133781826343;0,674666450232954;0,758159195158233;6,12586707757335;0,138078239752483;0,138078239752483;0,20463815137378;0,471107680289043;0,0169262823191422;0,75019125094644;0,674743388881953;0,627983437149786;5,24577119048677;143457,517592903;873,773548197331;0,841459857428396;0,0655235010411871;12,8474865328254;0,13686050458061;5;0
OVCAR-8 R2;bayesynergy;2.5.1;Bayesian;419;PASS;Abemaciclib (LY2835219);Paclitaxel (NSC 125973);0,291385990635534;0,291385990635534;0,431935741072645;0,702600026381085;0,0320382139764816;0,982270643452187;0,674604953764471;0,715320366062452;7,20170909833722;11,4910077619328;11,4910077619328;3,65398412163553;11,5845532099837;0,104821862330113;3,66993356329258;3,14478864149782;3,15661115118125;25,8338805992401;54215,8440542863;12,3699637515514;113,699257521504;0,0758583127726032;10,7791028911638;0,989013683688385;0;0
OVCAR-8 R2;bayesynergy;2.5.1;Bayesian;420;PASS;Luminespib (NVP-AUY922);Olaparib (AZD2281);0,285078532707338;0,285078532707338;0,42258991650393;0,75284546107523;0,0269259151964492;1,0410876033498;0,674598521104767;0,723165199686242;10,0073057314377;0,733008744688918;0,733008744688918;1,08563069386205;1,29276110988397;0,040448944581646;1,51110232372948;0,675191617953705;0,855508650594465;10,9938820621355;19,7946151106052;39511,6954518864;1,43174366700875;0,0607026983943712;28,4084739332087;0,384210671833196;0;0
OVCAR-8 R2;bayesynergy;2.5.1;Bayesian;421;PASS;Metformin;Trametinib (GSK1120212);0,284635857106125;0,284635857106125;0,42190314112673;0,678315551117215;0,0221923724902276;0,931397777901965;0,674647399746728;0,728303801523298;8,02568636219143;0,44893903569836;0,44893903569836;0,665450569257594;0,924890458367809;0,0348574283115411;1,1996046775327;0,674639194011383;0,770996042021181;10,0278090801424;315615036,340722;71,5944219956681;1,03335501576753;0,0526486328130301;18,7607082100535;0,151842071343448;0;0
OVCAR-8 R3;bayesynergy;2.5.1;Bayesian;422;PASS;Erlotinib;Olaparib (AZD2281);0,283438992505692;0,283438992505692;0,420134999419284;0,749149124315356;0,023813038220429;1,07585157016932;0,674637897098469;0,69635589192757;8,90238942872081;0,243317064837328;0,243317064837328;0,360661511768519;0,690027121985113;0,02276194913934;1,00125435776657;0,67464106065605;0,689162665443285;7,31958650863484;11407,3140008408;13554,7777173032;0,85706816469292;0,0509047786990273;17,2520001405308;0,165587654212236;0;0
OVCAR-8 R1;bayesynergy;2.5.1;Bayesian;423;PASS;Olaparib (AZD2281);Volasertib (BI 6727);0,283366661637373;0,283366661637373;0,420025481718339;0,912538285366687;0,0431578372632426;1,43055652819228;0,674641596691014;0,637909970795608;11,4195632189217;0,906983521837965;0,906983521837965;1,26800132676603;1,38079582525445;0,0381817694441714;1,50223389897757;0,715285940710472;0,919161673953853;9,49171522950065;25264,215575178;703,185868376243;1,16356356244475;0,0734782948440807;15,2836811269085;0,223586461636814;0;0
OVCAR-8 R2;bayesynergy;2.5.1;Bayesian;424;PASS;Niraparib (MK-4827);Nutlin-3a;0,281330310922603;0,281330310922603;0,417049134351333;1,02040469485105;0,0346002465539659;1,53046305018529;0,674573540022273;0,666752749425776;9,98047538312266;0,656616713244918;0,656616713244918;0,973386374451631;1,378112737933;0,0439338161357369;1,80261274396661;0,674569452048094;0,764508485000773;11,7355612735832;12009,5580428221;871512,487937305;1,58901337227362;0,0606880352448517;23,3660015394622;0,346583525980821;0;0
OVCAR-8 R1;bayesynergy;2.5.1;Bayesian;425;PASS;Olaparib (AZD2281);Quinacrine;0,277014362256141;0,277014362256141;0,410645407151341;0,917201288748771;0,0294478113092258;1,34272126630752;0,674582882048525;0,683118776802564;8,15534425067906;0,315947075604726;0,315947075604726;0,468351899627493;0,975744883501189;0,0335437885355849;1,49537897666238;0,674593347130688;0,65250675496255;10,2727551430752;26964,5773209028;12137,6423664013;0,95008123333069;0,0714153947989616;32,8939427983936;0,194450767498234;0;0
OVCAR-8 R3;bayesynergy;2.5.1;Bayesian;426;PASS;Adavosertib (MK-1775);Paclitaxel (NSC 125973);0,275503584174481;0,275503584174481;0,408384664112959;0,693927004000929;0,0218987230060357;1,00560424743963;0,67461785023905;0,690092472279653;7,65933315610897;0,996114205264127;0,996114205264127;1,41943985140893;1,73419431547848;0,0495233476830753;1,98047600295109;0,701765703052082;0,875645204937791;10,5251801252008;940,689028153338;10,0721196068149;1,05138473210663;0,088460874045598;30,0076217667164;0,204169173849547;0;0
OVCAR-8 R1;bayesynergy;2.5.1;Bayesian;427;PASS;Carboplatin (NSC 241240);Metformin;0,273928507788822;0,273928507788822;0,406063599220419;0,965585781445433;0,033346708390239;1,51169003600975;0,674595083909821;0,638767076927042;9,74615874153294;0,130687380206366;0,130687380206366;0,193723728178568;0,690250021495959;0,0262475458847405;1,19886434002681;0,674606985087043;0,57575323449901;9,97215246999792;20293,2280969936;1288876551,42743;1,13130921211056;0,0884470777830478;56,3277794375116;0,306811346433638;0;0
OVCAR-8 R3;bayesynergy;2.5.1;Bayesian;428;PASS;AZD7762;Niraparib (MK-4827);0,273576854508968;0,273576854508968;0,405553054687155;1,08944885706222;0,0531144030677216;1,63350297085138;0,67457722570973;0,666958638040434;10,6879877761009;1,37272646256934;1,37272646256934;2,01291101564317;2,15991186098893;0,0720064359120183;2,33894162251151;0,681960827826619;0,923456934623985;17,2058239989552;284,349349321192;8003,13376944288;1,65745298184274;0,0708043716798707;13,8635975639517;0,433644373117776;0;0
OVCAR-8 R2;bayesynergy;2.5.1;Bayesian;429;PASS;Paclitaxel (NSC 125973);Vemurafenib (PLX4032);0,269062856303857;0,269062856303857;0,398849171728736;0,777525954138226;0,0272711421379862;1,12999561282257;0,674598006904855;0,688111506191736;8,48594836942059;1,72538809580975;1,72538809580975;2,17286394251492;2,34646044544566;0,0607028272136635;2,34881479994152;0,794061727497193;0,998997641493097;16,7701046188166;11,549643237309;349227,267885663;1,09277850710674;0,0720938693507675;14,8185175737269;0,20593742975468;0;0
OVCAR-8 R3;bayesynergy;2.5.1;Bayesian;430;PASS;Niraparib (MK-4827);TNKS1/2 inhibitor (OM-153);0,259158147069196;0,259158147069196;0,384179378214122;0,932310147153344;0,0390408299068385;1,43268503073358;0,674575892839189;0,650766993519768;10,4562237234212;1,14464475530124;1,14464475530124;1,67688806461234;1,87074214194944;0,053121433643272;2,1204300692408;0,682600573918367;0,882246563603598;11,5230859169284;12194,1100872798;188,110061573801;1,48454023659718;0,0734807369363917;28,349280984087;0,351211617823136;0;0
OVCAR-8 R3;bayesynergy;2.5.1;Bayesian;431;PASS;Quinacrine;Trametinib (GSK1120212);0,25800034376522;0,25800034376522;0,382431245903979;0,708486297960793;0,0302632794211031;1,07203368842956;0,674631967258238;0,660910797161054;8,5933909258055;0,666082248492396;0,666082248492396;0,966672386679911;1,20692989598181;0,0390695001468397;1,5003156512337;0,689046524624637;0,804450646761803;10,2535353535793;22099,3276084857;61,1299264432067;0,802960977684693;0,0622009144746193;17,3812569328622;0,117540891463051;0;0
OVCAR-8 R1;bayesynergy;2.5.1;Bayesian;432;PASS;Olaparib (AZD2281);Sorafenib (Nexavar);0,256080011661725;0,256080011661725;0,37958623059932;0,664255316460746;0,0216888326001313;0,936663657907958;0,674629349060966;0,70920487507926;6,42941504872456;0,264522439571263;0,264522439571263;0,392105296273347;0,742613479262721;0,0231933557470081;1,05685205871421;0,674620929850582;0,70266549905405;7,45828183137812;27145,8871079439;5115,73304993733;0,974476278794733;0,0580663809396908;30,0944759800437;0,170228023895159;0;0
OVCAR-8 R2;bayesynergy;2.5.1;Bayesian;433;PASS;Dexamethasone;Olaparib (AZD2281);0,254650944591571;0,254650944591571;0,377475012303754;0,775682681486076;0,0266090347684768;1,15576552392788;0,674616693267774;0,671167678338189;8,80116172301811;0,101616848728276;0,101616848728276;0,150616112777193;0,53335481801685;0,0201750347896949;0,919420432510191;0,674674487706358;0,580098939677347;6,71976799939997;2587065,40930118;17893,4300798821;1,01496157684233;0,0475278529646697;107,231628485032;0,231243377876512;0;0
OVCAR-8 R1;bayesynergy;2.5.1;Bayesian;434;PASS;Selpercatinib (LOXO-292);Olaparib (AZD2281);0,253308152199034;0,253308152199034;0,375504160627829;0,940567115051827;0,033842126932939;1,50278393578934;0,674581479404949;0,625908247851943;9,83295520978184;0,339523171309559;0,339523171309559;0,50329934433766;1,12824819800589;0,0370698882773906;1,73542843850498;0,674594900886211;0,650126604458459;13,0752112573714;11652,684689617;22598,4713740372;0,887963687032177;0,0797394822444961;22,7567040774013;0,246010261804064;0;6
OVCAR-8 R1;bayesynergy;2.5.1;Bayesian;435;PASS;Erlotinib;Trametinib (GSK1120212);0,24998665486937;0,24998665486937;0,370528635046661;0,584063303013612;0,0225808984008813;0,787214035018032;0,674675669365984;0,741972068916428;5,87266576582133;0,910347781269303;0,910347781269303;1,19992720933439;1,30164970622429;0,0363848543476882;1,31686478008851;0,758669171086039;0,988445986183035;7,62643319260401;7385,59242628363;13,9474835464042;0,610527850073152;0,0531660999904549;14,31604533442;0,0849241848471637;0;0
OVCAR-8 R2;bayesynergy;2.5.1;Bayesian;436;PASS;Navitoclax (ABT-263);Olaparib (AZD2281);0,247962012012855;0,247962012012855;0,367581028346918;0,966699464659408;0,03644442809796;1,52327569242386;0,674577828806856;0,634644069262391;12,3084568051049;0,452679543199823;0,452679543199823;0,671051810205688;1,27959780084605;0,0431343733973535;1,81546016201883;0,674582105755844;0,704833863951663;11,1222313149863;96909,4887490128;40984,3766862677;1,44570139891878;0,0672616591798482;11,291142568215;0,371835574253549;0;0
OVCAR-8 R2;bayesynergy;2.5.1;Bayesian;437;PASS;Lapatinib Ditosylate (Tykerb);Niraparib (MK-4827);0,246593572647134;0,246593572647134;0,365534812142508;0,797537872257226;0,0275050276787388;1,25189911710898;0,67461036392615;0,637086594253994;8,70800953615857;0,558688475998015;0,558688475998015;0,828188040378515;1,26440343412562;0,0361347301895146;1,65286638515429;0,674591335251197;0,764976192559925;11,1243697267216;6513,68044649039;11443,9518253279;1,03286113876023;0,0773542565589434;40,1673223922904;0,184191312924856;0;0
OVCAR-8 R1;bayesynergy;2.5.1;Bayesian;438;PASS;Adavosertib (MK-1775);Paclitaxel (NSC 125973);0,243869185927671;0,243869185927671;0,361473681740218;0,538426839396651;0,0193364993170441;0,732804500532706;0,67465267389213;0,734795352654827;5,5993871065931;3,48809676206093;3,48809676206093;3,37798381068613;3,90809722311316;0,101534904510634;3,0373499502009;1,03259724070508;1,28667993059366;16,7174350962721;566,795060910378;13,0170167200545;2,59226370573811;0,0901190456714417;13,2895938232959;0,412324293966611;0;0
OVCAR-8 R1;bayesynergy;2.5.1;Bayesian;439;PASS;Paclitaxel (NSC 125973);Trametinib (GSK1120212);0,241514582741258;0,241514582741258;0,357980795480284;0,545962334891594;0,0185430607213687;0,753215856052127;0,67465793078992;0,724882984868406;5,56909445881291;2,7391290116462;2,7391290116462;2,34691734730564;2,90839028293425;0,0632823212290761;2,10555112322019;1,16711780020325;1,3812964457905;10,4616188112924;12,4555936743685;15,6676270225982;1,7682965157663;0,065153712138199;11,0921995490238;0,1541252466717;0;0
OVCAR-8 R3;bayesynergy;2.5.1;Bayesian;440;PASS;Olaparib (AZD2281);Pictilisib (GDC-0941);0,236596465701308;0,236596465701308;0,350708172044101;0,724400454632538;0,0266968484561531;1,09489111873412;0,674624900589875;0,661647098978146;11,1593932449883;0,957540204476891;0,957540204476891;1,39656672041906;1,6881412077809;0,0462286500017175;1,98351273213597;0,685638709899638;0,851086650683105;15,1786368966358;18714,8864139002;3713,5595273437;1,07007077410505;0,0700092277566062;15,4926689878268;0,233131597872152;0;0
OVCAR-8 R3;bayesynergy;2.5.1;Bayesian;441;PASS;Selumetinib (AZD6244);Trametinib (GSK1120212);0,236279930622728;0,236279930622728;0,350226668100004;0,643789316638354;0,0220950078452634;0,916135816105669;0,674648598019558;0,702756760469094;5,59313697920843;1,40671591254253;1,40671591254253;1,70274286301536;1,86551151359941;0,042303440127212;1,82343696148612;0,826147002637496;1,02307431131537;13,3708328731287;12659,5844599879;79,1129921379393;1,12006506444846;0,0632637847178523;13,8898846458907;0,135602533838054;0;0
OVCAR-8 R3;bayesynergy;2.5.1;Bayesian;442;PASS;Dasatinib (BMS-354825);Trametinib (GSK1120212);0,235533524666516;0,235533524666516;0,349122729134482;0,61316308542847;0,0204578078361331;0,882648792112068;0,674643914621179;0,694725849711661;6,70814140563977;1,81999799230904;1,81999799230904;2,21120783202418;2,40119913106605;0,0650257166803709;2,22984349593418;0,8230786658543;1,07684648516558;12,5860726948995;113,142086058483;196,928425830792;1,29750755607474;0,0709003570256604;26,3676013206893;0,11120894522574;0;0
OVCAR-8 R1;bayesynergy;2.5.1;Bayesian;443;PASS;Gedatolisib (PKI-587);Olaparib (AZD2281);0,234917781257767;0,234917781257767;0,348225825421491;0,734978853501792;0,0292282051112644;1,12402403034494;0,67461332304525;0,653907488035446;7,27832355533087;0,429356902957077;0,429356902957077;0,636442138557573;0,980121133476087;0,0298113464928984;1,26953812989675;0,674620483065699;0,772029693630232;8,3274352130643;721,730971781176;20785,2378813445;0,869858962473602;0,0684933740852919;13,053607596654;0,141253544625058;0;0
OVCAR-8 R2;bayesynergy;2.5.1;Bayesian;444;PASS;Niclosamide (BAY2353);Niraparib (MK-4827);0,231468811234882;0,231468811234882;0,343108007136421;0,737805910574792;0,0241510903835572;1,1017478197844;0,674623752347608;0,669696406412598;7,83901759946854;0,324595670901882;0,324595670901882;0,481163423820662;0,869362839133812;0,0281835572383561;1,23355049485168;0,674605871586084;0,704764695699255;10,0820957531188;2906,88406248686;13053,3430010617;0,790207891722702;0,0596798653361452;50,3006508538746;0,16712531112662;0;0
OVCAR-8 R2;bayesynergy;2.5.1;Bayesian;445;PASS;Alpelisib (BYL719);Olaparib (AZD2281);0,22945740929593;0,22945740929593;0,340118747886163;0,792499005918256;0,0309263448680093;1,30729852917371;0,67463910978741;0,606232993270115;11,9329466275398;0,337833253239346;0,337833253239346;0,500762611348137;0,915228619241223;0,0345998753102191;1,34354180109579;0,674637534000076;0,681205912979237;11,6603715151802;15530,8314609218;23624,3984149044;1,0832048942757;0,0605732510244777;12,2199416966308;0,273236095535489;0;0
OVCAR-8 R3;bayesynergy;2.5.1;Bayesian;446;PASS;Olaparib (AZD2281);Palbociclib;0,228882401736535;0,228882401736535;0,339288355017271;0,775933009773977;0,0266562800865334;1,16791715592492;0,674595512495216;0,664402767147947;8,06948602302025;0,196799470155618;0,196799470155618;0,291715996035743;0,690307421961409;0,0256157372842943;1,10726153221514;0,674626941374531;0,623436651484145;8,12686576399415;12246,9629611355;12755,1626126891;1,32344659195555;0,0652184843318056;29,9020556663338;0,222804859552993;0;0
OVCAR-8 R1;bayesynergy;2.5.1;Bayesian;447;PASS;Luminespib (NVP-AUY922);Olaparib (AZD2281);0,228641494404223;0,228641494404223;0,338911565671573;0,645246466838672;0,0203784288500711;0,956623932739537;0,674634676309015;0,674538023569198;8,50207453535806;0,421095688972792;0,421095688972792;0,624203713624676;0,919791038884529;0,02967686584569;1,20368464022726;0,67461259806921;0,764146195893027;8,04145350246129;14,3368533051353;27357,6777900858;0,773368827948792;0,0610224610216572;15,0872867677739;0,144991810414019;0;0
OVCAR-8 R2;bayesynergy;2.5.1;Bayesian;448;PASS;Dasatinib (BMS-354825);Niraparib (MK-4827);0,227848774183056;0,227848774183056;0,337757580827739;0,81231373700566;0,0291034639986229;1,26301639745606;0,674592628312502;0,643181319548665;10,483687113293;0,82276159452264;0,82276159452264;1,20224156966787;1,54132449799627;0,0471622591762783;1,9199437303615;0,684356301828705;0,802796703685716;12,6274905512765;52,8384271226555;10962,207192939;0,97545051310625;0,0825751847280051;17,9142703229348;0,117741464926638;0;0
OVCAR-8 R1;bayesynergy;2.5.1;Bayesian;449;PASS;Selumetinib (AZD6244);Trametinib (GSK1120212);0,22767967255451;0,22767967255451;0,337478466524013;0,516450117777322;0,021821889304052;0,705001359653762;0,674649481786446;0,732603946060208;6,59002341460187;8,31997758050018;8,31997758050018;2,71789845128012;8,3297775859652;0,0731092257387057;2,74689802895141;3,06118044130071;3,03243058103069;18,3696209420567;3970,2520655324;15,5851280591458;111,780200941584;0,0672671169308665;7,71328659953582;0,460825526832247;0;0
OVCAR-8 R2;bayesynergy;2.5.1;Bayesian;450;PASS;Dasatinib (BMS-354825);Trametinib (GSK1120212);0,224506355123127;0,224506355123127;0,332795634418688;0,62148887602191;0,0218918279703562;0,917130623952543;0,674607272163544;0,677688876949238;6,45636787659536;2,94325445931295;2,94325445931295;2,59151699471901;3,34752921286319;0,0662410563778786;2,57313866704639;1,13572647422753;1,30095173483429;15,7141015871952;147,41462487114;53,3428918601319;1,6836275260736;0,0685366009748628;17,254137729784;0,186211052215007;0;0
OVCAR-8 R1;bayesynergy;2.5.1;Bayesian;451;PASS;LJH-685;Niraparib (MK-4827);0,219467100273105;0,219467100273105;0,325344026371961;0,843473736896002;0,0286852053003716;1,29880655472268;0,674569325032548;0,649452067971879;8,6859106830296;0,566730014835472;0,566730014835472;0,840137411151854;1,30299778832043;0,0421607931245551;1,72428019231345;0,674568240043575;0,755676365203854;11,3623518188436;30405,0300074157;7630,74168440404;0,968829370909932;0,0802031594200966;69,1260578343563;0,205723689252762;0;0
OVCAR-8 R2;bayesynergy;2.5.1;Bayesian;452;PASS;Carboplatin (NSC 241240);Volasertib (BI 6727);0,218935743344631;0,218935743344631;0,324524564752604;0,582204227262081;0,0215357763044592;0,821590176871753;0,674635350059042;0,708673619842261;7,40681776572066;2,94662010274615;2,94662010274615;2,91494034870072;3,19943686274676;0,0793199763580752;2,53163911039946;1,01086806255214;1,26378078518542;13,3979558473485;30556801,372203;392,706937085932;4,16674167968745;0,0858412088703908;17,5742468955804;0,769293024622525;0;0
OVCAR-8 R3;bayesynergy;2.5.1;Bayesian;453;PASS;Trametinib (GSK1120212);Venetoclax (ABT-199);0,216783844978421;0,216783844978421;0,321320372050268;0,588891429648018;0,0192597440488705;0,836694380861833;0,674665734995809;0,703868815124095;5,42594801128664;0,635616606552902;0,635616606552902;0,924710824137197;1,16618827226868;0,0337812446125003;1,43126125782671;0,687367974897412;0,814797624047666;9,51632674023621;88,7610261830982;14855,6541966924;0,820030345615481;0,0542107312188162;24,9102231691245;0,126339444404858;0;0
OVCAR-8 R2;bayesynergy;2.5.1;Bayesian;454;PASS;Luminespib (NVP-AUY922);Niraparib (MK-4827);0,215805622883976;0,215805622883976;0,319880229855459;0,695134381639689;0,0224192134828625;1,04756704977216;0,674645078820563;0,663600697003951;6,56827433103162;0,278768742772917;0,278768742772917;0,41322059361187;0,734607429559317;0,0223629587240137;1,04321767162019;0,674624515531185;0,704174641154633;7,04991549196389;19,6685165392465;10497,5787626143;0,965795477800687;0,0635657756777862;16,9820450833396;0,162136982826917;0;0
OVCAR-8 R2;bayesynergy;2.5.1;Bayesian;455;PASS;Olaparib (AZD2281);Palbociclib;0,213290299493503;0,213290299493503;0,316165176348272;0,711120752901619;0,0251617123069401;1,08300308065217;0,674616673338345;0,656649149393729;9,64367431425423;0,132228379732725;0,132228379732725;0,195991844311915;0,547212551242113;0,0198475615069108;0,913915787912573;0,67466266362741;0,598755988767819;7,10464462269182;27342,1310711266;12593,9879126258;1,01172440122412;0,053803277904662;76,6413667980801;0,190785426723381;0;0
OVCAR-8 R3;bayesynergy;2.5.1;Bayesian;456;PASS;Olaparib (AZD2281);Selumetinib (AZD6244);0,21308846682932;0,21308846682932;0,315887996654559;0,763835686123603;0,0301508557681087;1,16204630600416;0,674569686363689;0,657355427681744;7,90316484265868;1,66815442263362;1,66815442263362;2,16616399965082;2,35228842978021;0,0619025673046671;2,44477996514632;0,770096088247484;0,962167746511056;18,5047478842307;23773,0195916182;11928,3183521626;1,44228762728404;0,0653434256567847;14,9071330834356;0,506687834245744;0;0
OVCAR-8 R1;bayesynergy;2.5.1;Bayesian;457;PASS;Niraparib (MK-4827);Trametinib (GSK1120212);0,21180377321033;0,21180377321033;0,313951338460288;0,634840374029216;0,0262261439929056;0,953404179877051;0,674638860433212;0,665901611226866;6,41202776922576;1,3819759575284;1,3819759575284;1,91275306883795;2,12608107539791;0,064858611925449;2,2416059095187;0,722506203253924;0,948463361186626;12,2212714869473;8704,12424836408;15,7652995322869;0,962719379227915;0,0672340190660738;23,1353874633161;0,139815853881066;0;0
OVCAR-8 R1;bayesynergy;2.5.1;Bayesian;458;PASS;Carboplatin (NSC 241240);Luminespib (NVP-AUY922);0,210269184009944;0,210269184009944;0,311683830128204;0,722758489804951;0,026517765288445;1,10651394962395;0,674623331994652;0,653213300497783;8,08457681514959;0,359575680669501;0,359575680669501;0,533019933145472;0,94421509429122;0,032256951695172;1,32633225961279;0,674600813796143;0,711899365673932;8,80957959763733;20205,9497252803;14,966892970571;0,691070093335675;0,0860870238485511;32,6900339630127;0,158715516129778;0;0
OVCAR-8 R2;bayesynergy;2.5.1;Bayesian;459;PASS;Niraparib (MK-4827);Sorafenib (Nexavar);0,210077089687129;0,210077089687129;0,311408103432861;0,750290450933822;0,0275183046579999;1,16949328238114;0,674603799231002;0,641580269471156;9,88898331420028;0,350322783179016;0,350322783179016;0,519314992489466;0,998987196370437;0,0362264028776039;1,44997370128654;0,674586307434832;0,68896918301625;11,4682465813215;9676,26694751272;7996,80870807114;0,854618964694182;0,0608989612615213;16,1713715378597;0,145342069808009;0;0
OVCAR-8 R1;bayesynergy;2.5.1;Bayesian;460;PASS;Carboplatin (NSC 241240);Idasanutlin (RG-7388);0,209688685158002;0,209688685158002;0,310838199617532;1,00841165429616;0,0369193937646686;1,65839468128684;0,674591106936058;0,608087093898377;13,6427640169397;0,475782801898753;0,475782801898753;0,7053183036;1,44306876169153;0,0463233170097078;2,09735378966483;0,674564660338914;0,688042603399848;12,9450166805783;28567,6927383323;8890,5610302467;1,55961722006557;0,098293531487991;13,0091263595202;0,218047086536396;0;0
OVCAR-8 R2;bayesynergy;2.5.1;Bayesian;461;PASS;AZD7762;Trametinib (GSK1120212);0,208418014589491;0,208418014589491;0,308895264894827;0,536962835882673;0,020747652774786;0,821464085141148;0,674720652194047;0,653694931254582;9,80414758540007;0,858555496945038;0,858555496945038;1,14061383672292;1,23062944403555;0,0362231551467552;1,2868396340295;0,75271355589701;0,956319195875295;8,84131856753925;279,777831677687;56,6692477749985;1,17916498840874;0,0548014603791662;19,6850883595058;0,188138712245228;0;0
OVCAR-8 R1;bayesynergy;2.5.1;Bayesian;462;PASS;Alectinib (CH5424802);Trametinib (GSK1120212);0,205151186946512;0,205151186946512;0,304093078486465;0,633464966045009;0,0244850809888698;0,96673500785992;0,674632872170561;0,655297617507344;7,11084804403426;1,28243958231917;1,28243958231917;1,70192148481871;1,82793833579987;0,0485688287512334;1,84839093182878;0,753524527282041;0,988934918649121;11,8788562823073;23301,6165135858;14,7918650454325;0,896626314496747;0,0643466578539838;21,5208835458373;0,131871235160878;0;0
OVCAR-8 R1;bayesynergy;2.5.1;Bayesian;463;PASS;Paclitaxel (NSC 125973);Sorafenib (Nexavar);0,205069445309856;0,205069445309856;0,303959689719956;0,461176307242567;0,0150953782709693;0,621051313530789;0,674660003432661;0,742637079515525;3,87622428688839;5,93721259522116;5,93721259522116;2,30690826174456;5,95694874311064;0,0643732469271526;2,41884523859805;2,57366653615053;2,46272421569362;14,0235771298915;12,0121448221943;4973,99162176614;24,2592264366967;0,0695954399312276;7,67054661188975;0,475344666297948;0;0
OVCAR-8 R2;bayesynergy;2.5.1;Bayesian;464;PASS;Carboplatin (NSC 241240);Venetoclax (ABT-199);0,204521716685275;0,204521716685275;0,303169041164271;0,760386658414989;0,0311964625343853;1,1918419149292;0,674612803140593;0,638019952454778;9,28282795864979;0,187139724263181;0,187139724263181;0,277383263137298;0,646535382008957;0,026598632327465;1,03892013900369;0,674661196737569;0,6223148033582;8,68055424347215;984159251,01125;37542,3574852271;1,64233087519433;0,0660674805251899;18,2921665895848;0,518069369469349;8;0
OVCAR-8 R1;bayesynergy;2.5.1;Bayesian;465;PASS;Gedatolisib (PKI-587);Niraparib (MK-4827);0,203847950993418;0,203847950993418;0,302178954989472;0,813123187082298;0,0404182063521731;1,35999903241377;0,674593473925144;0,597910589082248;10,7884473688709;0,846991365865421;0,846991365865421;1,23653900039204;1,53776298313473;0,0382908576407862;1,81587816612209;0,684969390853734;0,846842597605931;13,1130995377116;816,396447273176;7797,15769677811;0,959095650452198;0,0729749843641987;30,0897323602619;0,147811327114105;0;0
OVCAR-8 R2;bayesynergy;2.5.1;Bayesian;466;PASS;Niraparib (MK-4827);Venetoclax (ABT-199);0,203393433281453;0,203393433281453;0,301503796918872;0,826390137868267;0,0295202379377317;1,30306624679131;0,674596590026298;0,634215555880026;9,37471238673217;0,288154788803054;0,288154788803054;0,427158603749188;0,9515871116255;0,0318586007415828;1,3975953860643;0,674585004899604;0,680874537161444;11,1169379961374;9422,0949549408;131557,039499171;1,33653457759617;0,0600434652854548;46,7379698545405;0,210969938213196;0;0
OVCAR-8 R1;bayesynergy;2.5.1;Bayesian;467;PASS;Cobimetinib;Niraparib (MK-4827);0,203181245716719;0,203181245716719;0,301175509505085;0,665925527271359;0,0250990883334239;1,04354110649394;0,674627382719803;0,638172911247351;8,23251666966548;0,847843827166091;0,847843827166091;1,23140471379736;1,53007108820566;0,0427443391630864;1,82176392162358;0,688517607303564;0,839884394484022;11,805734310304;522,418745148411;8155,38540466359;0,979484802980458;0,0758346841833977;17,9501831355997;0,139575445668442;0;0
OVCAR-8 R3;bayesynergy;2.5.1;Bayesian;468;PASS;Niraparib (MK-4827);Vemurafenib (PLX4032);0,202566918670034;0,202566918670034;0,300282068252032;0,811464386288649;0,03187413568764;1,26727593108971;0,674588795292354;0,640352293448824;8,10663382250145;0,737991768903999;0,737991768903999;1,09041129498764;1,40450020041385;0,0412617364007839;1,76264831371794;0,676801288006071;0,79681249485971;13,7637399140084;7789,48778640443;4625553,08935367;1,26307359256305;0,0607902034937841;16,7116763489825;0,296470208893255;0;0
OVCAR-8 R1;bayesynergy;2.5.1;Bayesian;469;PASS;Niraparib (MK-4827);Pictilisib (GDC-0941);0,201950807220751;0,201950807220751;0,299356363231282;0,767893399806811;0,0308211443681496;1,17907516232016;0,674616717817098;0,651299441322874;7,01699609715752;1,43552303861074;1,43552303861074;1,9581783315968;2,2552205715217;0,0537192391026973;2,43058969291679;0,73309106502069;0,927849146276661;14,3056872335158;8422,53253197229;1030,51361561878;1,00932549733453;0,0890111784166019;21,6219433314077;0,206630029634506;0;0
OVCAR-8 R3;bayesynergy;2.5.1;Bayesian;470;PASS;Olaparib (AZD2281);Volasertib (BI 6727);0,201890006919667;0,201890006919667;0,299272019038631;0,823279376269099;0,0434479664938722;1,31837081137302;0,674603685196532;0,624495993099454;9,26792924369296;5,96263268276992;5,96263268276992;3,45922672093747;5,96669455963292;0,123700214491113;3,37050830239283;1,72368947275998;1,77026549835139;18,2080058039222;16244,1464249084;514,737422808653;6,76072676999634;0,0690574444278771;8,29240089133493;1,15130836077479;0;0
OVCAR-8 R3;bayesynergy;2.5.1;Bayesian;471;PASS;Sorafenib (Nexavar);Carboplatin (NSC 241240);0,200406683878411;0,200406683878411;0,297068633871512;0,833556337901339;0,0517500560710487;1,35664801477483;0,674614082498829;0,6144503259418;8,81540399403844;0,334135250962804;0,334135250962804;0,495314770747463;1,02544531661217;0,034911521649823;1,51703693824264;0,67459173579373;0,675952767373;12,029171102621;7132,93245145664;172128,670570364;1,05302873126788;0,076973724049469;12,6104868439408;0,211333621260884;0;0
OVCAR-8 R2;bayesynergy;2.5.1;Bayesian;472;PASS;Cucurbitacin I (JSI-124);Paclitaxel (NSC 125973);0,200085800287322;0,200085800287322;0,296559333011593;0,555815319700935;0,0176984735927968;0,817279068002334;0,67469062010434;0,680111566874555;7,00221957057153;0,541463524252178;0,541463524252178;0,783298443685912;0,995427104687383;0,0272394089745235;1,20363585341367;0,691260819700154;0,827016827277301;7,64538654555706;856,833813358443;13,1207550398253;0,567483234617608;0,0602784993503901;28,3722284859199;0,0927283777481074;0;0
OVCAR-8 R2;bayesynergy;2.5.1;Bayesian;473;PASS;Erlotinib;Olaparib (AZD2281);0,199343606406593;0,199343606406593;0,295455776876868;0,551403935594472;0,0192206984655355;0,823455050023824;0,674698624998184;0,669655665869444;6,22629339230189;0,143786015446666;0,143786015446666;0,213111085191967;0,504261093674554;0,0185812248969132;0,796252804324295;0,674699841714689;0,633292706708234;6,62768347406684;8136,70112602674;21475,8823296404;1,02968812413253;0,0415214257248432;58,9787794637381;0,155434751784468;0;0
OVCAR-8 R1;bayesynergy;2.5.1;Bayesian;474;PASS;Alpelisib (BYL719);Niraparib (MK-4827);0,198740380870911;0,198740380870911;0,294600023335852;0,731614416541551;0,0248898281814004;1,11644208666534;0,674610879593658;0,655342262864961;10,2840082572518;1,24106188705302;1,24106188705302;1,79877851325364;2,14561979840515;0,0637168907428585;2,46609041678433;0,689947026778845;0,870049120584532;16,6339052249749;3708,77854558738;9139,07677821256;1,08513785496963;0,0827579459554899;23,0913596960195;0,188635571292187;0;0
OVCAR-8 R3;bayesynergy;2.5.1;Bayesian;475;PASS;Cucurbitacin I (JSI-124);Paclitaxel (NSC 125973);0,194160200397436;0,194160200397436;0,287783808393226;0,542345367352849;0,0193965683859369;0,809677243190368;0,674673816715001;0,669872151230762;6,43220860863749;0,716433780439883;0,716433780439883;1,00136715353981;1,35181515561248;0,0351193197027716;1,63839849936702;0,715455642725352;0,825083248144295;9,87611030903215;772,60309768434;9,863556752952;0,782596367301493;0,0768280847217454;1806,80975707334;0,106185094513751;0;0
OVCAR-8 R3;bayesynergy;2.5.1;Bayesian;476;PASS;Fludarabine (Fludara);Niraparib (MK-4827);0,191038583810346;0,191038583810346;0,283135257111247;0,405482855219185;0,0138974517041127;0,540505378957434;0,674725520796885;0,750263554047803;3,89139102729558;12,5095590018148;12,5095590018148;3,66860488214434;12,3461962508626;0,136277219676136;3,88119485688717;3,40989542447068;3,18102973597276;23,4516379069566;13057,4246813306;10329,6830648992;52,3411027197729;0,0590110233323807;4,13294912290938;1,36004867263552;0;0
OVCAR-8 R1;bayesynergy;2.5.1;Bayesian;477;PASS;Metformin;Trametinib (GSK1120212);0,188153218633744;0,188153218633744;0,278902905348755;0,580333175293138;0,0198438007734848;0,876646527990459;0,674619070025347;0,662033045239596;7,70169327278031;1,2754944920464;1,2754944920464;1,76217870356563;1,89760676552634;0,0558766070722259;2,0138161495597;0,72381676697462;0,942293945721526;13,3020046244234;40383594,6252981;18,1136094971395;1,00022499060999;0,0710948615684717;14,0385250364994;0,173113684576043;0;0
OVCAR-8 R2;bayesynergy;2.5.1;Bayesian;478;PASS;Carboplatin (NSC 241240);Sorafenib (Nexavar);0,188005685049238;0,188005685049238;0,278686150553321;0,698637855708737;0,0262871852396435;1,09541451262205;0,674614381360393;0,637817636693225;7,86425911509931;0,271867098264897;0,271867098264897;0,403000114485359;0,855757289766312;0,0284007276409108;1,27267747365391;0,674607992635629;0,672407037510764;8,93310312743648;582788,551216161;7933,413474804;0,742762221750149;0,0771230956146337;15,1849927086058;0,184586408889543;1;0
OVCAR-8 R2;bayesynergy;2.5.1;Bayesian;479;PASS;Niraparib (MK-4827);Pertuzumab (anti-HER2);0,18615391597826;0,18615391597826;0,275931391806722;0,704076430393319;0,025023250674077;1,10797314156703;0,674638411959493;0,63549881697235;6,79080057830191;0,29474455574458;0,29474455574458;0,436922635405009;0,906769853946393;0,027072775283607;1,32703971593428;0,674592094482275;0,683302724898477;8,40936925572976;10272,6067269861;5774048,35635573;1,17507466389122;0,05823088830988;16,893379566969;0,194656561030833;0;0
OVCAR-8 R3;bayesynergy;2.5.1;Bayesian;480;PASS;Alectinib (CH5424802);Niraparib (MK-4827);0,185780891764087;0,185780891764087;0,27539594430186;0,755579941905198;0,030772495113258;1,17910913559887;0,67459559811256;0,640840177586379;12,6977348298169;0,41733352796398;0,41733352796398;0,618667628830102;1,17244427062723;0,0405526517372552;1,70607417659928;0,674568231011466;0,687217640773547;13,9929847352571;41067,5788148357;8620,93682634288;0,809467548561826;0,0660366718305361;15,399568965684;0,176108256694748;0;0
OVCAR-8 R2;bayesynergy;2.5.1;Bayesian;481;PASS;Luminespib (NVP-AUY922);Trametinib (GSK1120212);0,185304538107522;0,185304538107522;0,274662501507086;0,516942762038844;0,0187129039005171;0,747353660380524;0,674662675431659;0,691739707562691;6,49170805789082;0,875146393791363;0,875146393791363;1,14457254973527;1,24050770164053;0,03085638086689;1,2625965718174;0,764605436320986;0,98250520342767;8,09420857775749;19,157756743488;43,4436969137065;0,951242165744082;0,0511108890887019;24,8037634341305;0,151383615861653;0;0
OVCAR-8 R3;bayesynergy;2.5.1;Bayesian;482;PASS;LJH-685;Trametinib (GSK1120212);0,182848810242157;0,182848810242157;0,271033536967104;0,565138319723709;0,020738273406636;0,846888867409166;0,674635369070027;0,667350003422967;7,16655862270602;0,58142339690954;0,58142339690954;0,838526714501791;1,01747548919883;0,0295590575192814;1,21513490372767;0,693386849642581;0,837335415251028;7,78525610556005;3001,84900782262;68,0617657471472;0,645703819732679;0,0521384280236408;27,4632637429937;0,117023113409711;1;0
OVCAR-8 R3;bayesynergy;2.5.1;Bayesian;483;PASS;Carboplatin (NSC 241240);Luminespib (NVP-AUY922);0,181252324928689;0,181252324928689;0,268657110515925;0,588883667897019;0,0237323021674992;0,924660702648502;0,674660442005853;0,63690145081389;7,29878310392637;0,294065260113918;0,294065260113918;0,435898209630017;0,844615226509732;0,0326061691227605;1,23675325230999;0,674619105142724;0,682929456568778;10,2715045802064;35370,2003927888;18,060362189011;0,949648915253128;0,0742529714368423;17,4236004926405;0,168288687653268;0;0
OVCAR-8 R2;bayesynergy;2.5.1;Bayesian;484;PASS;Gemcitabine (LY-188011) HCl;Olaparib (AZD2281);0,180609235644716;0,180609235644716;0,267723391206829;0,720217479304078;0,0300397661192811;1,19679573228552;0,674611339825689;0,601822805969787;8,54707140844173;3,56266901295761;3,56266901295761;3,80853714453438;4,16901213680016;0,103083864137186;3,52105921844151;0,935442895199377;1,18402215872002;21,9668549637071;37,5558247743091;32147,6756222235;3,45255141560612;0,107786006098357;13,1434911605003;0,560483278422102;0;0
OVCAR-8 R3;bayesynergy;2.5.1;Bayesian;485;PASS;Gemcitabine (LY-188011) HCl;Paclitaxel (NSC 125973);0,17942010816086;0,17942010816086;0,265956239006569;0,562678028395323;0,0196630924754953;0,817580965412704;0,67462267037258;0,688271598723024;6,02683484734843;8,17381519705328;8,17381519705328;5,05064808764396;8,32690321279768;0,168932260834129;4,74002454530984;1,61836957459973;1,75672153871798;25,1444214256331;31,3203572567901;10,3494469700866;10,1907797876077;0,127235404173982;8,37495333945902;0,741490135297199;0;0
OVCAR-8 R2;bayesynergy;2.5.1;Bayesian;486;PASS;Pertuzumab (anti-HER2);Trametinib (GSK1120212);0,178503078926742;0,178503078926742;0,264582079255138;0,556759895997063;0,0213706862720874;0,839067459585376;0,674660503951252;0,663585195107077;5,99125564344673;0,945626153583062;0,945626153583062;1,3692394604579;1,54641825203191;0,0440163033452934;1,71233783679064;0,690621458767209;0,903103475731339;11,9365941307147;2312094,49143595;55,3878872082617;1,00264414785783;0,0524283962457852;26,0085382471743;0,175540310675996;0;0
OVCAR-8 R2;bayesynergy;2.5.1;Bayesian;487;PASS;Dasatinib (BMS-354825);Olaparib (AZD2281);0,177330344662243;0,177330344662243;0,262861594674926;0,76717966492069;0,037499784340754;1,27992218495647;0,67461488575972;0,599423564555756;10,1198745669134;1,62408008652822;1,62408008652822;2,0801745404611;2,29947477090973;0,0612820600915983;2,3406182495264;0,780742218952558;0,982421961110067;17,1900790943758;69,5096551810401;37834,3261403482;0,824916392823745;0,0806075698439282;14,0210965154107;0,180324129724331;0;0
OVCAR-8 R2;bayesynergy;2.5.1;Bayesian;488;PASS;Niraparib (MK-4827);Vemurafenib (PLX4032);0,176832354459191;0,176832354459191;0,262137530203933;0,745891376157394;0,0304541555795615;1,21414420452356;0,674578547839457;0,614364233201478;11,5898629857915;0,395924702218867;0,395924702218867;0,586927576274722;1,13043572663282;0,0357498956668093;1,63164229584483;0,674571647718164;0,692820803623202;11,0325758319896;9363,80603652387;424426,63551986;1,35039909758133;0,0728130206579473;20,4174393328691;0,271606288919147;0;0
OVCAR-8 R2;bayesynergy;2.5.1;Bayesian;489;PASS;Defactinib (VS-6063, PF-04554878);Paclitaxel (NSC 125973);0,176213842836844;0,176213842836844;0,261213458515482;0,814395960534107;0,0363202095387002;1,31291167125319;0,674597104752164;0,620331571196667;12,0389016077359;6,81069615133802;6,81069615133802;4,22761644239593;7,04533283244688;0,121560298643863;4,19098570650475;1,61100143405587;1,68106820825276;25,1569966069103;23546072,2455179;11,2401914148766;4,33460002388252;0,101949299317714;12,3657041914695;0,583171015617521;0;0
OVCAR-8 R1;bayesynergy;2.5.1;Bayesian;490;PASS;Everolimus (RAD001);Niraparib (MK-4827);0,174679153364763;0,174679153364763;0,258929831403694;0,614628804197476;0,0221792326491144;0,97537119152458;0,674619654358877;0,63018608094229;9,33770043128565;0,725535342649185;0,725535342649185;1,06258241306774;1,42849744083885;0,041162370510379;1,81416017390896;0,682803831238386;0,787415279743946;17,7158476116745;13,5934397562561;8290,62705386397;0,817331874221134;0,0751514467368772;25,7829251852581;0,111459566459853;0;0
OVCAR-8 R2;bayesynergy;2.5.1;Bayesian;491;PASS;Carboplatin (NSC 241240);Navitoclax (ABT-263);0,174599824883489;0,174599824883489;0,258813198914362;0,741945926834316;0,0274045713725372;1,19938666848125;0,674617158691595;0,618637776637032;9,5994222606613;0,284445333373161;0,284445333373161;0,421656693797167;0,993322450207721;0,0354878899596336;1,53482577018212;0,674589867912757;0,647189061785075;10,6146363001927;453845,215891038;21108,4302156458;1,15292472574778;0,0771615462164182;122,879789413901;0,285924357259226;2;0
OVCAR-8 R1;bayesynergy;2.5.1;Bayesian;492;PASS;Metformin;Olaparib (AZD2281);0,173151046068591;0,173151046068591;0,256666412856047;0,708673191513656;0,0249834427999954;1,13704621163674;0,674615132310685;0,62328933318246;7,45992913286843;0,172807214144927;0,172807214144927;0,256155096586855;0,693793003453535;0,0274526278840882;1,11673049674385;0,674619464720792;0,621271654599289;8,60860467617204;427104068062,299;25607,1360614534;1,2779354739951;0,0659393030845698;23,7025126830174;0,275758398065385;4;0
OVCAR-8 R3;bayesynergy;2.5.1;Bayesian;493;PASS;Carboplatin (NSC 241240);Vismodegib (GDC-0449);0,171462046010575;0,171462046010575;0,254172805010884;0,979472774578176;0,306298142010472;1,87599846655449;0,674588479295543;0,522126143759049;13,0754070473093;0,507139373484259;0,507139373484259;0,751784019582516;1,34146549417402;0,0809004020332417;1,85564382792912;0,67458120986116;0,722911085620934;12,5596229567888;164921,266940081;13430573,1735268;2,34720488256657;0,085620235370691;9,48637609911427;0,885429222428514;7;0
OVCAR-8 R2;bayesynergy;2.5.1;Bayesian;494;PASS;Olaparib (AZD2281);Tamoxifen (ICI 46474);0,170621761244007;0,170621761244007;0,252922883639101;0,714978130882275;0,0285881111270745;1,16144573017521;0,674599936506613;0,615627869353685;9,75582557886329;0,448728313983944;0,448728313983944;0,66517431441345;1,16217990392334;0,0389109690629168;1,63899088058466;0,674602588014289;0,709082593253213;11,3102467666237;40119,1087444461;21224,7138929316;1,83131758609478;0,0598740459810902;64,1577947390477;0,363993777875567;0;0
OVCAR-8 R3;bayesynergy;2.5.1;Bayesian;495;PASS;Dasatinib (BMS-354825);Olaparib (AZD2281);0,166539446283983;0,166539446283983;0,246849434081457;0,621290478973242;0,0224325803806625;1,00688811828031;0,674660028708135;0,617078630492892;8,08655567952468;1,11531619316236;1,11531619316236;1,60508814241377;1,88648026490942;0,0538116939279197;2,14564309817777;0,694862894872001;0,879214379367918;14,3591733670362;88,995595098221;20139,3665880438;0,841435450954156;0,0735738495342446;34,1315771586379;0,142337163182861;0;0
OVCAR-8 R3;bayesynergy;2.5.1;Bayesian;496;PASS;Carboplatin (NSC 241240);Flunarizine 2HCl;0,160789218809905;0,160789218809905;0,23834190554886;0,798111771569051;0,0375200680787476;1,32438239499563;0,674615814787731;0,602658736903855;11,5401234798202;0,376783206454237;0,376783206454237;0,558527533070685;1,07302592297364;0,0356660245615204;1,61461626212739;0,6746009536589;0,664570243805073;12,7945825691371;93241,0934935181;28565,4429970198;1,62359285646791;0,0872146117188571;21,3972392642933;0,477175571888813;0;0
OVCAR-8 R1;bayesynergy;2.5.1;Bayesian;497;PASS;Gemcitabine (LY-188011) HCl;Paclitaxel (NSC 125973);0,160368715504355;0,160368715504355;0,237717183386155;0,550648222298692;0,023749111825245;0,815817165887275;0,67461978650423;0,675023649852712;5,28717262958121;9,00906966302723;9,00906966302723;4,4814443057161;9,09556154601963;0,124322339962998;4,33717683955953;2,01030494823647;2,0971156774284;23,543068689597;142,148614713629;11,8711430327124;17,740173969704;0,124779128841881;11,3421159852791;0,711473209276332;0;0
OVCAR-8 R3;bayesynergy;2.5.1;Bayesian;498;PASS;Cobimetinib;Niraparib (MK-4827);0,158224424039112;0,158224424039112;0,234532775153407;0,627818985424008;0,0240785556129536;1,03535857426091;0,674636728003657;0,606414857642156;7,45002946570307;1,0618238435746;1,0618238435746;1,53882720436035;1,84450955409399;0,0482714761374817;2,14167659301387;0,690021492059583;0,86124560548066;12,5842191998972;1814,83612527539;10044,9747651198;0,914394941916259;0,0787137269286819;16,6583566864554;0,123021389381123;0;0
OVCAR-8 R1;bayesynergy;2.5.1;Bayesian;499;PASS;Defactinib (VS-6063, PF-04554878);Trametinib (GSK1120212);0,157824754560443;0,157824754560443;0,233962548634594;1,09788217054231;0,0644591874758849;1,74142104646486;0,674572727479288;0,630477586376946;12,0289875393496;4,5115200989613;4,5115200989613;3,22963969627291;4,71662292787649;0,0836638287058797;3,07992069139842;1,39691127284809;1,5314105136048;17,2226219965385;18424,2176690696;18,5547756231512;3,68393911003082;0,083998405094742;18,8843790048403;0,453204197648969;0;0
OVCAR-8 R2;bayesynergy;2.5.1;Bayesian;500;PASS;Carboplatin (NSC 241240);Selpercatinib (LOXO-292);0,15759779593289;0,15759779593289;0,233609501153044;0,678710092611189;0,025814505040246;1,14087484315496;0,674620660354233;0,594934454072209;9,57335477806608;0,135075637853638;0,135075637853638;0,20021460596806;0,634173626491994;0,0233203224489339;1,03805239797817;0,674654265109841;0,610926411544524;7,3506340605458;1372008,78834614;23487,4909122871;1,50649350822824;0,0654149557384206;32,4237119185348;0,396834948902597;0;0
OVCAR-8 R3;bayesynergy;2.5.1;Bayesian;501;PASS;Carboplatin (NSC 241240);Cucurbitacin I (JSI-124);0,156604399103842;0,156604399103842;0,23212850973055;0,581315724530611;0,021649790322707;0,982008028386623;0,674645261306442;0,592001530997704;7,74604339056883;0,62379337286122;0,62379337286122;0,906656736071237;1,16334563666671;0,031583026102525;1,43448329617031;0,688014932271134;0,810985837041487;8,73831440783494;1548451,48077157;736,479492370129;1,05622581528543;0,086306803113109;32,9139736053726;0,173600750646351;0;0
OVCAR-8 R2;bayesynergy;2.5.1;Bayesian;502;PASS;Lapatinib Ditosylate (Tykerb);Trametinib (GSK1120212);0,156128806608791;0,156128806608791;0,231403930434492;0,431339849367495;0,0151099113562019;0,618288744572633;0,674702483728941;0,697689485100002;5,49212373424422;0,965729592761713;0,965729592761713;1,20734200662869;1,35118313402255;0,0320314000858408;1,33338509648652;0,799880719348411;1,01334800995071;7,26920152050291;5343,2631510178;54,5433311549181;0,810669312325175;0,0462140450363663;13,2383338072847;0,088843879488396;0;0
OVCAR-8 R2;bayesynergy;2.5.1;Bayesian;503;PASS;Abemaciclib (LY2835219);Carboplatin (NSC 241240);0,154816159442552;0,154816159442552;0,229466611860874;0,514671310141223;0,0207698427809271;0,854776046510324;0,674678369053609;0,602151810994086;8,41686662505672;0,246914632348545;0,246914632348545;0,36598867921084;0,792327616004478;0,0326909570108635;1,24822081725518;0,674651010738782;0,634765583982806;8,29738756142823;285376,036782121;5107806,48556724;1,50058000297356;0,0638557699738839;16,7243231077411;0,413227412899989;6;0
OVCAR-8 R1;bayesynergy;2.5.1;Bayesian;504;PASS;Niraparib (MK-4827);Selpercatinib (LOXO-292);0,150265839583853;0,150265839583853;0,22274709771876;0,901041115170442;0,0367809855385168;1,53767868025606;0,674602906717007;0,585999327076134;13,2788890735642;0,491477127142191;0,491477127142191;0,728580839415643;1,35590458545023;0,050088222999031;1,95373657765213;0,674567735731809;0,694005835259357;15,4536986955481;8641,57058534748;116765,633870599;0,929289100230016;0,093039862764501;27,6237587107944;0,186791447630477;0;0
OVCAR-8 R1;bayesynergy;2.5.1;Bayesian;505;PASS;Carboplatin (NSC 241240);Pictilisib (GDC-0941);0,149247968895683;0,149247968895683;0,221237487990514;0,782255507449892;0,0339657273519099;1,32853927991564;0,674605240962068;0,588839912171994;10,6520940589699;1,37821832664526;1,37821832664526;1,97105657094346;2,29768358314822;0,0655828084540433;2,64424287286267;0,699228194138319;0,868938177626902;21,0910614420005;20100,7063709316;1138,22079272502;1,48583593234151;0,121118873478524;15,9454755920336;0,197811120736059;0;0
OVCAR-8 R3;bayesynergy;2.5.1;Bayesian;506;PASS;Gemcitabine (LY-188011) HCl;Olaparib (AZD2281);0,148891330269227;0,148891330269227;0,220703452539099;0,724186782606528;0,0268962386709346;1,22995890592482;0,674621663396272;0,588824434420293;10,4632731887009;2,6341294486422;2,6341294486422;3,35520015444808;3,47950054089661;0,0948365708287763;3,30593230169008;0,785088616889237;1,05250205490227;19,0073409142242;59,2063602243894;67586,9826765343;1,55781761778344;0,113651511089219;21,420158613579;0,339805789271913;0;0
OVCAR-8 R2;bayesynergy;2.5.1;Bayesian;507;PASS;AZD7762;Paclitaxel (NSC 125973);0,148703720484968;0,148703720484968;0,220397846304295;0,50210292376295;0,0194198842084188;0,781575129626825;0,674705869310802;0,64246563847551;5,43684063597176;0,644256021560977;0,644256021560977;0,925123854455548;1,20377203439837;0,0346732351631693;1,45847358323102;0,696399750647586;0,825364304323973;9,66931836525938;292,740595852352;12,9042813784439;0,955891203501228;0,075253486944527;42,1187535558041;0,16639970751323;0;0
OVCAR-8 R2;bayesynergy;2.5.1;Bayesian;508;PASS;Crizotinib (PF-02341066);Paclitaxel (NSC 125973);0,147486206794574;0,147486206794574;0,218576512237004;0,394210737988337;0,0163470946080096;0,59039188466007;0,674757801216322;0,667764158529104;6,5590026362972;17,8995851406419;17,8995851406419;3,88397573024222;17,7627255880967;0,109012102842589;4,12520990654671;4,60857286034731;4,3058961823754;32,4714548730379;8034,87167069799;12,9634650327999;336,640867241317;0,0771558516256709;2,88518786424704;1,60618127301242;0;0
OVCAR-8 R1;bayesynergy;2.5.1;Bayesian;509;PASS;Simvastatin (MK 733);Carboplatin (NSC 241240);0,146661222991887;0,146661222991887;0,217401290764358;0,691230130286931;0,0270003792715727;1,17423522322747;0,674610635825769;0,588697119223811;10,0437216366266;0,376550314569552;0,376550314569552;0,558194162061096;1,22404764419696;0,0512615908347203;1,84154497920456;0,674586622653245;0,664685173601176;15,308379201585;46674,1455108711;18435,2714656828;0,667755525712341;0,0850308130565732;14,186757370109;0,36812904830533;0;2
OVCAR-8 R1;bayesynergy;2.5.1;Bayesian;510;PASS;AZD8055;Olaparib (AZD2281);0,143591507938712;0,143591507938712;0,212829722913216;0,610384630657926;0,0297993922211588;1,07076750988324;0,674677887906018;0,570076100896146;9,5849297854907;0,873309703773617;0,873309703773617;1,18647092581603;1,33849195880163;0,0374191008847398;1,42476241454875;0,736056556272522;0,93944923387494;8,07929879703696;140,032933603709;107719,218696838;0,858051725060766;0,0571397267905628;17,6878415103723;0,137779544875984;0;0
OVCAR-8 R1;bayesynergy;2.5.1;Bayesian;511;PASS;Olaparib (AZD2281);Pictilisib (GDC-0941);0,142186472076795;0,142186472076795;0,210764141991851;0,678827481048456;0,0271885733418734;1,14866127290771;0,67462363727077;0,591006050548508;8,4832324966082;0,85660456769196;0,85660456769196;1,25963473703347;1,67061075558764;0,049398114781477;2,07965323708251;0,68004203322411;0,803312170413222;13,7229918432887;40750,3347728926;1240,81220932048;0,963081242301836;0,0857872232124759;26,9843678503395;0,142713650434363;0;0
OVCAR-8 R3;bayesynergy;2.5.1;Bayesian;512;PASS;AZD8055;Niraparib (MK-4827);0,140874611126365;0,140874611126365;0,208798805128321;0,451525307736637;0,0163731922067334;0,683377137647865;0,674690695858095;0,660777894039334;5,43348641442833;0,656011832481315;0,656011832481315;0,91325960521548;1,09364211551354;0,030486097191135;1,27280881835669;0,718319116201939;0,859235181074188;10,2330045886237;165,7491045636;9794,73590204462;0,826818743647724;0,0481976580445493;18,3394220909766;0,0858970431032021;0;0
OVCAR-8 R1;bayesynergy;2.5.1;Bayesian;513;PASS;Abemaciclib (LY2835219);Carboplatin (NSC 241240);0,140522485200407;0,140522485200407;0,2083025906541;0,741720991888573;0,0332187764773357;1,34856145168422;0,674607477320115;0,550036589472593;14,102594416883;1,04032690267949;1,04032690267949;1,53762832028271;2,22565144306017;0,0893947217446073;2,78196313630714;0,676578916345802;0,800029092410825;16,3941121009655;7374,15900761875;18183,3128562245;1,4256735238073;0,102851848472986;20,685953855392;0,29775943120322;0;0
OVCAR-8 R3;bayesynergy;2.5.1;Bayesian;514;PASS;Abemaciclib (LY2835219);Olaparib (AZD2281);0,140045224818785;0,140045224818785;0,207582824422653;0,52596138694595;0,0192347609659996;0,833308862256297;0,674647457988352;0,631216736849771;6,00169388529892;0,513667536812417;0,513667536812417;0,761428984545768;1,20967300600908;0,0393890081384582;1,65716022809142;0,674609907473967;0,729967437972055;11,823378285309;13300,0437089096;7974,4329206;1106,17764628797;0,0746816361249853;44,421717520206;0,311250551271645;9;0
OVCAR-8 R3;bayesynergy;2.5.1;Bayesian;515;PASS;Niclosamide (BAY2353);Trametinib (GSK1120212);0,138050946379562;0,138050946379562;0,204612991041934;0,457503300932658;0,0178748581417373;0,724890174494473;0,674692968792334;0,631177846137486;6,38951367945818;0,697366602480746;0,697366602480746;0,958949701177657;1,16766337800138;0,0309637983488663;1,30211875143173;0,727219166578113;0,896741081961599;11,7773615283182;2952,42903626997;111,366378830188;0,874452780286538;0,0561887046850168;28,9526317166595;0,0991751990200353;0;0
OVCAR-8 R3;bayesynergy;2.5.1;Bayesian;516;PASS;Alpelisib (BYL719);Olaparib (AZD2281);0,137448998800936;0,137448998800936;0,203742497751089;0,589336316323991;0,0263931832890112;1,03028921036869;0,674621153260115;0,572049555130824;9,08856956761092;0,949248396100305;0,949248396100305;1,38075731443018;1,74575245792252;0,0455112859457354;2,07479658531744;0,687483880171979;0,841408970053526;14,1557412615311;37978,6630812601;10076074,3485755;1,62757284282352;0,0622177946205123;26,0259258082448;0,331907915095814;0;0
OVCAR-8 R2;bayesynergy;2.5.1;Bayesian;517;PASS;Niraparib (MK-4827);Volasertib (BI 6727);0,137061452514747;0,137061452514747;0,203167187072817;0,617726343914438;0,0343999302147296;1,0845038357985;0,674623961130214;0,569631527944265;11,3430798806674;7,07905331991289;7,07905331991289;5,94772261392937;7,32587829660245;0,208670550337927;5,03938815627713;1,1902124190079;1,45372375959515;22,4066163105045;11084,3269690158;321,725152007035;4,22069245081763;0,0803457989024041;11,1975186431563;0,814231618033571;0;0
OVCAR-8 R2;bayesynergy;2.5.1;Bayesian;518;PASS;Dexamethasone;Paclitaxel (NSC 125973);0,13535720661613;0,13535720661613;0,200633801226867;0,540489123671916;0,0218595009786335;0,864060930846053;0,674648069210805;0,625563553654448;6,72066591235476;1,37998221176836;1,37998221176836;1,71357611423018;1,86307373978877;0,0529655684629561;1,81407802438918;0,805322973580495;1,02700860422808;10,8965715853515;600830,400103862;11,1268400700501;1,04618444461598;0,0559260495686316;21,4589705969248;0,165183194444817;0;0
OVCAR-8 R3;bayesynergy;2.5.1;Bayesian;519;PASS;Cucurbitacin I (JSI-124);Olaparib (AZD2281);0,131748149927618;0,131748149927618;0,195290085528834;0,603464853155815;0,0238195669104586;1,02420526599166;0,674627949344439;0,589241122407619;9,93799430242699;0,639938507694385;0,639938507694385;0,947063001371014;1,38987526644401;0,0435332522823585;1,75507480213643;0,675708486941184;0,791917965406451;11,9409858779308;734,823181451223;32769,293894241;1,11689193011068;0,070268161381542;23,2894713018515;0,165088579464288;0;0
OVCAR-8 R3;bayesynergy;2.5.1;Bayesian;520;PASS;AZD7762;Paclitaxel (NSC 125973);0,12949861048568;0,12949861048568;0,191940281615589;0,444574999287855;0,0171450121176022;0,707621590940066;0,674681778080512;0,62831402943941;5,43938644912902;1,32620125310838;1,32620125310838;1,81319648694836;2,09390892401585;0,0537268995299749;2,28197838297949;0,73141618277697;0,917584907742163;13,9390769105763;274,06587015739;11,6578640958067;1,45689684183442;0,0904245612799594;26,8022898817862;0,231600695338479;0;0
OVCAR-8 R1;bayesynergy;2.5.1;Bayesian;521;PASS;AZD8055;Niraparib (MK-4827);0,128679108317984;0,128679108317984;0,19074250677693;0,494430733139825;0,0213526587516575;0,750506161089456;0,674622088659409;0,658849426249937;5,97019542908938;1,47233030739766;1,47233030739766;1,7230816404655;1,88144857998535;0,0428412178619723;1,70983789204095;0,854475071186936;1,10036664220815;10,6506596093515;130,729827349703;8408,03866332155;1,12478829076491;0,0585656316700999;29,0623247264565;0,156925718000443;0;0
OVCAR-8 R2;bayesynergy;2.5.1;Bayesian;522;PASS;Quinacrine;Trametinib (GSK1120212);0,128664304968237;0,128664304968237;0,190708474942082;0,464929576231644;0,0159909477109648;0,736162143125819;0,674664851718375;0,631606474230208;6,66403086328495;0,630337696754928;0,630337696754928;0,925621683052108;1,22931884134146;0,033232660626237;1,45785846479973;0,680988473256674;0,843236069223175;9,09362946558813;22997,6965665415;54,3138435151617;0,84884519388611;0,05417059413917;34,3693652990212;0,129884895079239;0;0
OVCAR-8 R1;bayesynergy;2.5.1;Bayesian;523;PASS;AZD7762;Paclitaxel (NSC 125973);0,128656733745083;0,128656733745083;0,190695633476251;0,472459924806928;0,0172935890806778;0,759528354203425;0,674670580546383;0,622090869794373;8,12487775596377;2,68666697078802;2,68666697078802;3,21612460044006;3,27570494403878;0,0911763384908101;2,88547211953647;0,835374030726425;1,13524054585736;14,9977713652628;343,735779272872;13,0016310552265;1,88250752673049;0,0929276080478583;15,6935490902771;0,32468067898861;0;0
OVCAR-8 R3;bayesynergy;2.5.1;Bayesian;524;PASS;Carboplatin (NSC 241240);Everolimus (RAD001);0,128177875217427;0,128177875217427;0,190000747408652;0,677372561421781;0,0298037135140136;1,13647822830827;0,674617742117315;0,596064504313907;8,02523145117679;2,12143774056953;2,12143774056953;2,5339410964034;2,82996718739725;0,0709479384077525;2,66652010163099;0,83720878262744;1,0612960261077;16,5703449948124;86692,2100958608;321,097651411479;2,34673807341198;0,0859742554273743;14,7765403694674;0,515773511539025;0;0
OVCAR-8 R1;bayesynergy;2.5.1;Bayesian;525;PASS;Niraparib (MK-4827);Paclitaxel (NSC 125973);0,127306806420919;0,127306806420919;0,188677900710211;0,365573305228672;0,0166225858358895;0,602177060220782;0,674730882322296;0,607147765902536;6,98186716800778;16,955181178223;16,955181178223;4,43089887035707;16,9583098171084;0,148862654525454;4,65673536365156;3,82657823487103;3,64167351004688;31,2281773727143;7561,45546653748;13,2430512442499;357,689395787563;0,0802172983270514;11,2594426261334;1,0728684776497;0;0
OVCAR-8 R1;bayesynergy;2.5.1;Bayesian;526;PASS;Olaparib (AZD2281);TNKS1/2 inhibitor (OM-153);0,126671146361906;0,126671146361906;0,187755247488927;0,601204394267593;0,0206938827531543;1,00125407383224;0,674661017766637;0,600493432692679;7,77730570955522;0,471332341882908;0,471332341882908;0,69870458908889;1,12795890147047;0,0344030693989491;1,51889765992062;0,674580286494933;0,742616787973338;10,241303246592;22010,0617067759;97,1607722578568;0,82728839267097;0,0584565359074086;14,4220051978835;0,160240600218178;0;0
OVCAR-8 R1;bayesynergy;2.5.1;Bayesian;527;PASS;Dabrafenib ;Olaparib (AZD2281);0,126617264025574;0,126617264025574;0,187687639614465;0,728796401637688;0,0286441133321683;1,25680033855822;0,674616955520684;0,579914534560516;9,4223457218671;0,471460152693321;0,471460152693321;0,698894781190923;1,22270045832898;0,0412963902887542;1,70709770230219;0,674579586772631;0,716245154966844;13,4197419118074;451234433132,002;31209,3598030974;2,03492050734763;0,0751482443412193;27,9636255330265;0,46387386692396;0;0
OVCAR-8 R2;bayesynergy;2.5.1;Bayesian;528;PASS;Cucurbitacin I (JSI-124);Olaparib (AZD2281);0,126545956731451;0,126545956731451;0,187566919075508;0,534651914246988;0,0204112085132853;0,864176232239429;0,674670977991104;0,618725163992677;6,84033543784593;0,543470888679175;0,543470888679175;0,793018849846525;0,990004083336995;0,0281971217096974;1,21586023858459;0,685319004440253;0,814241680021938;7,7677793644757;896,003645002943;43513,1399124777;0,954639805601792;0,0552525141131592;15,6680453549145;0,161552969143142;0;0
OVCAR-8 R1;bayesynergy;2.5.1;Bayesian;529;PASS;Abemaciclib (LY2835219);Trametinib (GSK1120212);0,126079019817273;0,126079019817273;0,186890295994403;0,747590506647384;0,0926922791157476;1,41596041241775;0,674615121916492;0,52799976876634;11,5343782112607;1,91284291262401;1,91284291262401;2,39105984515207;2,47657204583889;0,0740561940272589;2,32020062476123;0,799997924143281;1,0673956464837;13,0954890588285;6164,79914338641;18,4572528870807;1,17589948386374;0,0792623153498234;22,1198003456741;0,186776198730016;0;0
OVCAR-8 R2;bayesynergy;2.5.1;Bayesian;530;PASS;Olaparib (AZD2281);Vismodegib (GDC-0449);0,124765899244702;0,124765899244702;0,184941924027804;0,686105541432258;0,0311102252216337;1,13516032748458;0,674622046356265;0,604449338223563;11,1248977671954;0,537013625122213;0,537013625122213;0,796048409080711;1,18719891085284;0,0371574675514806;1,53647388854616;0,674599206526102;0,77267757018389;9,55530732233763;24782,5632131661;75037,6989748695;1,85437854206494;0,0555388143007508;13,1752087217338;0,551646466684862;0;0
OVCAR-8 R1;bayesynergy;2.5.1;Bayesian;531;PASS;LJH-685;Olaparib (AZD2281);0,124669650362386;0,124669650362386;0,184800628593516;0,733663566990859;0,0278564243611416;1,2654641892306;0,674617025446416;0,579788882016017;9,67875302373264;0,537934852697094;0,537934852697094;0,797441014597489;1,36474829348733;0,0393967576391314;1,94860747848328;0,67457635467699;0,700371064237936;12,3870081544034;36041,6591644892;24506,0594181163;1,01211485402263;0,0805535050249845;16,5693294900076;0,2669864334996;1;0
OVCAR-8 R2;bayesynergy;2.5.1;Bayesian;532;PASS;Niraparib (MK-4827);Vinorelbine ditartrate (Navelbine);0,124469600783325;0,124469600783325;0,184505959299296;0,664906953022836;0,0336603454840856;1,1308365140364;0,674610192841611;0,588018081609986;9,5334701848703;16,4681631952813;16,4681631952813;3,18689759575647;16,6574052974202;0,0799810004804778;3,24578919233904;5,167459166937;5,13200467138664;27,1742979486718;10757,5856934671;209,544869730352;61258,6051828866;0,0694437982995592;4,86647869067635;1,64487128246687;0;0
OVCAR-8 R2;bayesynergy;2.5.1;Bayesian;533;PASS;Idasanutlin (RG-7388);Olaparib (AZD2281);0,123837401366054;0,123837401366054;0,183565429838618;0,603581927384628;0,0236560730465339;1,01625459305877;0,674622675276742;0,593968442574003;8,72961550912781;0,530958671864655;0,530958671864655;0,787089691545514;1,195233991292;0,0394012101404646;1,5849493625008;0,674584710698059;0,754114938666628;8,92847230757635;13890,1575900789;22442,7422744758;1,08963024530815;0,0507602428018787;18,1781039157699;0,258984960151443;0;0
OVCAR-8 R1;bayesynergy;2.5.1;Bayesian;534;PASS;Carboplatin (NSC 241240);LJH-685;0,12201591377132;0,12201591377132;0,180867516214327;0,728611210168806;0,0287638394486432;1,28870531638993;0,674614858019788;0,565414976278081;9,57728415514622;0,559355145540291;0,559355145540291;0,829213694438496;1,48500441762935;0,0433963596036725;2,11589760097483;0,674560911489842;0,70183189250046;18,0349879353129;25666,2153358104;3191927,07376246;2,17920778833;0,0972470685496405;17,257933598517;0,287423981363419;0;0
OVCAR-8 R1;bayesynergy;2.5.1;Bayesian;535;PASS;Niraparib (MK-4827);Vemurafenib (PLX4032);0,121217392538761;0,121217392538761;0,179684827963173;0,683263028939892;0,024964886930019;1,13708161580919;0,674611172867664;0,600928270102415;11,1734225543345;1,03614072750865;1,03614072750865;1,49334418007128;1,71907702406131;0,0465751557015667;1,98100933473036;0,693839197511181;0,867778356175841;14,8231194407229;7374,71022704552;12892167675869,5;1,38468956461098;0,0784173691614216;16,8235977929502;0,306147801838963;0;0
OVCAR-8 R2;bayesynergy;2.5.1;Bayesian;536;PASS;Carboplatin (NSC 241240);Flunarizine 2HCl;0,119546664791788;0,119546664791788;0,177194485129249;0,599592934285595;0,0262796289760719;1,08807410013932;0,674663574910861;0,551095962762511;12,3967892844934;0,283381128312773;0,283381128312773;0,420070572983593;0,861337687173337;0,03134466842108;1,28513945969625;0,674603617911225;0,670228962837167;9,78977252088367;60845,9234158337;323172,807517128;2,29982488967335;0,077502750340741;89,3929222392066;0,544629011946488;1;0
OVCAR-8 R1;bayesynergy;2.5.1;Bayesian;537;PASS;Carboplatin (NSC 241240);Defactinib (VS-6063, PF-04554878);0,119413335164334;0,119413335164334;0,177013984267023;0,876512232936073;0,0371730621539548;1,57469603730176;0,674598313002215;0,556652332110053;11,0735486226314;0,665370371290518;0,665370371290518;0,986393533424798;1,88321643600331;0,0597448963220603;2,67492214172862;0,674548594190724;0,704026635626231;15,5757447594232;38282,26765244;18531,6327689528;2,04011748393621;0,114290092415009;14,184978530657;0,561676024822641;0;0
OVCAR-8 R1;bayesynergy;2.5.1;Bayesian;538;PASS;Carboplatin (NSC 241240);Pertuzumab (anti-HER2);0,118969310308297;0,118969310308297;0,176343656243355;0,657010243290344;0,0263819784698442;1,1674706150869;0,67464468437764;0,562799706614192;9,59469239718481;0,542202114674023;0,542202114674023;0,803775433581989;1,45388583246192;0,0445072596824081;2,0431984908455;0,674569154543233;0,711573466296112;13,1643560116503;23330,314412514;2753798,30394684;1,85671564579285;0,0938521009703886;34,4289532674455;0,470687814632522;0;0
OVCAR-8 R1;bayesynergy;2.5.1;Bayesian;539;PASS;Flavopiridol (L86-8275) HCl;Olaparib (AZD2281);0,118004072092574;0,118004072092574;0,174908518646353;0,404079787728858;0,0149247528860414;0,611336763490147;0,67466166317014;0,661046472045665;4,18035743615496;2,4960702891056;2,4960702891056;2,65464979510199;2,78666578497163;0,0686851492311474;2,28632175172083;0,940263493026849;1,21884235360759;12,3267860913259;83,7780597798666;26409,6652878237;2,07490230848522;0,0582175562676598;12,8795432849204;0,311765249285082;0;0
OVCAR-8 R1;bayesynergy;2.5.1;Bayesian;540;PASS;Carboplatin (NSC 241240);Fludarabine (Fludara);0,117116364486018;0,117116364486018;0,173604584578022;0,672404543532078;0,0269222934664379;1,1518020741731;0,674615620150189;0,583822142738689;9,68121061807235;0,781572160491725;0,781572160491725;1,15862161945193;1,73409393430246;0,0505186645114319;2,31831614960294;0,674570668603126;0,747997176571218;14,9147749573177;19837,7035737582;9103,15388075302;0,950094390621193;0,0955840792174316;19,6591210465509;0,136340186560054;0;0
OVCAR-8 R3;bayesynergy;2.5.1;Bayesian;541;PASS;Crizotinib (PF-02341066);Paclitaxel (NSC 125973);0,115609720358706;0,115609720358706;0,171350480431559;0,362790289130119;0,016122160462152;0,578128138635094;0,674697380874183;0,627590855576612;4,49051886727396;15,8711203362757;15,8711203362757;4,14208432352422;15,8460366452857;0,140301159021207;4,41602038203839;3,83167485175;3,58830695386675;32,4262469960128;8118,08394081176;9,24848735086889;226,528554976896;0,0777997550831427;5,32871018901743;1,20694263157735;0;0
OVCAR-8 R1;bayesynergy;2.5.1;Bayesian;542;PASS;Paclitaxel (NSC 125973);Vismodegib (GDC-0449);0,114986836381364;0,114986836381364;0,17044642957743;0,491401107654975;0,0202981829050084;0,819222770031143;0,674621560958705;0,599888729181064;6,71338071470541;2,274862470837;2,274862470837;2,89484536403383;3,05909329011471;0,0891528013917047;2,95868117723764;0,785832120465007;1,03393813218186;17,7457641912882;16,4545397405721;35737,345360095;1,23425408497416;0,086466789874793;17,9109407139986;0,234228060134776;2;0
OVCAR-8 R2;bayesynergy;2.5.1;Bayesian;543;PASS;AZD7762;Olaparib (AZD2281);0,114318843611646;0,114318843611646;0,169449513211911;0,662782892588859;0,0499806105203711;1,28546207719905;0,6746484037914;0,515626442104294;10,3663726498058;1,43159932847553;1,43159932847553;1,95608296921132;2,01516471313123;0,0585116335526759;2,02908639757655;0,731870452843185;0,993138939543458;11,2669791866142;305,572952098763;23593,342132048;2,66376069367031;0,0672541962766808;23,7652833819901;0,470048936303937;0;0
OVCAR-8 R1;bayesynergy;2.5.1;Bayesian;544;PASS;Abemaciclib (LY2835219);Paclitaxel (NSC 125973);0,112873972198889;0,112873972198889;0,167306533624693;0,461564517065583;0,0230636649803645;0,766487984477262;0,674653701523041;0,602233929482268;5,73781749309932;10,0159068317889;10,0159068317889;4,63882758476585;9,90351565819322;0,195648808375783;4,60242210943255;2,15914617406382;2,15180516317619;23,951054484134;7585,83145043305;11,7463616982653;13,3063209000376;0,0951502984095026;10,6731204410199;0,781891447777315;0;0
OVCAR-8 R1;bayesynergy;2.5.1;Bayesian;545;PASS;Niraparib (MK-4827);Venetoclax (ABT-199);0,112622386777209;0,112622386777209;0,166941718386247;0,603606097780481;0,0249714880508262;1,04768761747441;0,674620986688536;0,57617170391941;8,37279199922399;0,63449904873859;0,63449904873859;0,940584650015086;1,3246918113857;0,038196477650793;1,70168793035489;0,674579421138134;0,778457546625148;13,1423308822943;8404,98173275079;22293,3056297714;0,882459484522375;0,0705014821703738;18,8276501378636;0,162731772681559;0;0
OVCAR-8 R3;bayesynergy;2.5.1;Bayesian;546;PASS;Carboplatin (NSC 241240);Idasanutlin (RG-7388);0,111524487236158;0,111524487236158;0,165306371368288;0,682624343309063;0,0298962297497709;1,17200322875269;0,674653289604255;0,582477720131072;8,83915210520262;0,425599791300457;0,425599791300457;0,630909254561328;1,24880450895776;0,0500847056949564;1,830360124116;0,674581626792553;0,682272571667225;15,2873721612626;89622,2297595532;39655,2325494858;1,19439391940781;0,0759351224619798;17,7882879559045;0,31971358361358;0;0
OVCAR-8 R2;bayesynergy;2.5.1;Bayesian;547;PASS;Afatinib (BIBW2992);Olaparib (AZD2281);0,110039779951148;0,110039779951148;0,163117930208927;0,679657394554278;0,0256436585715313;1,17748838478495;0,674602600769919;0,577247258167498;8,37428559331854;1,21382640022178;1,21382640022178;1,77336623582508;1,9752280494283;0,0549583427194257;2,29050174927552;0,684475871763193;0,862356053669492;14,0028256662483;4556,37756851032;42984,6086670542;1,16636831247383;0,0769812750731138;13,9030482662199;0,243629602179257;0;0
OVCAR-8 R1;bayesynergy;2.5.1;Bayesian;548;PASS;Carboplatin (NSC 241240);Palbociclib;0,107941820942016;0,107941820942016;0,159999738915387;0,571517113041923;0,0233355589558225;0,998883116092143;0,674637481746759;0,572195511131637;8,67379674149176;0,983651864417191;0,983651864417191;1,45777104527123;1,80914542796227;0,0535028765874459;2,18743331233384;0,674764303769096;0,827063123598512;14,6001482168624;34608,9766135961;11413,3403898675;1,43093099684705;0,0932434482177779;32,3494727259541;0,376139770841082;0;0
OVCAR-8 R3;bayesynergy;2.5.1;Bayesian;549;PASS;AZD7762;Trametinib (GSK1120212);0,10761388964404;0,10761388964404;0,159488895158105;0,371675376114415;0,0155721233888259;0,607887135381327;0,674742210342355;0,61147531684585;7,35247929918261;1,58448606705795;1,58448606705795;1,91174843248934;2,09154826289309;0,0520804517584155;1,96306928515074;0,828815151685383;1,0654480097642;11,6936666962806;261,808698091616;128,102041286075;1,63243456657241;0,0672460164262445;17,0766465571644;0,263127834879369;0;0
OVCAR-8 R1;bayesynergy;2.5.1;Bayesian;550;PASS;Flavopiridol (L86-8275) HCl;Paclitaxel (NSC 125973);0,106411419338909;0,106411419338909;0,157706304865332;0,360273670935069;0,0148461567357532;0,577177440317953;0,674744230611294;0,624272060397269;4,96492559948997;2,07190775962445;2,07190775962445;2,13941904666831;2,34324467515274;0,0634647167795264;1,92481790471653;0,968444103015259;1,21738511960581;12,5277786440261;88,2493244580694;11,8490877885041;1,93874682158483;0,0697030050871161;10,2297963217036;0,235356514576839;0;0
OVCAR-8 R2;bayesynergy;2.5.1;Bayesian;551;PASS;Carboplatin (NSC 241240);Temsirolimus (CCI-779);0,104941593989135;0,104941593989135;0,155550366718823;0,516758002492812;0,0228780799511152;0,87320529180273;0,674647036858681;0,59184110145994;8,21076202807837;0,922955648299914;0,922955648299914;1,29477012882082;1,60574108241458;0,0476525489208569;1,91588240184259;0,712833597065195;0,838120899732816;12,3867723047709;28270432,5640976;127,532804074602;1,77014598519733;0,0781501352287274;15,1430849613109;0,414427735527522;0;0
OVCAR-8 R2;bayesynergy;2.5.1;Bayesian;552;PASS;Mebendalzole;Olaparib (AZD2281);0,102204223128094;0,102204223128094;0,151491907495447;0,571510105280613;0,0263024892088525;0,964950756959153;0,674651371269883;0,592316955819985;6,93810154652339;3,37813892055859;3,37813892055859;2,85036399248225;3,56631730967853;0,0789565797998972;2,6276667302626;1,18516053720449;1,35721827604908;15,971007864648;493,072534837584;119489,977505909;2,74498038055006;0,0733682813036099;10,8146008232033;0,453533214266777;1;0
OVCAR-8 R1;bayesynergy;2.5.1;Bayesian;553;PASS;Entrektinib (RXDX-101);Trametinib (GSK1120212);0,0990902481000239;0,0990902481000239;0,146872993269018;0,455088081229346;0,017983172827519;0,734727930624019;0,674666226203525;0,619450853204569;6,49848075251759;1,01605879657168;1,01605879657168;1,38755442979446;1,56739017728736;0,0455836205513781;1,72597645050319;0,732265902334509;0,908117939170259;12,2087085474531;4262,43569848712;14,7236482432939;0,913941643981594;0,0821191868108463;20,5444167741246;0,129884319479442;0;0
OVCAR-8 R1;bayesynergy;2.5.1;Bayesian;554;PASS;Niraparib (MK-4827);Quinacrine;0,0985578297849347;0,0985578297849347;0,146096266734559;0,639881359951636;0,023518591981598;1,03700062912926;0,67460881778727;0,617089966785973;6,97969845915597;0,547110349772155;0,547110349772155;0,811058721761351;1,2219224058779;0,0352110422004046;1,59138938686119;0,674563179080317;0,767833703031027;9,34024378226877;8032,78912817958;12577,9650083354;0,861903727063485;0,069745460637534;18,4603162454221;0,117805725621321;0;0
OVCAR-8 R2;bayesynergy;2.5.1;Bayesian;555;PASS;Carboplatin (NSC 241240);Vinorelbine ditartrate (Navelbine);0,0977168126073327;0,0977168126073327;0,144814274168903;0,324997119282155;0,0140543071390954;0,525860734950155;0,674773347918461;0,618093995083973;4,70682042789444;5,52235502663861;5,52235502663861;2,22415194393195;5,5351232577646;0,0707796798875874;2,31330497939009;2,48290367108461;2,39273390542044;14,2674700098818;4881726,56843195;206,44891586726;13,9826562957345;0,0703843940239952;8,14731985974291;0,819649494346345;0;0
OVCAR-8 R3;bayesynergy;2.5.1;Bayesian;556;PASS;Palbociclib;Trametinib (GSK1120212);0,0967288302586739;0,0967288302586739;0,143373305712565;0,427219173592978;0,0168247775794716;0,716560556818071;0,674664155771059;0,596258502473001;7,27975193555085;0,969421274029239;0,969421274029239;1,3733561932154;1,62868707444333;0,0454278891676679;1,81215576014146;0,70587752748947;0,89875666886173;10,3242033663405;13411,7632703214;94,7367635822321;757,620549501361;0,0606158426467497;876,04222718269;0,190352199722789;0;0
OVCAR-8 R3;bayesynergy;2.5.1;Bayesian;557;PASS;Olaparib (AZD2281);TNKS1/2 inhibitor (OM-153);0,09640349028977;0,09640349028977;0,142885850335203;0,546055170638554;0,0205535539598178;0,968264723273968;0,674688851720534;0,563998658721648;8,53382298065685;0,414520667977588;0,414520667977588;0,614466814719114;1,10237598327736;0,0324142217539745;1,52937408489332;0,674602204786395;0,720802055014717;10,5875468111468;14170,1478354358;1217,12602251227;1,22636335060843;0,0577957205407945;15,837906833293;0,247600013785568;0;0
OVCAR-8 R3;bayesynergy;2.5.1;Bayesian;558;PASS;Abemaciclib (LY2835219);Carboplatin (NSC 241240);0,0957381544020514;0,0957381544020514;0,141897744169843;0,502040685520243;0,0281211400916834;0,87115046517037;0,674698212872633;0,57633887339658;7,78219669176702;0,485689680069099;0,485689680069099;0,719950258467282;1,41200478257732;0,208144743057333;2,04312663176262;0,674615606226873;0,691099984027504;13,1317212262141;7387,22059645251;53946,0335093031;3,24539943833552;0,0774515801890097;19,9426661270355;0,34716077727476;3;2
OVCAR-8 R3;bayesynergy;2.5.1;Bayesian;559;PASS;Entrektinib (RXDX-101);Olaparib (AZD2281);0,0954964219224841;0,0954964219224841;0,141548120038145;0,534897634163958;0,020309985583007;0,924184547844738;0,674656942789135;0,578819983467974;7,34001195552486;0,486647251842607;0,486647251842607;0,721385752852188;1,16563273357787;0,0369689807182781;1,58813134001043;0,6746005863278;0,733964946230586;10,3941637811919;4853,28300364675;11886,2916094581;1,59339168832381;0,0791606696920084;17,2950900068933;0,272937494479539;0;0
OVCAR-8 R1;bayesynergy;2.5.1;Bayesian;560;PASS;Mebendalzole;Olaparib (AZD2281);0,0952220505289551;0,0952220505289551;0,14114198071068;0,486144033863813;0,0194465795592761;0,852554769382956;0,674654344862472;0,570269518790502;8,59354832762839;1,07771991492983;1,07771991492983;1,48205630419754;1,58815732584311;0,0402307139373449;1,64687261505613;0,727178793327533;0,964347400839489;10,879690558113;517,653730377823;34102,8674829385;0,868700711908047;0,0707845203883377;20,4729990797434;0,167876072148846;0;0
OVCAR-8 R1;bayesynergy;2.5.1;Bayesian;561;PASS;Cerdulatinib (PRT062070, PRT2070);Trametinib (GSK1120212);0,0947302655563342;0,0947302655563342;0,140424430371631;0,988663275648725;0,085843922545901;1,64249275200772;0,67459960710278;0,601957022737725;8,85331170246805;4,23623509300117;4,23623509300117;4,11692815928477;4,64919266680551;0,133252238155901;3,61999939394014;1,02897960059063;1,28430758153944;22,4130676244378;156919,457576271;24,3161992027481;2,73672531246721;0,0946169178848677;29,7625019658742;0,522203918589964;1;0
OVCAR-8 R3;bayesynergy;2.5.1;Bayesian;562;PASS;Paclitaxel (NSC 125973);Quinacrine;0,0912722481550196;0,0912722481550196;0,135289493729371;0,468464287136844;0,0191095384437107;0,78155195683774;0,674644021786331;0,599461961663658;7,37779794703484;2,54928863115352;2,54928863115352;2,97589064164801;3,23378877407265;0,0802184289540476;2,90130871676131;0,85664728248944;1,1145965802917;15,4339885277339;9,62909536156549;23006,3775318824;1,39770778693859;0,0702404275533781;16,4913092290361;0,232840206205965;0;0
OVCAR-8 R3;bayesynergy;2.5.1;Bayesian;563;PASS;Olaparib (AZD2281);Selpercatinib (LOXO-292);0,091047762493981;0,091047762493981;0,134958617614125;0,536712466348481;0,0213765516656672;0,935898705762692;0,674634670268377;0,573517379342863;6,82087260808857;0,563081243275981;0,563081243275981;0,834699506852489;1,21763050751078;0,0335876078823267;1,63010091554543;0,674591560978951;0,746966335580128;12,0524665529649;21488,0574675682;24250,473059967;1,27502656512909;0,0567487529177062;15,4128459333745;0,255233618147562;0;0
OVCAR-8 R2;bayesynergy;2.5.1;Bayesian;564;PASS;Niraparib (MK-4827);Vismodegib (GDC-0449);0,0902185509086513;0,0902185509086513;0,133725949991996;0,532565209508458;0,0218776685562959;0,956201837858512;0,674652533139984;0,557004179619262;8,88633150120128;0,793848039380309;0,793848039380309;1,17681448828245;1,57287227640006;0,0419586514969797;1,9523151093745;0,674573645451054;0,805644677361529;13,5593213186749;9851,06006803078;501744,229835033;1,33759304870822;0,0630220302462502;18,4296404159005;0,280775589083608;0;0
OVCAR-8 R2;bayesynergy;2.5.1;Bayesian;565;PASS;Carboplatin (NSC 241240);Lapatinib Ditosylate (Tykerb);0,0847320390211201;0,0847320390211201;0,125575393030811;0,377074108834434;0,0162768052533936;0,676238929947429;0,674750339028046;0,557656385265834;6,86023089872076;0,362453340924823;0,362453340924823;0,535787661983342;0,791668099043647;0,0228647421266508;1,03799787319008;0,676486911966427;0,762687592615783;8,44291791593333;136012,293900829;5702,96966915542;1,08843188130264;0,0735202912702596;23,0206048041825;0,211541469525531;2;0
OVCAR-8 R3;bayesynergy;2.5.1;Bayesian;566;PASS;Metformin;Trametinib (GSK1120212);0,0826918406097096;0,0826918406097096;0,122559396961374;0,370490023368516;0,0143836594053657;0,608753507726882;0,674708285614122;0,608669917144661;5,42107618023244;0,728674038782377;0,728674038782377;1,06295079717142;1,34136984910536;0,0401425143307435;1,60393481052581;0,685520007813556;0,836299480691254;12,9364056526914;15944744,3284432;101,285846345943;0,980480070849587;0,057885931140834;18,2781725388804;0,130900945024054;14;0
OVCAR-8 R3;bayesynergy;2.5.1;Bayesian;567;PASS;Erlotinib;Niraparib (MK-4827);0,0790772175588842;0,0790772175588842;0,117206614211514;0,420226187052745;0,0160006507703424;0,722901162735959;0,674682210478152;0,58136510771765;6,85537665769222;0,847351328497496;0,847351328497496;1,19443741472678;1,35115166082474;0,0341761216668496;1,47536787741661;0,709414589705667;0,915806614409029;10,9481223336242;7642,19033607717;9631,70464278485;0,970854475596985;0,0461210691251787;25,6095474035868;0,154785055041129;0;0
OVCAR-8 R2;bayesynergy;2.5.1;Bayesian;568;PASS;AZD8055;Niraparib (MK-4827);0,0763725127120089;0,0763725127120089;0,113192144618207;0,437691391865301;0,0168026795160785;0,740158288862422;0,674715661317408;0,591406676897276;5,65097770072641;0,95615938204606;0,95615938204606;1,36776623874862;1,53784012620442;0,0412708278423265;1,6446493701799;0,699066371839135;0,935056525778625;10,3693389111692;171,093177942487;8520,99972291733;1,0465159941179;0,0565037274608124;53,7696365531237;0,112069463956529;0;0
OVCAR-8 R2;bayesynergy;2.5.1;Bayesian;569;PASS;AZD8055;Olaparib (AZD2281);0,0752278920317935;0,0752278920317935;0,111497184519183;0,454322368682255;0,0221581948851001;0,799312524655371;0,674706651618188;0,568443375432859;6,46894212633401;1,32403081637967;1,32403081637967;1,65667544800057;1,77064513936826;0,0429535716443631;1,67237592039253;0,79920953616934;1,05876024509649;8,53880426129257;168,793180063014;24088,3301479956;0,938537015536818;0,0531693222692605;15,7603660351764;0,136794811910144;0;0
OVCAR-8 R3;bayesynergy;2.5.1;Bayesian;570;PASS;AZD7762;Olaparib (AZD2281);0,0742301153002187;0,0742301153002187;0,110028100581169;0,59190687361015;0,0292320617188878;1,04670479527426;0,674646884824287;0,565541149761768;8,17058495246834;5,11723774281964;5,11723774281964;4,57198245396684;5,30766644172314;0,158132218798909;3,89751138094187;1,11926014466213;1,36180909379166;19,4007872295066;286,051369905714;21941,4530555212;5,86215355731107;0,0763271868230211;51,2537438456377;0,912293800360737;0;0
OVCAR-8 R1;bayesynergy;2.5.1;Bayesian;571;PASS;Niraparib (MK-4827);TNKS1/2 inhibitor (OM-153);0,0719818367636374;0,0719818367636374;0,106700148281943;0,545532452951332;0,0254139531952336;0,964875295717689;0,674617963729852;0,565440524064473;8,76846271977693;1,61173196426428;1,61173196426428;2,23936353379453;2,32211907914106;0,0597746825190946;2,37675722220158;0,719727699384857;0,977011474899441;14,4832897087824;8510,96619603206;63,439255827448;1,28437266591782;0,0716649365229448;24,9723081477699;0,233378778698215;0;0
OVCAR-8 R2;bayesynergy;2.5.1;Bayesian;572;PASS;Fludarabine (Fludara);Olaparib (AZD2281);0,0719603180502412;0,0719603180502412;0,106666986520238;0,595289778323709;0,0272244688026933;1,10055897518777;0,67462595876924;0,540938556485854;10,248658740172;1,1167749402379;1,1167749402379;1,64512412611115;1,87788621292071;0,0561551964361545;2,15610941217926;0,678839318269435;0,870960537676361;14,7803215746669;4802,07054354723;43515,6507608869;1,52517084691345;0,0675217238114072;40,7122730463956;0,21329830052461;0;0
OVCAR-8 R3;bayesynergy;2.5.1;Bayesian;573;PASS;Palbociclib;Paclitaxel (NSC 125973);0,0716961941798331;0,0716961941798331;0,106278744394933;0,748179990559989;0,423483487042072;1,19837512192099;0,674605205283656;0,624371909862456;6,35886970213387;3,17648454709068;3,17648454709068;3,87425118059259;4,06615598283325;0,656399487495523;3,69252391702781;0,819896387462626;1,10118609227755;19,8110300269509;38409,2624611842;11,2067909675298;1,09433732325737;0,0838507596562107;20,9162981863565;0,32221095334699;12;1
OVCAR-8 R1;bayesynergy;2.5.1;Bayesian;574;PASS;Alpelisib (BYL719);Carboplatin (NSC 241240);0,0700077536091597;0,0700077536091597;0,103765400219736;0,534119718562734;0,0247393691326558;0,998479595303915;0,674673383043961;0,534981745392816;8,24752704894992;2,22153443279276;2,22153443279276;2,99427775663131;3,1722789601393;0,0803546638231651;3,18742188842715;0,741926639194648;0,995249160977769;16,5196536500838;5800,64855797735;20195,1069689806;1,77745519015765;0,094243462069236;23,1604816921128;0,339710215145105;0;0
OVCAR-8 R3;bayesynergy;2.5.1;Bayesian;575;PASS;Tamoxifen (ICI 46474);Niraparib (MK-4827);0,0699825657947109;0,0699825657947109;0,103730049588403;0,534440237579069;0,0229619938565205;0,977922604553329;0,674660487220429;0,546550764220505;9,15409300380387;0,922051681449434;0,922051681449434;1,35719469015258;1,60912589057906;0,0441583926556743;1,8895910460036;0,679380554713027;0,851573621700994;11,980522955642;37639,2294005183;8797,03728113398;1,4949009714553;0,0636146534093911;21,4158401541088;0,249639566488998;0;0
OVCAR-8 R1;bayesynergy;2.5.1;Bayesian;576;PASS;Olaparib (AZD2281);Vinorelbine ditartrate (Navelbine);0,0690430194342948;0,0690430194342948;0,102335073774819;0,431856254436511;0,0216220200655244;0,778481964573786;0,674676011728092;0,55480156886266;7,93026995961969;3,14333136876407;3,14333136876407;2,41297657621367;3,33798973391193;0,0668754583940134;2,26698129104658;1,30267794546785;1,47243814807616;12,1068107318406;28826,048576875;240,450862835153;2,49954152700503;0,064891645996319;13,3198885714316;0,319842956180854;0;0
OVCAR-8 R1;bayesynergy;2.5.1;Bayesian;577;PASS;Paclitaxel (NSC 125973);Ruxolitinib (INCB018424);0,0679425468722887;0,0679425468722887;0,100712468957477;0,540244745681908;0,0241748633037827;0,968629210942428;0,674619017640958;0,557789792973523;7,6077575218706;2,15612825031128;2,15612825031128;2,98691513629662;3,33967832418612;0,105041052798758;3,46084502300716;0,721857887460637;0,964989273424396;17,663459010229;17,0763463478199;7482770191239,19;1,7151658803272;0,11803591803263;25,7220614123462;0,23974061686122;12;0
OVCAR-8 R2;bayesynergy;2.5.1;Bayesian;578;PASS;Crizotinib (PF-02341066);Niraparib (MK-4827);0,0672413201984029;0,0672413201984029;0,0996674672942321;0,516197328289163;0,0248406771990813;0,94538510100266;0,674656656016925;0,546064302191352;7,21680586973084;1,06066861962637;1,06066861962637;1,52140645238369;1,70785188768906;0,0468690968407636;1,93964147236635;0,697163218917964;0,880498747846164;12,4391944123034;7980,67210763668;8155,40008528723;1,28008716372993;0,062719682311602;15,0683717031124;0,215311596788223;0;0
OVCAR-8 R1;bayesynergy;2.5.1;Bayesian;579;PASS;Carboplatin (NSC 241240);Cobimetinib;0,0669196949226886;0,0669196949226886;0,0991932401815766;0,603386086375479;0,0291679971027285;1,1134553827359;0,674639671011752;0,54194309115499;8,64942084447611;1,95164582567836;1,95164582567836;2,48918382372071;2,73170479739674;0,0693636785217473;2,73691575583117;0,784050501646414;0,998096047193514;18,2878865026921;22849,2775795248;526,132058122902;1,42667883061663;0,106395365517511;21,1239949063557;0,200507165802628;0;0
OVCAR-8 R3;bayesynergy;2.5.1;Bayesian;580;PASS;Niraparib (MK-4827);Vismodegib (GDC-0449);0,0659057977206934;0,0659057977206934;0,0976773757174493;0,489299446140313;0,0235292971299633;0,903398825486844;0,674729406237721;0,541668222256402;8,20464959594801;0,698349941123956;0,698349941123956;1,03298898877192;1,2738306615748;0,0353408519664816;1,48330937746775;0,676047807590084;0,858776113011192;8,46296236488881;9795,42695385955;9332162326,36062;0,882113063549368;0,0488299947210835;12,9213713347252;0,190759735322074;0;0
OVCAR-8 R2;bayesynergy;2.5.1;Bayesian;581;PASS;Carboplatin (NSC 241240);Defactinib (VS-6063, PF-04554878);0,0658905233757592;0,0658905233757592;0,0976596290665905;0,676915946949206;0,0951342907049807;1,34851914304192;0,674695613791762;0,502002708704907;9,72758177925333;0,399993094494788;0,399993094494788;0,592930373941799;1,25458786439416;0,0595568952142755;1,81804473126137;0,674603818717593;0,69007535558474;12,7020176381373;199835,983487331;367638,275946382;1,81691031791378;0,103328106588046;14,4397121838919;0,72210182617554;5;0
OVCAR-8 R3;bayesynergy;2.5.1;Bayesian;582;PASS;Carboplatin (NSC 241240);Entrektinib (RXDX-101);0,0645957090449218;0,0645957090449218;0,0957426786804479;0,461587863434487;0,0219236468892279;0,858150748339078;0,674680403088755;0,537931637844986;8,44888155357564;0,510717717824699;0,510717717824699;0,757091944564063;1,15203134661843;0,0381783885759691;1,52575312763105;0,674578195543703;0,755057502918002;13,2863114449516;93611,4987829394;4816,30472687265;1,59472045889329;0,0976034458078806;25,9195568201224;0,416570240258481;15;0
OVCAR-8 R2;bayesynergy;2.5.1;Bayesian;583;PASS;Dabrafenib ;Olaparib (AZD2281);0,0631574415785895;0,0631574415785895;0,0936155976862721;0,483168422000227;0,0210898268713732;0,864188747372455;0,67464656680658;0,55915481532999;9,51167543081199;0,694751172905604;0,694751172905604;1,02990046353867;1,56763986157862;0,0483403230161812;1,98814651976684;0,674580891553814;0,788493124622662;11,1018122716839;7222,49010937889;32472,6498470534;1,29461307781035;0,0579850766084715;20,9725550622457;0,353556185251747;0;0
OVCAR-8 R2;bayesynergy;2.5.1;Bayesian;584;PASS;Flunarizine 2HCl;Niraparib (MK-4827);0,0625894007576027;0,0625894007576027;0,0927673950386117;0,550528810571442;0,0265928537678576;1,02501767079715;0,6746918001907;0,537134378019372;10,1106951811198;0,880649891546496;0,880649891546496;1,30501807604877;1,619846623751;0,0493556773188006;2,03014816833844;0,674818155939154;0,797895763971139;14,733568110352;13959254,5219015;11368,8074578825;1,19791215100647;0,0675524339860114;21,6237051553933;0,314863983221888;0;0
OVCAR-8 R2;bayesynergy;2.5.1;Bayesian;585;PASS;Carboplatin (NSC 241240);Luminespib (NVP-AUY922);0,0623406615183722;0,0623406615183722;0,0923953151972751;0,445533669861592;0,0225811907793492;0,774304691498214;0,674716692997555;0,575454358014522;5,52562777506979;1,07723066579929;1,07723066579929;1,42306550829875;1,75710735260714;0,118023689800126;2,43571318908271;0,756978972167697;0,721393372784117;21,7199721515331;255978,122475537;19,9666488344935;1,50747454352229;0,0737335951122701;16,4620447235935;0,4292976656159;4;0
OVCAR-8 R3;bayesynergy;2.5.1;Bayesian;586;PASS;Niraparib (MK-4827);Trametinib (GSK1120212);0,0621896134141541;0,0621896134141541;0,0921734346784157;0,386094889821407;0,0147258936568519;0,67572124716449;0,674702137672614;0,571444075363908;5,11077752612865;0,788549850245011;0,788549850245011;1,12496532947612;1,30463573225339;0,0369344841181803;1,45510543655736;0,700954802413535;0,896591889134869;8,02135495679681;9216,83865101523;65,7568742948608;0,691667248592995;0,0486118732956714;24,3241240806275;0,0907086267635572;0;0
OVCAR-8 R3;bayesynergy;2.5.1;Bayesian;587;PASS;Olaparib (AZD2281);Quinacrine;0,0595149840041046;0,0595149840041046;0,08821552570999;0,516070766400865;0,0216616985969371;0,917454640381473;0,674654302914445;0,562554464278389;6,68472816463285;0,788716636358287;0,788716636358287;1,16802019952277;1,56181498848958;0,0504510304289087;1,98979114957879;0,675259414760585;0,784914029203613;14,9198338597109;15279,5197710043;21593,716922409;1,27982467422546;0,0563760267977188;1164,38613680465;0,312343084924406;0;0
OVCAR-8 R2;bayesynergy;2.5.1;Bayesian;588;PASS;Olaparib (AZD2281);Venetoclax (ABT-199);0,0583985533813144;0,0583985533813144;0,0865595004383122;0,531220083426533;0,0257657530592266;0,977178037692329;0,674663706301458;0,543673016584602;9,20417305290467;0,616737730700819;0,616737730700819;0,914265140581731;1,40675551838528;0,0452463058721422;1,84275413778378;0,674572072504481;0,763398377212244;14,7861593895732;28490,0896300404;433812,705603011;1,66770896000649;0,0604002901044571;14,5169418773758;0,396301766350413;0;0
OVCAR-8 R2;bayesynergy;2.5.1;Bayesian;589;PASS;Lapatinib Ditosylate (Tykerb);Olaparib (AZD2281);0,0583667735174318;0,0583667735174318;0,0865026352548987;0,391013480189191;0,0176272068923307;0,725797873365418;0,674739831283076;0,538793697041974;6,90048517436341;0,694188191633545;0,694188191633545;0,983971764607206;1,27458811206958;0,0385507569203105;1,46942593379492;0,705496048365432;0,86740548315889;8,00850753721167;6165,28312382347;9180728,89897134;1,28840943618413;0,0642188202084574;17,288677101524;0,26163061003528;0;0
OVCAR-8 R1;bayesynergy;2.5.1;Bayesian;590;PASS;Flavopiridol (L86-8275) HCl;Niraparib (MK-4827);0,0575374312098882;0,0575374312098882;0,0852780734356543;0,317851771604674;0,013247680413982;0,548068050113804;0,674703694535295;0,580037515267791;5,24163370190283;3,99244373598943;3,99244373598943;1,97618441313579;3,98859718385535;0,0612052210299513;1,98346700137113;2,02027893219452;2,01092187623899;10,5806787006707;84,8209572517953;8600,24532272681;9,44024413781927;0,0611698935009151;9,05168457686421;0,529559039738017;0;0
OVCAR-8 R1;bayesynergy;2.5.1;Bayesian;591;PASS;Carboplatin (NSC 241240);Olaparib (AZD2281);0,0561918958811886;0,0561918958811886;0,0832852479916387;0,460715347999831;0,0225042137719336;0,845260150745732;0,674692064155586;0,545113855389317;6,81726060443608;3,00736260414021;3,00736260414021;3,31596092673975;3,49951196943959;0,0773967744526169;2,95114185758194;0,906935476799191;1,18581624954721;17,4090014092863;36302,7735997756;26199,0255809945;3,29299282969267;0,0755691656730441;13,7781578133243;0,629252686613213;0;0
OVCAR-8 R1;bayesynergy;2.5.1;Bayesian;592;PASS;Carboplatin (NSC 241240);Everolimus (RAD001);0,0561321756967264;0,0561321756967264;0,0831990019278796;0,518002448689043;0,024630209593335;0,97236266734511;0,674673666703167;0,532773406751892;7,66952379121897;2,13959344458854;2,13959344458854;2,66304410113475;2,89361215220451;0,0744394473603116;2,73572728295976;0,803438983108406;1,05771221065352;17,6382229329093;45813,6826948766;11,6037039033144;1,63080718767619;0,100995933356138;20,0001924251113;0,303470363259787;0;0
OVCAR-8 R2;bayesynergy;2.5.1;Bayesian;593;PASS;Niraparib (MK-4827);Tamoxifen (ICI 46474);0,0559369005901469;0,0559369005901469;0,0829121152911672;0,530827620293106;0,0236993347062608;0,988661272987978;0,674652918861256;0,536962342915595;9,07715519729158;1,04830044846196;1,04830044846196;1,54568203809152;1,84781079449916;0,0527757961002864;2,16287306581442;0,678212221289909;0,854331594259959;14,4594505538571;9471,85804229121;32641,0490890062;1,36773654771776;0,0667475275466193;23,2565861860169;0,289582790286936;0;0
OVCAR-8 R2;bayesynergy;2.5.1;Bayesian;594;PASS;Niraparib (MK-4827);Quinacrine;0,0554735063639099;0,0554735063639099;0,0822224731747196;0,513677553831385;0,0229233137900509;0,999098451179095;0,674675720906994;0,514186986866046;7,70784374025523;0,868880522066775;0,868880522066775;1,28745450554768;1,62268068205574;0,0484299636195059;1,98902717176742;0,674882505224644;0,815816246800616;13,1662633385946;9751,72906959801;24029,4207873865;1,40848618422805;0,0569769617152431;23,484441277558;0,261467515712445;0;0
OVCAR-8 R3;bayesynergy;2.5.1;Bayesian;595;PASS;Pertuzumab (anti-HER2);Trametinib (GSK1120212);0,0551312560452604;0,0551312560452604;0,081712402399802;0,347933966485873;0,0146732772995296;0,639750179043469;0,674698753507631;0,543921268545693;9,69855734442441;1,2065167250757;1,2065167250757;1,62213032427677;1,79840634536141;0,0453020672715679;1,87780840446052;0,743785321696406;0,957715569431631;11,5281837368179;68792341,9175952;91,4753585777159;1,08831206599957;0,059399968931651;44,2827319934539;0,15567909890704;0;0
OVCAR-8 R1;bayesynergy;2.5.1;Bayesian;596;PASS;Carboplatin (NSC 241240);Temsirolimus (CCI-779);0,0541134311758345;0,0541134311758345;0,0801997691009791;0,361291404302582;0,0148341399950259;0,664664154769424;0,674733004626243;0,543639166096284;6,85267545387063;1,14365797200421;1,14365797200421;1,60930412791039;1,91204925944678;0,0497410607597043;2,14862209373474;0,710653724283424;0,889895559122382;13,2166858746439;23458,0031951496;24,7300876226803;1,00259904408162;0,0734211816654524;19,3718944108894;0,183415301089856;0;0
OVCAR-8 R1;bayesynergy;2.5.1;Bayesian;597;PASS;Gemcitabine (LY-188011) HCl;Niraparib (MK-4827);0,053861871931469;0,053861871931469;0,0798385782084533;0,486652717445243;0,0200473512123432;0,888645539420591;0,674634658333208;0,547687556386364;6,63044035917115;2,90442526124035;2,90442526124035;3,67301722228547;3,82130495962733;0,0949276161970632;3,58624927045793;0,790746431467348;1,06554360041442;18,0866241177181;134,700526701162;8577,50157312871;1,35150136489575;0,122288037416903;16,9376193647402;0,26331001917583;0;0
OVCAR-8 R3;bayesynergy;2.5.1;Bayesian;598;PASS;Niraparib (MK-4827);Selumetinib (AZD6244);0,0538164908349903;0,0538164908349903;0,0797639855170281;0,474453804033591;0,0203188023158362;0,934548783507037;0,67469661258967;0,507730130929514;9,52187440855661;1,02282389236101;1,02282389236101;1,49025264850188;1,78744598873074;0,043850927444411;2,05634716038786;0,686342610019333;0,869233572600453;13,2645665118854;10663,7702033281;15611,1964666895;0,968836627535363;0,0668964847903921;15,9154990114868;0,156509751911373;0;0
OVCAR-8 R1;bayesynergy;2.5.1;Bayesian;599;PASS;Cucurbitacin I (JSI-124);Niraparib (MK-4827);0,0537977705398252;0,0537977705398252;0,0797320152274753;0,357117370883008;0,0142645250850127;0,641138129397853;0,674732356711922;0,557068245966598;6,01008906188875;1,13063130091253;1,13063130091253;1,61812149448835;1,77759371210642;0,0509230848284705;1,94201825358646;0,698730784285166;0,915333163745301;13,3172308157425;197,470850600082;7510,45405427692;1,09399510009618;0,0692936949535792;28,8886954184181;0,152208169040141;0;0
OVCAR-8 R2;bayesynergy;2.5.1;Bayesian;600;PASS;Niraparib (MK-4827);Palbociclib;0,052245440127001;0,052245440127001;0,0774406499591072;0,647218495355846;0,0323763272160455;1,18580459254545;0,674651364039292;0,545844239716377;10,5429763710254;1,24734608424546;1,24734608424546;1,75932398932289;2,01264726251974;0,058736595528421;2,26573136097197;0,708991687611518;0,888299159021366;16,4725896625886;9145,33900779037;12998,9683660827;1,57087271972192;0,0704130752130484;13,3444696262984;0,384704900906465;0;0
OVCAR-8 R2;bayesynergy;2.5.1;Bayesian;601;PASS;Gemcitabine (LY-188011) HCl;Niraparib (MK-4827);0,0507999321091425;0,0507999321091425;0,0752954853892503;0,452972759194452;0,0202768463175322;0,835032383196358;0,674674342645184;0,542521936708846;10,5549148507965;5,15260920074163;5,15260920074163;5,68439211689811;6,04214103782556;0,21020575507953;5,05590199954089;0,906448586722996;1,19506688190836;25,618422900237;20,2354940142414;9939,46584673931;2,22950911477369;0,126548381960163;12,7405599383307;0,595208480934545;0;0
OVCAR-8 R3;bayesynergy;2.5.1;Bayesian;602;PASS;Niraparib (MK-4827);Nutlin-3a;0,0492152135580977;0,0492152135580977;0,0729449675224844;0,457519320376357;0,0212086817458008;0,857634187087572;0,674689635620548;0,533523568809171;7,84291972879212;1,55939737225932;1,55939737225932;2,14208098447517;2,22110569398405;0,0659837527848102;2,27801779392635;0,727982454240116;0,975016832575219;14,8644108414925;11780,1059832215;2520,12690763522;1,60372970015456;0,0624976447047818;11,6415851398161;0,303784289667389;0;0
OVCAR-8 R1;bayesynergy;2.5.1;Bayesian;603;PASS;Niraparib (MK-4827);Pertuzumab (anti-HER2);0,0476334087718636;0,0476334087718636;0,0705991197890978;0,486448402981765;0,019918232022634;0,877004586163577;0,674702587144993;0,554724395631817;7,99901403764838;0,702744954055053;0,702744954055053;1,04176588310373;1,42163607468961;0,0420936336475095;1,73604916602309;0,674570904512028;0,818891597376974;10,6833887692967;8016,06712728331;715725,581775653;0,97153517696217;0,0729006902000366;32,9054392353773;0,201419169388444;1;0
OVCAR-8 R1;bayesynergy;2.5.1;Bayesian;604;PASS;Niraparib (MK-4827);Vismodegib (GDC-0449);0,0473733449024769;0,0473733449024769;0,0702140550514844;0,490897684753198;0,0193601672658435;0,892809820159493;0,674698888530799;0,549887921808402;7,08877615824999;0,873772264854288;0,873772264854288;1,29530948946576;1,73332265594266;0,0494518589500492;2,10611411931801;0,674566404369251;0,82299560125637;13,3193054982152;7580,122340408;14004,4562954873;1,20187242579832;0,0771241206104151;31,8533495008582;0,219518581078695;1;0
OVCAR-8 R1;bayesynergy;2.5.1;Bayesian;605;PASS;Afatinib (BIBW2992);Carboplatin (NSC 241240);0,0467191109034519;0,0467191109034519;0,0692465958866022;0,601337140752341;0,0286189112352074;1,12710496200128;0,674677365800896;0,533566254782272;7,61967237190469;2,91017714718165;2,91017714718165;3,67166770827222;3,67149212917312;0,0873592097531688;3,48209579005608;0,792603628216425;1,05439147873471;23,160057124087;3109,63376144824;101131,462713972;1,65474239939178;0,10326699712796;14,3292695717297;0,339639241998879;0;0
OVCAR-8 R2;bayesynergy;2.5.1;Bayesian;606;PASS;Alectinib (CH5424802);Olaparib (AZD2281);0,0466952959608521;0,0466952959608521;0,06920892435469;0,424752698969214;0,0198958885607027;0,835271780373859;0,674700501362261;0,508572683586283;8,41562977240088;0,579329246669723;0,579329246669723;0,858783011480654;1,34500101459621;0,0421085398956295;1,80867439562769;0,674593277841958;0,743639108204124;12,2994780123998;297146,615994468;27965,9042255805;2,00632584552804;0,0685370314763946;16,2875314711326;0,509928793218368;1;0
OVCAR-8 R1;bayesynergy;2.5.1;Bayesian;607;PASS;AZD7762;Carboplatin (NSC 241240);0,0463845834652096;0,0463845834652096;0,0687469241578815;0,429447087324819;0,0204043285999418;0,80763048334121;0,674715036831096;0,531794856401428;6,88216355598472;1,98012502891493;1,98012502891493;2,73286925560456;2,95435317618266;0,0772299045562429;3,02947860038532;0,724559005102088;0,975201863385634;17,806354546236;346,621620210607;47097,5532153422;1,59158874831594;0,0949768760990738;20,0614636734633;0,428214544422018;0;0
OVCAR-8 R2;bayesynergy;2.5.1;Bayesian;608;PASS;Carboplatin (NSC 241240);Fludarabine (Fludara);0,0445168403188538;0,0445168403188538;0,0659813809013761;0,559049545007114;0,0256282275171818;1,10710777584675;0,674687915146762;0,505008361413092;7,80429511285337;1,13639938899453;1,13639938899453;1,66134649737503;1,91595691339695;0,052585823220963;2,23723006048523;0,684023104626321;0,856396911179264;15,2432896575078;30030489,5957572;4507,37564267521;0,789195554848377;0,0891380465379972;35,9139585415826;0,179788383674542;0;0
OVCAR-8 R2;bayesynergy;2.5.1;Bayesian;609;PASS;Carboplatin (NSC 241240);Pictilisib (GDC-0941);0,0444624099454847;0,0444624099454847;0,0658945198749345;0,381140456963193;0,0160724833965255;0,7277171196896;0,674751254427117;0,523810469915437;8,14576580103883;1,56151508043333;1,56151508043333;2,1305623422901;2,31038307039795;0,0618392999861599;2,32132152371538;0,732912175080919;0,995287833587172;14,6459682933136;235488,50937358;2893,01134843895;1,25856579399972;0,0904057798393178;19,1088090374486;0,204148679954229;0;0
OVCAR-8 R1;bayesynergy;2.5.1;Bayesian;610;PASS;MK-2206 2HCl;Olaparib (AZD2281);0,0438807791362597;0,0438807791362597;0,0650349496276173;0,374690189138878;0,018272029517539;0,698632104797094;0,674726118610317;0,536386406271193;6,68416590147927;2,27663842632894;2,27663842632894;2,54958927235242;2,73144397813207;0,0680434849113453;2,37675526803804;0,892943208938262;1,14923232310191;12,1649155878537;3780,16152776559;26915,7462413177;1,43632823712595;0,0713698109705974;16,3223222790428;0,308166565235758;0;0
OVCAR-8 R1;bayesynergy;2.5.1;Bayesian;611;PASS;Carboplatin (NSC 241240);Paclitaxel (NSC 125973);0,0437850545190443;0,0437850545190443;0,0648989916498457;0,416437667325427;0,0191832893796038;0,740961027301165;0,674664635088339;0,562091388377654;6,06445646673117;3,91647111086222;3,91647111086222;3,94210458225162;4,50131861433518;0,113035589555956;3,59328343889376;0,993497516147895;1,25270346491814;18,1231951103281;18684,8622950169;14,5443637849348;2,05060752707019;0,0947702114939063;14,9991215729889;0,294148117900961;0;0
OVCAR-8 R3;bayesynergy;2.5.1;Bayesian;612;PASS;Niraparib (MK-4827);Sorafenib (Nexavar);0,0430839746754042;0,0430839746754042;0,0638562814991861;0,388042092750104;0,0174182745899056;0,718087321693865;0,674702216663733;0,540446373247524;4,73494568443968;0,820525804227444;0,820525804227444;1,20150476927045;1,36296250911673;0,0357638724920096;1,5632597083387;0,682915145418576;0,871872089996596;11,1317798681681;8902,5183195545;6907,99085908841;0,776489425490743;0,0512723142276469;15,3187692359727;0,144608982222128;0;0
OVCAR-8 R1;bayesynergy;2.5.1;Bayesian;613;PASS;Olaparib (AZD2281);Simvastatin (MK 733);0,0424232097441352;0,0424232097441352;0,0628781483331327;0,578577848850681;0,0369349389069465;1,11682678581262;0,674689234157694;0,518098401590909;9,90650488476014;0,561624165854656;0,561624165854656;0,832568489624627;1,35468459040046;0,075633728927357;1,87992794352707;0,674568126050351;0,720604529053831;14,2130721560582;27695,2120144629;1336559,44173123;2,86334589525039;0,0819257697643937;16,2764300086558;0,386700908696501;2;0
OVCAR-8 R3;bayesynergy;2.5.1;Bayesian;614;PASS;Niraparib (MK-4827);Selpercatinib (LOXO-292);0,0423450277924393;0,0423450277924393;0,062764126461456;0,388635712929939;0,018426721558414;0,757438090259797;0,674669276540377;0,513153633873797;8,00047261009737;0,895451232475467;0,895451232475467;1,31687083848139;1,54826588072134;0,0476777916712896;1,81346478217486;0,679984100421039;0,853761206691059;12,8130651264116;8834,67881009746;23107,9334810576;1,25109326602582;0,0544638173942376;21,5601908095208;0,211708646667741;0;0
OVCAR-8 R2;bayesynergy;2.5.1;Bayesian;615;PASS;Metformin;Niraparib (MK-4827);0,0413581389221927;0,0413581389221927;0,0612954940727051;0,399189981685441;0,0176991652007889;0,755988350056167;0,674733755684163;0,52809918097532;6,51920303495523;1,25293052359295;1,25293052359295;1,81739185125809;1,9821890072859;0,0495726465449191;2,18264925068053;0,689411324654948;0,908157371903836;11,5043190572165;31967737,950168;10601,1970459241;1,79060146940297;0,0592729118189533;25,473201554249;0,385677681562519;0;0
OVCAR-8 R3;bayesynergy;2.5.1;Bayesian;616;PASS;Carboplatin (NSC 241240);Lapatinib Ditosylate (Tykerb);0,0409571134240878;0,0409571134240878;0,0606949047654886;0,310977499793319;0,0155426976510195;0,605096647704756;0,67480315822781;0,514001718714498;4,99901797274696;0,979517942986093;0,979517942986093;1,35405801201429;1,49837242218674;0,0408165494733101;1,62420671151122;0,723394370326104;0,922525693045927;10,5699637718913;60325,062819843;7131,16090623452;1,34898952482822;0,076950703697909;14,7367398131883;0,280230970903633;0;0
OVCAR-8 R2;bayesynergy;2.5.1;Bayesian;617;PASS;Simvastatin (MK 733);Carboplatin (NSC 241240);0,0407871247840198;0,0407871247840198;0,0604457746817772;0,42406348271312;0,0214503910802343;0,866348288507211;0,674772140794749;0,489534878018656;7,96547129583422;0,432207210536057;0,432207210536057;0,640679352116211;1,17224506646193;0,0442451703582421;1,68352253387529;0,674607678721726;0,696304945656741;10,9541247810045;45255,0810953042;81744,2219687576;2,23297311746124;0,0700767969653989;15,5053835175465;0,56433209653239;0;0
OVCAR-8 R1;bayesynergy;2.5.1;Bayesian;618;PASS;Niclosamide (BAY2353);Paclitaxel (NSC 125973);0,0399437719921196;0,0399437719921196;0,0591989252487393;0,263379573963533;0,0103318687171492;0,460704751872591;0,674738127834005;0,5717869629333;3,32785473865398;1,21386404125944;1,21386404125944;1,59323319263606;1,71321223671707;0,0442745459555942;1,67326830106386;0,761887240907315;1,02387180563201;8,57640290105521;2549,93269424187;13,0698552135809;0,822578726662596;0,0625115072821927;46,9719545487566;0,103039536210925;0;0
OVCAR-8 R1;bayesynergy;2.5.1;Bayesian;619;PASS;AZD7762;Olaparib (AZD2281);0,0381529918069147;0,0381529918069147;0,0565432661118551;0,366210882513864;0,0172462391894135;0,716668754143093;0,674757480960503;0,511052695335386;5,7787398639968;2,20298701190269;2,20298701190269;2,73818134520175;2,93543299747034;0,0851931449351191;2,78202163590532;0,804543868419488;1,05514384201225;16,5571290510312;403,997288120382;20452,6453857106;1,88347472797897;0,0776779672939931;16,5218069506393;0,350678485057826;0;0
OVCAR-8 R3;bayesynergy;2.5.1;Bayesian;620;PASS;Carboplatin (NSC 241240);Olaparib (AZD2281);0,0379751413957921;0,0379751413957921;0,0562854247109455;0,508547311882432;0,0218904923370166;0,963356593472505;0,674688724315645;0,527939941692462;6,91314391267073;0,732937531334041;0,732937531334041;1,08653672963159;1,64151975017743;0,0515140633073505;2,12177501514406;0,67456305097257;0,773654010656722;16,8264249673714;37450,331312104;26201,0602706459;1,17255547187201;0,0814868055313198;26,1490656677319;0,367127143932249;0;0
OVCAR-8 R1;bayesynergy;2.5.1;Bayesian;621;PASS;Niraparib (MK-4827);Sorafenib (Nexavar);0,0361961543165274;0,0361961543165274;0,0536460990903753;0,384396668905086;0,016072471782028;0,741102672863904;0,674721087465265;0,518743402380292;7,33612551919979;0,878509078592595;0,878509078592595;1,28283427337693;1,46404313815435;0,0417469033987932;1,68631235490895;0,684818839677561;0,868192143580303;10,6744636880096;7349,01020715638;5276,67422857044;0,811983249529157;0,0625832974999519;13,3514133670815;0,155733716517099;0;0
OVCAR-8 R3;bayesynergy;2.5.1;Bayesian;622;PASS;Carboplatin (NSC 241240);LJH-685;0,0360982482750554;0,0360982482750554;0,0534999509181734;0,421283169664482;0,0211670966612474;0,825892474585411;0,674734231630728;0,510152043239262;7,15626601940475;0,486934266202733;0,486934266202733;0,721834037128936;1,33237723681793;0,0458691041721707;1,85615572663044;0,674579253895387;0,717815438490524;11,2670361534388;60506,8888062575;15542,9822553306;1,49730461604249;0,0796766731877607;11,6289033011204;0,555451002182212;1;0
OVCAR-8 R2;bayesynergy;2.5.1;Bayesian;623;PASS;Carboplatin (NSC 241240);Mebendalzole;0,0343829712275766;0,0343829712275766;0,0509515142321596;0,351499422296091;0,0166656765804931;0,675927377632445;0,674817456276397;0,520095810639533;5,46257632513628;3,72245964436364;3,72245964436364;3,38460381283981;3,94617184238972;0,0810257407606888;2,88280074436363;1,09982138241473;1,36886735932241;14,7063789633714;653861,944147694;536,686868834583;3,01801961817676;0,0834396720747754;27,5118429408577;0,556087447252214;0;0
OVCAR-8 R3;bayesynergy;2.5.1;Bayesian;624;PASS;Dabrafenib ;Olaparib (AZD2281);0,0312426944166883;0,0312426944166883;0,046306689342361;0,499789947409919;0,028000444084125;1,04667463246732;0,67469073821496;0,477550023683691;16,2888787689466;1,16896348752774;1,16896348752774;1,71593018661436;1,96579519683348;0,0529493317583035;2,20317596806377;0,681241869072876;0,892255192199238;13,7879192988342;13443428,5245065;48904,9011315435;1,6791777603339;0,0614849881669923;22,8762498829948;0,388468718295887;0;0
OVCAR-8 R2;bayesynergy;2.5.1;Bayesian;625;PASS;Mebendalzole;Niraparib (MK-4827);0,0294300245339526;0,0294300245339526;0,0436153497511511;0,379705754194169;0,0208335635594203;0,74089515282344;0,674763006644832;0,512566365544776;9,37772277978858;12,6712216982073;12,6712216982073;5,30109758071711;12,5042309273136;0,160963317882528;5,10260065921258;2,39030153760973;2,45056036371132;30,5873738167757;561,488222569442;11698,3090018347;35,6090589367122;0,0783838620213145;11,6335481046383;1,32921694043821;0;0
OVCAR-8 R2;bayesynergy;2.5.1;Bayesian;626;PASS;Carboplatin (NSC 241240);LJH-685;0,029217419972637;0,029217419972637;0,0432954941583877;0,370107539546274;0,018788894855724;0,74966113111785;0,674837429173369;0,49376029945033;6,57324718651874;0,311063158500632;0,311063158500632;0,461088681102599;0,892246837878829;0,0302200158273613;1,314951470602;0,674627617743267;0,678539746771298;8,99619197504952;459868777,660155;993536,347745493;1,81085338676812;0,0689373385104752;22,6687002668601;0,592207161325522;2;0
OVCAR-8 R3;bayesynergy;2.5.1;Bayesian;627;PASS;Lapatinib Ditosylate (Tykerb);Niraparib (MK-4827);0,0287161668048261;0,0287161668048261;0,0425564257429157;0,334512767681156;0,0165502976019858;0,673126338795943;0,674778633391373;0,497028054426897;7,64671723098318;1,58245037811021;1,58245037811021;2,01732019472109;2,12790170915119;0,0545520102816297;2,06102379461654;0,784431932149966;1,03244888036195;11,6119080883114;7348,68827837866;9579,22208120502;1,26725355881143;0,0601537197451611;26,4625071400985;0,201244296175228;0;0
OVCAR-8 R2;bayesynergy;2.5.1;Bayesian;628;PASS;Carboplatin (NSC 241240);Dasatinib (BMS-354825);0,0286064127274553;0,0286064127274553;0,0423968676306483;0,382378010025855;0,0166255082270147;0,713275052105202;0,674729392196323;0,536160053290939;6,31751123374815;2,53731171459074;2,53731171459074;2,78856898157104;3,18194505580756;0,0744150160441574;2,84777282621286;0,909897417406279;1,11734511493288;17,0475570703;475113,511239574;162,058074542514;1,64717624226618;0,0903199854470557;159,27840741589;0,197757823628146;0;0
OVCAR-8 R1;bayesynergy;2.5.1;Bayesian;629;PASS;Carboplatin (NSC 241240);Gedatolisib (PKI-587);0,0285878638040858;0,0285878638040858;0,0423653357203518;0,310655426141882;0,0145601591575031;0,612203217081252;0,674793751023021;0,507514787035493;5,61977530381982;1,23144639995282;1,23144639995282;1,71425231482453;1,97723095424986;0,0695426577972283;2,12689539101108;0,718357729083114;0,929632441071742;11,2514091083091;26202,2062843584;790,079419307541;1,18719658014416;0,0831698196710426;16,5748977572667;0,17512642481152;0;0
OVCAR-8 R2;bayesynergy;2.5.1;Bayesian;630;PASS;Afatinib (BIBW2992);Carboplatin (NSC 241240);0,0266415692419789;0,0266415692419789;0,0394805440651324;0,395386769429661;0,0179203215225242;0,779225500894805;0,674802484941123;0,507471544311188;6,09763725466475;0,957391825483163;0,957391825483163;1,41549721604363;1,79657480855137;0,0528046050021436;2,10420323873523;0,676364329531574;0,853802891032156;14,4003996150939;4687,63194731319;640845,890393542;1,36661986718478;0,0743341224801207;18,4539124334827;0,24727065910965;0;0
OVCAR-8 R2;bayesynergy;2.5.1;Bayesian;631;PASS;Carboplatin (NSC 241240);Olaparib (AZD2281);0,0260519930744168;0,0260519930744168;0,0386082711576471;0,386049858135571;0,0184846208138759;0,747120863513746;0,674777509928897;0,516782695881935;6,14046232798538;0,503848194990523;0,503848194990523;0,746893819681081;1,23470235927804;0,0370513581304286;1,71103146587479;0,674591463624191;0,721612889010654;13,5912807584323;193226,789458258;28235,7147603261;1,47027755789787;0,0711245821517826;24,278359877062;0,448962965241842;0;0
OVCAR-8 R3;bayesynergy;2.5.1;Bayesian;632;PASS;Carboplatin (NSC 241240);Metformin;0,0256485459791892;0,0256485459791892;0,0380094107792974;0,390634500123572;0,0210939333794531;0,806789745105892;0,67479462199817;0,48423829846881;8,71411343180063;0,371053895122678;0,371053895122678;0,550036696379325;1,06382880147913;0,0353261133295645;1,56649437639085;0,674598436004689;0,679114344432028;10,9619429248313;1586957,24813417;23110543,8723348;2,07301029133111;0,0799913881565269;18,9690532755631;0,601860729513844;0;0
OVCAR-8 R1;bayesynergy;2.5.1;Bayesian;633;PASS;Olaparib (AZD2281);Vismodegib (GDC-0449);0,0242289182932233;0,0242289182932233;0,0359088065786327;0,477645186992207;0,023187391564354;0,931952938498827;0,674734712783258;0,512576727924458;8,17678965693361;0,834990589082225;0,834990589082225;1,23782185056054;1,82417870881989;0,0625296929258761;2,38482396694783;0,674564428398243;0,764911261418816;14,7720745564002;20844,234604684;49480,6731612235;1,74237083344383;0,0793967246294522;70,3091919616942;0,470185365820906;2;0
OVCAR-8 R2;bayesynergy;2.5.1;Bayesian;634;PASS;Selumetinib (AZD6244);Trametinib (GSK1120212);0,0233657238498642;0,0233657238498642;0,0346258753119036;0,305257063712027;0,015346338955812;0,597605632972419;0,674805290534607;0,510884579060268;6,59481103078079;4,40754552648427;4,40754552648427;2,47612277062728;4,43792495712545;0,0911096646283086;2,44842044226002;1,78001897917514;1,81256653494896;14,0519634918385;24216,5622674187;47,5631391330309;5,95589328350552;0,0533060261022748;19,3935258584455;0,26590318805677;0;0
OVCAR-8 R3;bayesynergy;2.5.1;Bayesian;635;PASS;Carboplatin (NSC 241240);TNKS1/2 inhibitor (OM-153);0,023241420041001;0,023241420041001;0,0344417962601304;0,404847468212164;0,019234640174413;0,790130745959487;0,674802785123757;0,512444618559936;7,31250868528839;0,784048381027687;0,784048381027687;1,16223586300241;1,80822112213612;0,0518356068645495;2,35877620457242;0,674603500017843;0,766592913151717;13,6551040603652;11726,2481852398;1959,93575207742;1,69393347434126;0,0886438928101214;16,5283446465672;0,486404265486504;3;0
OVCAR-8 R3;bayesynergy;2.5.1;Bayesian;636;PASS;Alpelisib (BYL719);Carboplatin (NSC 241240);0,0232048707457635;0,0232048707457635;0,0343885117788418;0,362121983341712;0,0205536754105678;0,739186641927351;0,674785547423449;0,489958986900792;6,4980243765083;1,32215808806548;1,32215808806548;1,85774583658966;2,32334135389079;0,0681380537701372;2,6727334026784;0,711700202484439;0,869275383606359;17,8528531426925;8170,02127276802;406260,467752557;2,22274636073336;0,077446629921785;12,5388001614187;0,505125448939887;0;1
OVCAR-8 R3;bayesynergy;2.5.1;Bayesian;637;PASS;Paclitaxel (NSC 125973);Vemurafenib (PLX4032);0,0209012620255724;0,0209012620255724;0,0309767621827143;0,459989579611671;0,0225291037715606;0,871161859970559;0,67474004875938;0,52808217648725;8,8219290524989;5,1132706320595;5,1132706320595;4,04273541816412;5,46137356361147;0,110685321208933;3,7934961780685;1,26480466890943;1,43966760667522;19,1111336151544;7,88791462016077;4629,99325924035;3,44732911467074;0,0826894080618877;16,1782786070426;0,306868457394435;0;0
OVCAR-8 R2;bayesynergy;2.5.1;Bayesian;638;PASS;Nutlin-3a;Olaparib (AZD2281);0,0202960267108846;0,0202960267108846;0,0300774322390941;0,928755906073197;0,184049665743749;2,29643911580823;0,674792533802277;0,404453590888421;14,2595308750634;1,10841590734801;1,10841590734801;1,60209297122997;1,8405021773456;0,0551335438757286;2,08085328769402;0,691854921813343;0,884493966119649;11,1312100963177;4963997,23428873;21139,4857611302;1,89870895590654;0,0501268566207237;21,4918273804096;0,762470634114137;0;0
OVCAR-8 R1;bayesynergy;2.5.1;Bayesian;639;PASS;Selpercatinib (LOXO-292);Carboplatin (NSC 241240);0,0187358194382;0,0187358194382;0,027766483220521;0,491988566782068;0,0225320467311667;0,995863795263263;0,674763861501666;0,494085951225065;9,76752890498829;1,38313104180861;1,38313104180861;2,03037888304339;2,458554551335;0,0587784985360895;2,85655453180362;0,681218196938395;0,860671317127867;16,1288972054894;51964,0651507145;29260,0417685132;2,32774278325854;0,0974768838243392;18,7178264359229;0,429824671121069;0;10
OVCAR-8 R2;bayesynergy;2.5.1;Bayesian;640;PASS;Alpelisib (BYL719);Carboplatin (NSC 241240);0,018630434702273;0,018630434702273;0,0276050806376579;0,310265354149555;0,0156500536553481;0,644947369919205;0,674891515327;0,481151817743404;6,89222035359874;1,3468198031321;1,3468198031321;1,87420209967201;2,15180465823765;0,0586183909197903;2,3378164192588;0,718609697090723;0,920433546668252;12,5754101552155;24426,2323827525;8141967,94874533;2,73850087593252;0,0671651366529175;12,8422583205862;0,737290277528431;0;0
OVCAR-8 R3;bayesynergy;2.5.1;Bayesian;641;PASS;Olaparib (AZD2281);Sorafenib (Nexavar);0,0183298629608403;0,0183298629608403;0,0271596592792436;0,289165316834503;0,0137000690818637;0,569339518615307;0,674892964318175;0,507983228480773;4,90619449433303;1,13391579093023;1,13391579093023;1,54400056349363;1,66818821899323;0,0417768867061317;1,7498379234412;0,73440115097141;0,953338704485617;12,235172753446;16505,2260540282;6743,92121371291;1,11765128962138;0,0530878247684373;11,6317997272417;0,22024515998903;0;0
OVCAR-8 R1;bayesynergy;2.5.1;Bayesian;642;PASS;Carboplatin (NSC 241240);Vismodegib (GDC-0449);0,0180605883493967;0,0180605883493967;0,0267666203691769;0,4635170531726;0,0230201198641695;0,95494307488562;0,674742948504412;0,485441056410065;9,03705568090089;0,969944840577756;0,969944840577756;1,4379014700222;2,14656205428497;0,0642887184457026;2,75082244943167;0,674555844610673;0,780334643091363;17,6189176859901;21862,3925990784;2907,58118871073;1,25886585426259;0,103293986368183;15,9189847710975;0,499924101791755;0;0
OVCAR-8 R1;bayesynergy;2.5.1;Bayesian;643;PASS;Abemaciclib (LY2835219);Olaparib (AZD2281);0,0173457566077378;0,0173457566077378;0,0257048138824046;0,458275914858995;0,0235606403055698;0,923578033511994;0,674805765452797;0,496256043559313;8,63920918223304;2,72641012105262;2,72641012105262;3,77110260479353;3,84059957600039;0,159863269544839;3,75034031677798;0,722974261582548;1,02406695168932;16,7981341189801;7840,90750139439;15372,3864169084;1,98810009596476;0,0934494268334319;37,8588063274222;0,449187795393991;2;0
OVCAR-8 R1;bayesynergy;2.5.1;Bayesian;644;PASS;Cerdulatinib (PRT062070, PRT2070);Paclitaxel (NSC 125973);0,0171684730682536;0,0171684730682536;0,0254429794701608;0,379734087983511;0,0184326990552399;0,771089124258182;0,674782333900341;0,492532699440417;8,75642435987154;2,70609193245677;2,70609193245677;3,3033623423225;3,48501560528357;0,0877816637910281;3,25936647869315;0,819193189250377;1,06923097726675;24,5376194945429;207959640,250831;15,0007461643234;1,32616777410424;0,0971566349425734;4889,29192965193;0,249424954263102;0;0
OVCAR-8 R1;bayesynergy;2.5.1;Bayesian;645;PASS;Idasanutlin (RG-7388);Niraparib (MK-4827);0,0165702035741106;0,0165702035741106;0,0245520729602025;0,407374742722443;0,0182836404117621;0,850508544779347;0,674900388287781;0,479036095560644;7,52344113137208;1,69128883662362;1,69128883662362;2,34736421564586;2,40709167120744;0,0614872624248;2,50579060583571;0,720505503726561;0,960611659091384;14,5554106357137;8921,72503443454;8195,21738539607;1,02549915913516;0,0753437260714464;18,8906434131306;0,202024561264449;0;0
OVCAR-8 R1;bayesynergy;2.5.1;Bayesian;646;PASS;Simvastatin (MK 733);Niraparib (MK-4827);0,0160276344100147;0,0160276344100147;0,0237524997551274;0,614091874984865;0,0632423769784687;1,36462797087292;0,674776742458647;0,450042880311953;10,9271621660331;1,86621187701245;1,86621187701245;2,52545734106377;2,72609913484522;0,195354313226264;2,85273097002714;0,738959968425507;0,955610312885299;16,2300050979098;535775,953015539;7563,50189698518;1,81939215918303;0,0843304898874861;72,83321286815;0,590984163399203;1;1
OVCAR-8 R2;bayesynergy;2.5.1;Bayesian;647;PASS;Abemaciclib (LY2835219);Olaparib (AZD2281);0,0157893661557234;0,0157893661557234;0,02339507285754;0,274644391690296;0,0137629411340173;0,590733765319452;0,6749013457607;0,465007099159932;9,14281624362342;1,22031085924675;1,22031085924675;1,73932003282964;2,01838715346443;0,0538508020044507;2,21610024954729;0,70160225617678;0,910783324841352;11,8144198557587;333702584,750591;41427,5461685921;1,93475089292238;0,0598368539652146;24,5794670152985;0,635590003432231;0;0
OVCAR-8 R3;bayesynergy;2.5.1;Bayesian;648;PASS;Metformin;Olaparib (AZD2281);0,0156495114656375;0,0156495114656375;0,0231871604727707;0,380985207072464;0,0229410766737298;0,821744688888641;0,674921428348897;0,463690624861386;9,15957209497975;0,879586654484817;0,879586654484817;1,30037775669736;1,61078339272374;0,0420137164780605;1,87626566734209;0,676408566629706;0,858504965880216;9,92771572382251;195634,21874759;33670,9509134075;1,71746136930327;0,0605685672184229;18,2424032353659;0,508858567710058;0;0
OVCAR-8 R3;bayesynergy;2.5.1;Bayesian;649;PASS;Fludarabine (Fludara);Olaparib (AZD2281);0,015573901092012;0,015573901092012;0,0230804328145134;0,410937144296073;0,0197628103672019;0,794304640556123;0,674766423020404;0,517420904092723;6,42996503078329;1,82752366094105;1,82752366094105;2,40366561492184;2,54327675889843;0,0664270242477759;2,57100015168158;0,760306945190656;0,989216884034405;17,9476207668091;12333,9906517525;10445,5018437363;0,588113416869915;0,063743435740136;14,4769596565759;0,192068388583345;0;0
OVCAR-8 R1;bayesynergy;2.5.1;Bayesian;650;PASS;Carboplatin (NSC 241240);Crizotinib (PF-02341066);0,0152266392751052;0,0152266392751052;0,0225629170399395;0,391406033211199;0,0182488560802075;0,833587760299411;0,67485242480624;0,469603986970387;8,76183416767006;2,00821811411487;2,00821811411487;2,61137323227317;2,67483326564461;0,0686519377422359;2,60121699166336;0,76902760941864;1,02830070471521;13,861949940756;28458,6608544009;5879,58436696583;1,36684645270968;0,0973908336866251;19,5835451383348;0,310241239303313;0;0
OVCAR-8 R3;bayesynergy;2.5.1;Bayesian;651;PASS;AZD8055;Olaparib (AZD2281);0,0151343091140282;0,0151343091140282;0,0224253298950108;0,275218489891738;0,0146420643240564;0,58098250720472;0,674875651100022;0,47379742281004;6,53843162894291;1,60632774566074;1,60632774566074;1,82550411597192;1,94604515249877;0,0427056671550049;1,70495158163781;0,879936523619129;1,14140786955918;9,21804464621839;181,972447531209;18340,1731157634;1,04877686570082;0,0494786977773951;40,8174563637125;0,16212456645677;0;0
OVCAR-8 R2;bayesynergy;2.5.1;Bayesian;652;PASS;Carboplatin (NSC 241240);Vismodegib (GDC-0449);0,014837618390986;0,014837618390986;0,0219826229565251;0,285431098973485;0,0168637739231361;0,591109343478889;0,674970335447699;0,482962204338921;5,29952217719993;0,544719112226199;0,544719112226199;0,807487151599987;1,38104431824603;0,0495777061794681;1,83812391405072;0,67458548553605;0,751333632998979;10,2207933537031;591237211,405148;2876511,21033313;2,43346724546979;0,0766239961225763;26,51293946902;0,951685520460551;33;0
OVCAR-8 R2;bayesynergy;2.5.1;Bayesian;653;PASS;Carboplatin (NSC 241240);Cobimetinib;0,0146120754401652;0,0146120754401652;0,021649996460973;0,294816327390548;0,0158707344135654;0,627170536518396;0,674922763451967;0,47015629245172;5,84413422749847;3,37773711489464;3,37773711489464;3,23388159221403;3,78080373553734;0,0927060527888568;2,93891837091337;1,04448385587987;1,2864609554849;16,0042527797203;981113,41382836;1682,34622692839;2,66371108619137;0,081470392888939;25,6538688826535;0,362291240274171;0;0
OVCAR-8 R1;bayesynergy;2.5.1;Bayesian;654;PASS;Olaparib (AZD2281);Vemurafenib (PLX4032);0,0144269539484007;0,0144269539484007;0,0213764687628809;0,404050668625964;0,0209239193376461;0,911147130588911;0,674898838925742;0,443509159734583;10,4781287536821;1,05854085115646;1,05854085115646;1,55985171972821;1,96616800382109;0,0654419902775785;2,36140463003103;0,678616331134922;0,832626471048824;13,530894915398;31421,533512372;445908308491,834;1,85839863615503;0,0798757434130435;18,9930252586192;0,734675765572793;1;0
OVCAR-8 R3;bayesynergy;2.5.1;Bayesian;655;PASS;Mebendalzole;Olaparib (AZD2281);0,0142571198975765;0,0142571198975765;0,0211287455432329;0,411182076703309;0,0211490502513305;0,809778918944071;0,674773609649663;0,507840505382364;6,6237152623702;4,26723579501897;4,26723579501897;3,70146982314008;4,64275183560469;0,0906953463433044;3,34721020743607;1,15284900293984;1,38705117034194;18,3120556978667;583,863414191823;37942,19114455;3,65130508732033;0,0818760188258584;87,085051124739;0,490372170459914;2;0
OVCAR-8 R2;bayesynergy;2.5.1;Bayesian;656;PASS;LJH-685;Trametinib (GSK1120212);0,0131808182862432;0,0131808182862432;0,0195273887086492;0,226598137192037;0,0128354419886183;0,457347212347463;0,67499134077282;0,495570054048419;3,98108063584104;1,99437718403169;1,99437718403169;1,89924441793535;2,25679840155024;0,0538934431782711;1,78782326046152;1,0500897963411;1,2623162767038;11,0192047830091;1147857,47739316;59,2585762750411;1,98798126930516;0,0456632077879671;20,3815846534472;0,198227616954313;0;0
OVCAR-8 R1;bayesynergy;2.5.1;Bayesian;657;PASS;Flunarizine 2HCl;Niraparib (MK-4827);0,0127809898923899;0,0127809898923899;0,0189371807596392;0,308130398533202;0,0141350398099775;0,638766791962129;0,674915134127572;0,482466242827617;6,80920805875337;1,48956947322856;1,48956947322856;2,05519392757155;2,10697066599294;0,0559458140417246;2,21995934240978;0,724782928387034;0,94910326767778;12,25576689755;27436,8839204709;8853,34841988011;1,00558093620934;0,061709137756147;22,688995632745;0,198434931290471;0;0
OVCAR-8 R2;bayesynergy;2.5.1;Bayesian;658;PASS;Carboplatin (NSC 241240);Niraparib (MK-4827);0,0122938188196427;0,0122938188196427;0,0182144634515905;0,364358048344102;0,0178006555171417;0,779114612114192;0,674948172495807;0,467725189704742;8,71786144363155;1,49191468051111;1,49191468051111;2,10730730414203;2,3395007502551;0,0549730258095191;2,60586110929043;0,707972053994531;0,897784130518047;16,1968405501452;124364,980075385;13150,0428916495;1,75325283982638;0,0796506485074206;46,6819090027297;0,336960885127767;0;0
OVCAR-8 R3;bayesynergy;2.5.1;Bayesian;659;PASS;MK-2206 2HCl;Olaparib (AZD2281);0,0122728159960167;0,0122728159960167;0,0181850095627466;0,280494629656638;0,013730430370167;0,59178585180912;0,674886419700238;0,474069043712443;7,4840799355993;1,92734702163552;1,92734702163552;2,51885767360365;2,63856445675446;0,0767217099511204;2,58046379152168;0,765167100083955;1,02251559019106;15,2083107622265;1351,31311156525;33578,5056655442;1,6256174741027;0,0592018379253225;37,0630766769006;0,276178015782867;0;0
OVCAR-8 R2;bayesynergy;2.5.1;Bayesian;660;PASS;Trametinib (GSK1120212);Venetoclax (ABT-199);0,0121739428537858;0,0121739428537858;0,0180335519785024;0,192758399215508;0,00951901352885433;0,38006373155062;0,675071825467233;0,507316281138277;4,77957969241745;3,55637452211102;3,55637452211102;2,51418798009921;3,66611450473851;0,0699362892811004;2,31074035164625;1,4145221241455;1,58655406788852;12,4682564410026;73,4209959305112;48313,4767570163;2,24962907373491;0,0449783062812314;16,6566888690887;0,326521954188498;0;0
OVCAR-8 R3;bayesynergy;2.5.1;Bayesian;661;PASS;Carboplatin (NSC 241240);Dabrafenib ;0,0120564998101209;0,0120564998101209;0,017862243575486;0,34329157939368;0,0223642830950505;0,725876940961781;0,674971190442571;0,473009685654942;6,14672334832216;0,919461986058408;0,919461986058408;1,36291875498477;1,87185361419767;0,0658244679785646;2,29285999214857;0,674627143177499;0,816383739350617;14,4489939119465;123376,743403503;5982,07029833123;1,7853107820329;0,0751801981234164;16,328748595669;0,519790066019081;8;0
OVCAR-8 R1;bayesynergy;2.5.1;Bayesian;662;PASS;Carboplatin (NSC 241240);Cerdulatinib (PRT062070, PRT2070);0,0120258584867408;0,0120258584867408;0,0178204860944395;0,491475974241667;0,0253859303133831;1,01447459815493;0,674833358810183;0,484516767632789;8,44438236928679;1,34412244638101;1,34412244638101;1,96672700035505;2,47686806123697;0,077933976535448;2,94063705063813;0,68343112497991;0,842289619080829;16,1751827555675;20622,5472080628;1404591520466,01;2,6522287279095;0,118874971779049;15,439211604173;0,743132669415375;0;0
OVCAR-8 R2;bayesynergy;2.5.1;Bayesian;663;PASS;Carboplatin (NSC 241240);Pertuzumab (anti-HER2);0,0117873478449814;0,0117873478449814;0,0174594534032377;0,291522654082625;0,0185875850335689;0,683787498693581;0,675126968338853;0,426405178080167;7,38373237938014;0,40526732298724;0,40526732298724;0,600722412243789;0,949530111816321;0,0281859022708713;1,27899714006994;0,674633266092913;0,742402060230095;8,71344186496625;41868577,0210206;615065,188334811;1,92812913672383;0,0729409684944723;22,1675377589915;0,877992907096349;1;0
OVCAR-8 R2;bayesynergy;2.5.1;Bayesian;664;PASS;Cobimetinib;Olaparib (AZD2281);0,011755567790139;0,011755567790139;0,0174167068243856;0,312815333156855;0,0162650945716063;0,67879753671454;0,674959273797945;0,460913915512094;10,1086127081258;2,35740233218155;2,35740233218155;2,74176800357263;2,96922453696908;0,0726492818356538;2,72776412177745;0,859811015778784;1,08851953629857;14,1035546182435;1819,53046175189;29959,3175600694;1,59014142017253;0,0675771209528168;17,9721830768102;0,219280834967275;0;0
OVCAR-8 R2;bayesynergy;2.5.1;Bayesian;665;PASS;Carboplatin (NSC 241240);Metformin;0,0115773008154644;0,0115773008154644;0,0171497248098743;0,196396920887936;0,012957060246771;0,423542796788125;0,675072104293969;0,46381464298849;3,93629345269539;0,211147149240455;0,211147149240455;0,31294757533146;0,618948126186028;0,0205029553152744;0,933394151971038;0,674704538026272;0,663115496148119;7,41013524590374;66658089,0560548;139502444,05763;2,30903749102525;0,0679225978493029;16,0154427387679;0,686039742027157;16;0
OVCAR-8 R2;bayesynergy;2.5.1;Bayesian;666;PASS;Olaparib (AZD2281);Pertuzumab (anti-HER2);0,0114676781904737;0,0114676781904737;0,0169889659916723;0,2649721111466;0,0145449049420237;0,587860811440311;0,675007425177905;0,450824183714948;5,69794932869036;0,663676463948664;0,663676463948664;0,98201038537872;1,32757781986542;0,0372530112888242;1,62847816271094;0,675834465531352;0,815226049857118;10,0030617379876;20391,8149844672;166872952,776545;1,7333867376709;0,0549501049665069;21,7198066590925;0,525503644444379;1;0
OVCAR-8 R3;bayesynergy;2.5.1;Bayesian;667;PASS;Niraparib (MK-4827);Pertuzumab (anti-HER2);0,0105726357845552;0,0105726357845552;0,0156658698880536;0,344558225673383;0,0158801454065191;0,693831062839646;0,674883415993238;0,496678935669222;5,6393038152891;1,03684550643684;1,03684550643684;1,50774430060274;1,77543952404882;0,0508965630422405;2,00582941126651;0,687679937521469;0,885139839946696;13,4959296463697;10923,7770857338;12573,4652607668;1,20277454743545;0,0593563156045079;16,6663803017772;0,258670035475185;0;0
OVCAR-8 R3;bayesynergy;2.5.1;Bayesian;668;PASS;Carboplatin (NSC 241240);Simvastatin (MK 733);0,0104614641285961;0,0104614641285961;0,0155020841860599;0,411904241565284;0,0232807309239684;0,884165676413003;0,67484242783325;0,465927736616833;8,22731926391527;1,57921099073666;1,57921099073666;2,2341567770646;2,59341256248422;0,080084373561508;2,9199047633444;0,706848779346428;0,88818395553209;16,8085553596818;168722,656878199;24765,6160236968;1,52434792630037;0,0889613905036355;11,4328684808216;0,740505297486867;11;0
OVCAR-8 R2;bayesynergy;2.5.1;Bayesian;669;PASS;LJH-685;Niraparib (MK-4827);0,0103145438882854;0,0103145438882854;0,0152823958205399;0,406446275210732;0,0190383503424032;0,854153501942784;0,674929769481724;0,475907638392009;7,84019273004079;1,61059063329946;1,61059063329946;2,18288115367123;2,25684132278447;0,0581924826314878;2,29341630117071;0,737827907209114;0,984052185219244;13,6069450367095;7644582455,33328;8018,27526269425;1,65679784459494;0,0579996660496286;15,6601312662852;0,399326275351824;0;0
OVCAR-8 R1;bayesynergy;2.5.1;Bayesian;670;PASS;Metformin;Niraparib (MK-4827);0,0103052253798617;0,0103052253798617;0,0152641158696787;0,327452427812617;0,0159375040964352;0,714092785308928;0,675127565058156;0,458632437280192;6,04916812927963;1,27870359218815;1,27870359218815;1,81256798940018;1,96347890944862;0,0680404844351054;2,12864373846731;0,705465174087788;0,922408420895452;13,5589634899141;16055343,6685494;7998,49798193182;1,32029906983453;0,0724551869174834;15,0358001640077;0,226444248075085;9;0
OVCAR-8 R3;bayesynergy;2.5.1;Bayesian;671;PASS;Carboplatin (NSC 241240);Dasatinib (BMS-354825);0,0102105580280756;0,0102105580280756;0,0151285678286644;0,37015598790268;0,0186182029016559;0,774923309207101;0,674919010425395;0,477739315626066;11,2737020269052;4,64352270009522;4,64352270009522;4,2854543719313;5,08763269565985;0,113088498200207;3,8786002162131;1,08355434385422;1,31171876760921;21,2685352237551;155801,589544937;139,786718226195;1,92344566826597;0,104021202454749;22,2679766191011;0,388264693008356;0;0
OVCAR-8 R2;bayesynergy;2.5.1;Bayesian;672;PASS;Niraparib (MK-4827);Ruxolitinib (INCB018424);0,00838542065484229;0,00838542065484229;0,0124223346058219;0,321159836304319;0,0170971361297557;0,67065795365488;0,675027756128252;0,478951304721263;8,01103872842005;1,23660064188891;1,23660064188891;1,80953277735329;1,96035321843955;0,0522346776996055;2,1192947532201;0,683381178481676;0,925002629040131;12,4841008489225;10240,9000856914;6727703637,48259;1,59901455847484;0,0625545567736797;16,49698434065;0,330233542075013;3;0
OVCAR-8 R1;bayesynergy;2.5.1;Bayesian;673;PASS;Fludarabine (Fludara);Paclitaxel (NSC 125973);0,00758800187518106;0,00758800187518106;0,0112417518529199;0,254529727078385;0,0157526760743349;0,538349782713962;0,674983932616354;0,47290392935236;5,88835816168722;23,4856450717049;23,4856450717049;4,10350709469715;23,5159665076936;0,0984545771456161;4,17664261222576;5,72331045852334;5,63035162234334;41,4330626397521;8332,52001907558;11,3907102691258;101399,127080264;0,087882435809665;4,69949966638456;1,38227135524695;0;0
OVCAR-8 R1;bayesynergy;2.5.1;Bayesian;674;PASS;Carboplatin (NSC 241240);Flavopiridol (L86-8275) HCl;0,00669999218505253;0,00669999218505253;0,00992167982762443;0,285535563655618;0,0147857310624228;0,638481473465258;0,675288086438556;0,447294905766323;7,46857502337333;1,95880778035929;1,95880778035929;2,42204356634259;2,44746743722129;0,0704994472033807;2,22680760068622;0,808741761535359;1,09909245705245;13,4405937019235;16197,3648867814;92,587071995574;1,82305653277921;0,0858204016563873;28,6717267688554;0,237279931010473;0;0
OVCAR-8 R3;bayesynergy;2.5.1;Bayesian;675;PASS;Carboplatin (NSC 241240);Pertuzumab (anti-HER2);0,00659958334831946;0,00659958334831946;0,00977637341638068;0,353070556234924;0,0631101017483331;0,782442172069531;0,675054344514052;0,451308663275594;6,19231554480696;1,12451117488221;1,12451117488221;1,63848903354859;2,02011490187471;0,0581598160104686;2,34633672129588;0,686309857348742;0,86096547163913;12,4839771142409;1289819,78060126;15660,8148459771;2,16464128879123;0,0906985260156338;23,1243617582617;0,864458593690515;0;0
OVCAR-8 R1;bayesynergy;2.5.1;Bayesian;676;PASS;Luminespib (NVP-AUY922);Niraparib (MK-4827);0,00639979372248185;0,00639979372248185;0,00947646434189019;0,248544473604174;0,0110828741324933;0,496269599186889;0,675335598973545;0,500938516059799;4,38897080574406;1,95086242197146;1,95086242197146;2,27871990003226;2,38711684535615;0,0548456378202013;2,17537673739631;0,856122080622478;1,09733491414148;14,7052830173602;14,1182237021258;8642,52063938563;1,25036187491787;0,0692737667672536;28,5085315559754;0,162913946728457;0;0
OVCAR-8 R1;bayesynergy;2.5.1;Bayesian;677;PASS;Idasanutlin (RG-7388);Olaparib (AZD2281);0,00624732986593892;0,00624732986593892;0,0092551527533705;0,363978521997486;0,0169127869402109;0,740509186666553;0,675010994676862;0,491604089641361;6,72889197288059;2,15109892964663;2,15109892964663;2,69398997796672;2,74924751350143;0,0665926705724626;2,57857983748428;0,798480672623051;1,06618669452704;13,7074438563328;8499,84080148646;22741,9323364066;1,49513692661693;0,0663083556042229;22,0354983225122;0,290018339609379;0;0
OVCAR-8 R2;bayesynergy;2.5.1;Bayesian;678;PASS;Carboplatin (NSC 241240);Vemurafenib (PLX4032);0,00558030798835733;0,00558030798835733;0,00826490348661882;0,263757693268492;0,0164950081778808;0,632022119831122;0,675181264656273;0,41740576530646;6,35114941908577;0,548991161397621;0,548991161397621;0,813786171785923;1,22397933588901;0,042546442356452;1,59251560632055;0,674613529242963;0,768582317831707;9,43346461051938;783670,61499051;82329976,2261282;2,55819033297039;0,0788329996757084;18,9216059839035;0,929437138685128;21;0
OVCAR-8 R3;bayesynergy;2.5.1;Bayesian;679;PASS;Niraparib (MK-4827);Simvastatin (MK 733);0,00539660585876872;0,00539660585876872;0,00799317222437154;0,308605502850836;0,0169324008594077;0,660711391298035;0,675151955604588;0,467163382314988;6,76799559351915;1,42265924805602;1,42265924805602;2,00763511297611;2,15797906529131;0,0600757642531088;2,27599262551624;0,708624410312825;0,948148531369621;13,7045902482179;8387,51572917208;33827,6714705967;1,30691438692846;0,0585223747547453;14,5732198541289;0,231143643100887;0;0
OVCAR-8 R3;bayesynergy;2.5.1;Bayesian;680;PASS;Alectinib (CH5424802);Olaparib (AZD2281);0,00526353906791146;0,00526353906791146;0,00779656807893411;0,296606480588695;0,018790710772568;0,645710585743524;0,675109742469029;0,459435100425473;6,91964365202691;2,18895530736399;2,18895530736399;2,95959475474868;3,12821402076104;0,0869347538875019;3,17548095143856;0,739613186518798;0,985115032525672;15,0469759879443;25460,9389022122;25173,4105035176;2,0841384799094;0,0708897144302805;22,5101724045515;0,590111167731802;0;0
OVCAR-8 R3;bayesynergy;2.5.1;Bayesian;681;PASS;Niraparib (MK-4827);Vinorelbine ditartrate (Navelbine);0,00512904780948131;0,00512904780948131;0,00759328005800241;0,207065825484997;0,012923488505259;0,464926457922006;0,67547196604133;0,445484190327171;4,08657343259643;19,3100033030415;19,3100033030415;3,02251463523214;19,3563911845416;0,0676092049147663;2,95736445764639;6,38872119193507;6,54514905475883;29,2195841786991;9224,29675015571;270,352467896605;2579416,05278712;0,0568918725182213;4,87788091627989;1,65051420711116;0;0
OVCAR-8 R2;bayesynergy;2.5.1;Bayesian;682;PASS;Alectinib (CH5424802);Carboplatin (NSC 241240);0,00493210726150246;0,00493210726150246;0,00730363247692179;0,254785980878957;0,0173065108884503;0,60865694326864;0,675295105153094;0,418692017493525;6,14579061330507;0,456865638115779;0,456865638115779;0,67723683052733;1,19011060681346;0,0414567879444519;1,65709514980086;0,674602469213082;0,718190869701407;13,2291030116239;5084277366,53549;464919,427525439;1,70490656264097;0,071319588227027;57,334786033788;0,716465557308716;6;0
OVCAR-8 R2;bayesynergy;2.5.1;Bayesian;683;PASS;LJH-685;Olaparib (AZD2281);0,00471830395727191;0,00471830395727191;0,00698421787779552;0,267468266105283;0,0141405960985293;0,618571613975283;0,675566547296944;0,432484374446936;6,21566212628372;1,16282179429833;1,16282179429833;1,67991717646416;1,82678093449752;0,0508688549194168;1,95869641613277;0,692189954713006;0,932651389695343;11,5725643471769;220567,314668061;28751,2509038833;1,85619138739063;0,0517170182701237;17,7619039742071;0,579385116674623;0;0
OVCAR-8 R3;bayesynergy;2.5.1;Bayesian;684;PASS;Olaparib (AZD2281);Vismodegib (GDC-0449);0,00456312456846916;0,00456312456846916;0,00676043639064202;0,361230845390222;0,0227984266010648;0,763239122034047;0,674974854402234;0,473357878759412;6,2938555205445;1,18308185955512;1,18308185955512;1,66763874237779;1,77523880485993;0,0534006898184183;1,89484878296419;0,709435340815025;0,936876240901317;11,7649643755375;6017,45254485765;27801,952307939;1,64255392878746;0,0471372873761201;29,3912921440833;0,422073330766789;12;0
OVCAR-8 R3;bayesynergy;2.5.1;Bayesian;685;PASS;Afatinib (BIBW2992);Olaparib (AZD2281);0,00400834969857859;0,00400834969857859;0,00593854683811282;0,412265752624863;0,0225774491127658;0,871036413304438;0,674971471615501;0,473370276563896;9,11069201908375;2,99529873918399;2,99529873918399;3,04186197973888;3,4540957192473;0,0687138615577768;2,8770373318571;0,984692520283617;1,20057382676287;15,9564869732819;4580,04617167575;13024,3116567858;1,87268055480931;0,0812397815504953;16,3645280383781;0,332143692224318;0;0
OVCAR-8 R3;bayesynergy;2.5.1;Bayesian;686;PASS;Idasanutlin (RG-7388);Niraparib (MK-4827);0,00351699734481649;0,00351699734481649;0,00520714149118237;0,291939575421538;0,0152192549062203;0,638334321303318;0,675418048611138;0,457435603748592;5,28213004443834;1,56839499577974;1,56839499577974;2,02794915257711;2,10641878284804;0,0502664581806464;2,04494726642601;0,773389704464056;1,03006019638318;14,191767557893;28364,33639826;9655,66159068859;1,00278903996071;0,0493151665098524;204,926362799622;0,204264179737217;0;0
OVCAR-8 R1;bayesynergy;2.5.1;Bayesian;687;PASS;Crizotinib (PF-02341066);Niraparib (MK-4827);0,00315719641733506;0,00315719641733506;0,00467429879572916;0,347352612625678;0,0162559407141674;0,702296923451682;0,675437441059554;0,494675718512003;5,39818663156034;2,85556461326664;2,85556461326664;2,79261515559865;3,30835503720836;0,0673762704257707;2,67010263073659;1,02254140085926;1,23903665691521;14,8217415168907;5932,91720829394;8011,36111973408;2,12099621434094;0,0765673345842257;14,8517589237499;0,325411479519634;0;0
OVCAR-8 R3;bayesynergy;2.5.1;Bayesian;688;PASS;Carboplatin (NSC 241240);Cobimetinib;0,00310693202097362;0,00310693202097362;0,00459996962375858;0,321832839209718;0,0202360142616531;0,729733526468143;0,6754244647457;0,441104010585367;7,67397288633946;2,82085956805805;2,82085956805805;3,29933588628506;3,53434895146356;0,0892128015769584;3,16242476644676;0,854977991111489;1,11760728317173;16,4312080211844;14994,4150573836;1704,13195971365;1,63667387574187;0,0980868407180051;31,3251209950986;0,249092469629533;0;0
OVCAR-8 R2;bayesynergy;2.5.1;Bayesian;689;PASS;Ruxolitinib (INCB018424);Carboplatin (NSC 241240);0,00266162080680875;0,00266162080680875;0,00393955017131784;0,153584645642179;0,00830451158202189;0,353584277662648;0,675615410659537;0,434517920903279;3,47394235459331;0,327468903210028;0,327468903210028;0,485361343467311;0,787935301220275;0,0256396719494121;1,1214060366468;0,674690944422283;0,702631585234137;7,32170929348218;1860504,84423355;16175987,8134651;2,36766753064133;0,0617531752503633;19,0341161044087;0,87791713563202;29;0
OVCAR-8 R1;bayesynergy;2.5.1;Bayesian;690;PASS;Navitoclax (ABT-263);Olaparib (AZD2281);0,00260573761771066;0,00260573761771066;0,00385663147855753;0,438476054894706;0,0231031433617853;0,918842540187481;0,675651182177579;0,477268679096483;7,87412320843929;2,36138326665598;2,36138326665598;2,9061446496575;2,960638618352;0,0703218433745053;2,75297272421481;0,812548428012447;1,0754333278752;17,8272339673134;7216,5564556665;25282,2715165824;1,69029636498851;0,0709532715574584;23,474638129451;0,229379768520151;0;0
OVCAR-8 R1;bayesynergy;2.5.1;Bayesian;691;PASS;Niraparib (MK-4827);Nutlin-3a;0,0014533692466524;0,0014533692466524;0,00214964313288293;0,285108089817549;0,0197866978789956;0,606244475513829;0,676097918031284;0,470381310417447;5,86952213003674;1,95442090021064;1,95442090021064;2,40617992512898;2,60746708541097;0,0618306459477658;2,46121134884214;0,812250521999461;1,05942428984721;12,97143172451;8519,37168881751;298715,0048508;1,4795910358425;0,0679455324938397;16,5100575848088;0,26801838529679;0;0
OVCAR-8 R1;bayesynergy;2.5.1;Bayesian;692;PASS;Carboplatin (NSC 241240);MK-2206 2HCl;0,00134023686541286;0,00134023686541286;0,00198121264162497;0,337415405653574;0,020566361406395;0,752597362877883;0,676473003076343;0,448412400423792;8,5586925435439;2,63426635085307;2,63426635085307;3,15595370909316;3,2434632525104;0,0799579179668059;2,94137544870645;0,834697398527436;1,10270290517887;15,0770105245877;17524,777305892;4170,16511219114;1,89049374270012;0,101367892827016;33,3327648314053;0,327186767099272;0;0
OVCAR-8 R3;bayesynergy;2.5.1;Bayesian;693;PASS;Niraparib (MK-4827);Volasertib (BI 6727);0,00120407253805802;0,00120407253805802;0,00177892310422154;0,271499243824669;0,0222825522807017;0,713774060824037;0,676854741613425;0,380445826394022;9,11074036831529;13,9974938162851;13,9974938162851;3,40281446567374;13,9799743908602;0,0851138536212147;3,30986761441536;4,11350485237629;4,22372614843374;24,0184649177807;9116,86404273963;529,14030705893;610,53420722965;0,0585596316764231;9,30420976445056;1,71830040857274;0;0
OVCAR-8 R2;bayesynergy;2.5.1;Bayesian;694;PASS;Carboplatin (NSC 241240);Dabrafenib ;0,000762088790345043;0,000762088790345043;0,00112544566059371;0,244249841377293;0,0147566582068277;0,566979947790017;0,677144012393289;0,430892957560866;5,6152151028928;1,27358810369352;1,27358810369352;1,82814802638097;2,05380892947613;0,0583302890152703;2,20815909865085;0,696654803284576;0,930100068754545;12,4246270757154;11186445,3175507;7028,80401723235;2,087415925101;0,0636016036759205;34,4370351896334;0,670670300350453;0;0
OVCAR-8 R3;bayesynergy;2.5.1;Bayesian;695;PASS;Carboplatin (NSC 241240);Ruxolitinib (INCB018424);0,000728760207340036;0,000728760207340036;0,00107598815825032;0,20020364702709;0,0112117629639888;0,461291357024527;0,677293891900337;0,434134449536085;4,62553979826329;0,828895061672372;0,828895061672372;1,22317599833956;1,63627637656847;0,0514572528566092;1,97214534411211;0,677658049861657;0,829693603188841;10,3600817217482;972784,725198147;32454919,4407645;1,87109070326501;0,0774947060082134;16,4199325000401;0,805320951900288;7;0
OVCAR-8 R2;bayesynergy;2.5.1;Bayesian;696;PASS;Carboplatin (NSC 241240);TNKS1/2 inhibitor (OM-153);0,000647677917252932;0,000647677917252932;0,000954690148051146;0,247258284509737;0,0162662187347225;0,578105629872424;0,678416885913265;0,427805381647337;7,61778411274472;1,6445919808553;1,6445919808553;2,26030956977917;2,3803805463737;0,056197792920647;2,53452392784835;0,72759590227987;0,939182510853031;13,8457254716155;235025,101075309;910,97452498111;2,43215084550167;0,0718200514096076;26,4370810392293;0,761365547717643;9;0
OVCAR-8 R1;bayesynergy;2.5.1;Bayesian;697;PASS;Idasanutlin (RG-7388);Trametinib (GSK1120212);0,000508415225614456;0,000508415225614456;0,000749466583893487;0,214416276554949;0,0104981046877548;0,453325228250662;0,678369438398752;0,473119904567431;4,168934247298;3,71574331788479;3,71574331788479;2,98209713742066;3,84985658296864;0,0750879186014047;2,61453636763311;1,24601686217998;1,47248155758256;13,0502122864605;5593,67895516195;17,8445398305031;2,33480840848989;0,0612899473984884;28,8614447041744;0,19907062191378;0;0
OVCAR-8 R3;bayesynergy;2.5.1;Bayesian;698;PASS;AZD7762;Carboplatin (NSC 241240);0,000494007689971137;0,000494007689971137;0,000727976244007745;0,18255718610495;0,0122672807537142;0,465868647554528;0,678604135832049;0,391984535770776;6,029865063273;3,5674541421917;3,5674541421917;3,9084473425188;4,09619625400266;0,100991809246895;3,34350008669427;0,912754817848628;1,22512222156171;18,2980472692448;277,089993755658;37682,7294018891;4,07970303543877;0,0833006645182149;73,5496069561008;0,693385912551144;0;0
OVCAR-8 R1;bayesynergy;2.5.1;Bayesian;699;PASS;Dasatinib (BMS-354825);Trametinib (GSK1120212);0,00040071252377242;0,00040071252377242;0,000590927817516186;0,205853148750385;0,0121113572844331;0,445180632035167;0,678107396359698;0,46253596256684;4,4509279810801;3,97440538668826;3,97440538668826;2,63005872092819;4,08441071590166;0,0727496117656231;2,50931879899032;1,51114701548778;1,62769701384499;13,8009692583915;210,711418665001;15,8860611742907;2,72327196672008;0,0669630316971564;27,9185940365417;0,170316156398672;0;0
OVCAR-8 R1;bayesynergy;2.5.1;Bayesian;700;PASS;Carboplatin (NSC 241240);Quinacrine;0,000398695932393976;0,000398695932393976;0,000588577604794741;0,273260170955323;0,0156772813549358;0,602411717005114;0,677388893403473;0,453711601726638;4,83331951770884;2,47321740756324;2,47321740756324;3,32885958468156;3,24395470186269;0,0795303807035277;3,12652531374756;0,742962370339759;1,037559071599;17,4672896185795;24459,2720799756;12623,4118198146;1,93920376360586;0,0828998031344823;20,7051485926134;0,343669224164386;0;0
OVCAR-8 R3;bayesynergy;2.5.1;Bayesian;701;PASS;Carboplatin (NSC 241240);Pictilisib (GDC-0941);0,000372169707467255;0,000372169707467255;0,000549484578042336;0,286117408788802;0,0208597265314816;0,694429975128162;0,677306920593103;0,412100786831884;9,86693546714206;3,96485688294716;3,96485688294716;3,30800314685224;4,31096491882011;0,0812096362549039;3,02911262770992;1,19856502758165;1,42317749408985;15,1380378157073;69780,7212193179;3642,92073365494;3,63141567690504;0,0918351092332043;55,5572387873521;0,412654560537666;0;0
OVCAR-8 R1;bayesynergy;2.5.1;Bayesian;702;PASS;Alectinib (CH5424802);Carboplatin (NSC 241240);0,000371149761673364;0,000371149761673364;0,000547143374138957;0,322400488799503;0,0185318614834696;0,730532086088023;0,678340960004212;0,4414040236344;11,0213173274779;1,50643188985919;1,50643188985919;2,14484779755924;2,35159837880593;0,0695264233633138;2,57092033106529;0,702349085829522;0,914691268488871;13,247685360924;25056,0093904998;19730,5729615054;1,72479645378179;0,0664418765335523;44,8746635174234;0,368593076329484;0;0
OVCAR-8 R3;bayesynergy;2.5.1;Bayesian;703;PASS;Lapatinib Ditosylate (Tykerb);Olaparib (AZD2281);0,000315207309047739;0,000315207309047739;0,000463194642615392;0,197446343009425;0,013727832846733;0,478794708995817;0,680507242631188;0,412503620411405;7,74446878984641;1,97539879558342;1,97539879558342;2,17932278980314;2,34036444013723;0,0620132242321033;1,94588372821247;0,906427815478338;1,20272573648948;9,91538400351875;6344,94720945328;12014,6806070404;2,46555542663364;0,0542283965428375;20,371858468667;0,292523371812295;0;0
OVCAR-8 R3;bayesynergy;2.5.1;Bayesian;704;PASS;Carboplatin (NSC 241240);Vemurafenib (PLX4032);0,000281672969540653;0,000281672969540653;0,000415128260247674;0,295923418319148;0,0164200737549558;0,701782963848988;0,678520343020253;0,421759035192064;10,4396290694622;1,71962898102031;1,71962898102031;2,41839158049324;2,65502538035789;0,0703118988532283;2,83852888409536;0,711063086263968;0,935352602974846;16,3294051532791;10761736,1633182;49479,5080806543;2,71360931238725;0,0875331391926814;15,6690275240791;0,986811344684786;0;0
OVCAR-8 R2;bayesynergy;2.5.1;Bayesian;705;PASS;Niraparib (MK-4827);Olaparib (AZD2281);0,000239246355556076;0,000239246355556076;0,000351246870422707;0,361832624262464;0,0193348922315344;0,789796214567696;0,681134483186017;0,458212967350978;9,0187789720126;2,39699692103613;2,39699692103613;3,13427447704136;3,26105740702241;0,0816934837459466;3,19403718469022;0,764769307408841;1,02098291862519;20,1934813428885;12379,1055003346;31309,3195611561;1,82187235776631;0,0725408103855006;14,9389275640457;0,401145229479111;0;0
OVCAR-8 R3;bayesynergy;2.5.1;Bayesian;706;PASS;Dabrafenib ;Paclitaxel (NSC 125973);0,00021317224837642;0,00021317224837642;0,000314391462137041;0,272707077848856;0,0141466163854261;0,598984283103434;0,6780471929085;0,455383293890461;5,59475698605717;4,41725950624113;4,41725950624113;3,09033749196928;4,67091889323808;0,0874125449920825;2,97784104109511;1,4293777031538;1,56855884138138;17,5710845823241;604,446720984108;8,15572639774312;4,16654644111517;0,0646224979896262;20,7657111969237;0,250122524478262;0;0
OVCAR-8 R3;bayesynergy;2.5.1;Bayesian;707;PASS;Flunarizine 2HCl;Niraparib (MK-4827);0,000207435679563501;0,000207435679563501;0,000304506582494563;0,219319205278043;0,0128802382234139;0,532560522589642;0,681219032653275;0,411928114962032;5,02469664541864;1,99466797929901;1,99466797929901;2,43710981861508;2,51503666546839;0,0576529785474565;2,30354014148047;0,818456338759697;1,0918136915348;11,1840598034008;130369,796745299;8539,07080870656;1,47845148921342;0,0562234830502587;12,5200366675419;0,293964241270662;0;1
OVCAR-8 R1;bayesynergy;2.5.1;Bayesian;708;PASS;Niraparib (MK-4827);Tamoxifen (ICI 46474);0,000197900337889344;0,000197900337889344;0,000289595006254989;0,232105612547158;0,0154169739049135;0,555470820427335;0,683369304079409;0,417959183421518;5,99300994442211;4,81980338253738;4,81980338253738;3,62288048650152;4,96280926998617;0,123399979073729;3,24330564922711;1,33037879678766;1,53017008161683;16,4001157570063;7961,3682632543;16514,2090129221;2,86322412639801;0,0603975332704323;11,4693888773141;0,383948185532175;0;0
OVCAR-8 R2;bayesynergy;2.5.1;Bayesian;709;PASS;Metformin;Olaparib (AZD2281);0,000157187079740775;0,000157187079740775;0,000230009371985251;0,21168261938143;0,0125426305688846;0,521923438405061;0,683394239043677;0,405692588392321;7,91848307328176;0,993685994706715;0,993685994706715;1,44229772245864;1,66162965741525;0,0513045474243648;1,87588598555214;0,68896038538618;0,885783928347957;11,1487070154582;8627741,65200955;51635,6508892113;2,47957071552879;0,057069555516609;24,3483193415611;0,586561989159196;0;0
OVCAR-8 R1;bayesynergy;2.5.1;Bayesian;710;PASS;Afatinib (BIBW2992);Niraparib (MK-4827);9,98028826683517e-05;9,98028826683517e-05;0,000145613487522717;0,270558009218382;0,0142046502207914;0,602444443300524;0,68539586796712;0,449201729365599;5,271486016233;3,51652581923487;3,51652581923487;3,23770057326373;3,84680674095852;0,0813000489908862;2,92126321256319;1,08611829280126;1,31682989893377;13,8439670411689;3103,48034693152;7636,47032099624;1,87103444219468;0,0876523154774706;16,9872752406734;0,285557047000686;0;0
OVCAR-8 R1;bayesynergy;2.5.1;Bayesian;711;PASS;Carboplatin (NSC 241240);Dasatinib (BMS-354825);9,92340718436196e-05;9,92340718436196e-05;0,00014489063155654;0,261405793102644;0,0159942183037266;0,615473114114581;0,684889497530389;0,42482217032513;6,50014005756585;3,28910763259343;3,28910763259343;3,49448027297233;3,93158841878887;0,0880601899211725;3,27735530030116;0,941229417728486;1,19962227422446;17,9807678050504;21570,1291959055;121,644783246972;2,34304835838189;0,0942590281604844;21,3763672898074;0,237721129610781;0;0
OVCAR-8 R1;bayesynergy;2.5.1;Bayesian;712;PASS;Dabrafenib ;Niraparib (MK-4827);9,86226511388309e-05;9,86226511388309e-05;0,000140056117680396;0,258073430271214;0,016099572483297;0,625179559752133;0,704165250131274;0,41289420036597;7,89396431035171;2,78187964957075;2,78187964957075;2,93711197129473;3,25022128290546;0,0682364480980888;2,6560692830024;0,947147972824628;1,22369597197835;15,5274533220668;1117098008,98692;7483,53850724671;2,18913704086339;0,0683557597583246;16,4667035693207;0,355024619212271;0;0
OVCAR-8 R1;bayesynergy;2.5.1;Bayesian;713;PASS;Niraparib (MK-4827);Ruxolitinib (INCB018424);9,85247798655792e-05;9,85247798655792e-05;0,000142425335408867;0,335870352396826;0,0191947180249692;0,817622982957082;0,691764422268969;0,410862487509495;9,38225813088144;2,67544511305224;2,67544511305224;3,63918595525591;3,70339768900687;0,0993024378535028;3,66154317292714;0,73517680765618;1,01143084052353;20,836791105446;7994,37312536336;770572,83360845;2,07941314405794;0,114758825538924;19,8917955333815;0,444489898077399;4;0
OVCAR-8 R1;bayesynergy;2.5.1;Bayesian;714;PASS;Carboplatin (NSC 241240);TNKS1/2 inhibitor (OM-153);9,85117489455782e-05;9,85117489455782e-05;0,000142360936613614;0,305875392050405;0,0170330488669573;0,707191377457022;0,691985816396756;0,432605371903813;6,87928514094285;2,38918145909952;2,38918145909952;3,1240977014916;3,122896866186;0,0774188877699119;2,98217376845621;0,764758879966786;1,04718809454308;16,2831369244435;22467,9128489111;332,806030910154;2,16702905969312;0,0757676930698415;17,8072572152536;0,343505870895813;0;0
OVCAR-8 R1;bayesynergy;2.5.1;Bayesian;715;PASS;Carboplatin (NSC 241240);Vemurafenib (PLX4032);9,84599710882444e-05;9,84599710882444e-05;0,000141784261052739;0,264613179553479;0,014963255815111;0,647995999643468;0,694435125289545;0,408446176193137;7,38872558368597;1,46815006694451;1,46815006694451;2,12866084151373;2,36972862832541;0,0651619658376256;2,56763822940257;0,689705958935423;0,922921539798382;14,8542902836256;23189,8923626847;29251493909959776;2,94659131728921;0,0879994330680498;52,0115382180461;0,888447705094306;2;0
OVCAR-8 R3;bayesynergy;2.5.1;Bayesian;716;PASS;Niclosamide (BAY2353);Niraparib (MK-4827);9,8361485687591e-05;9,8361485687591e-05;0,000142065636507543;0,213069747312014;0,0151105521437326;0,541463642619241;0,692366487108715;0,39361531379336;6,33587883315247;2,64813747226946;2,64813747226946;2,60307735413848;2,99573242804432;0,0663021325187402;2,31306401965922;1,01731032620269;1,29513597660201;13,2721261037741;2975,524446981;11424,416577542;2,33697570252166;0,0604652773102995;38,7758741846662;0,300826420432502;0;0
OVCAR-8 R3;bayesynergy;2.5.1;Bayesian;717;PASS;Olaparib (AZD2281);Ruxolitinib (INCB018424);9,82407563264505e-05;9,82407563264505e-05;0,000141710778563552;0,264646690285143;0,0157250185653044;0,621866040340397;0,693248299968891;0,425668099994794;5,95220671481213;2,1287544189969;2,1287544189969;2,81310268713899;2,74174942597367;0,06472703256619;2,60624869988136;0,756728301717953;1,05199071220581;14,7903750603256;61532,6098115593;144250511,900285;2,7846837001426;0,0656325099790858;19,4202434164189;0,832420250758062;0;0
OVCAR-8 R3;bayesynergy;2.5.1;Bayesian;718;PASS;Carboplatin (NSC 241240);Cerdulatinib (PRT062070, PRT2070);9,78660910588148e-05;9,78660910588148e-05;0,000140099283347489;0,26776058998436;0,0136486894955851;0,591398282723425;0,698548120450248;0,452860390932588;4,42114309494895;1,46540314439425;1,46540314439425;2,08348495204682;2,40818106092065;0,0610959114773834;2,6775182903407;0,70334232217739;0,899407884386185;15,7869321651101;7705255493,75383;10977,6989893276;2,59095469075748;0,0746561190871687;16,1945504481128;0,745980967169291;0;0
OVCAR-8 R1;bayesynergy;2.5.1;Bayesian;719;PASS;Paclitaxel (NSC 125973);Palbociclib;9,77461208571523e-05;9,77461208571523e-05;0,000138949317594498;0,26857135340677;0,016682635954291;0,581212657423656;0,703466001484149;0,462194939661145;4,87957371393596;4,57129562869011;4,57129562869011;4,01157719414298;4,92685140997195;0,100469361106452;3,55764647590836;1,13952577937783;1,38486256105984;18,5411660152444;12,9129579750683;11669,084717082;2,59062884333181;0,0871945107397428;16,845955099177;0,292555345873901;0;0
OVCAR-8 R2;bayesynergy;2.5.1;Bayesian;720;PASS;Olaparib (AZD2281);Quinacrine;9,67819070679806e-05;9,67819070679806e-05;0,000137689011717252;0,231991539201621;0,0141719451169041;0,562569575090128;0,702902184138884;0,412486097810215;6,00080936047503;1,68701470766847;1,68701470766847;2,33828509110298;2,40753574692824;0,0601931365255757;2,47036833077148;0,721475201671282;0,974565499783744;13,6550024135281;23559,7280275215;23608,1442243144;1,85751836318662;0,0520927832501301;38,0739282484538;0,566519315204405;0;0
OVCAR-8 R3;bayesynergy;2.5.1;Bayesian;721;PASS;Carboplatin (NSC 241240);Selpercatinib (LOXO-292);9,65822904454903e-05;9,65822904454903e-05;0,000138225682287472;0,214160634804532;0,0149416100802591;0,539663671775365;0,698728983262498;0,396948690003978;6,49530884942305;1,29865729554995;1,29865729554995;1,89934958777814;2,30731978438969;0,11394033833553;2,5982229342351;0,683737898439815;0,888037648343273;15,8999148896288;66563,5288457518;24323,9638591726;1,99654212789837;0,0724972131997094;18,7761103465146;0,743081287374254;2;0
OVCAR-8 R1;bayesynergy;2.5.1;Bayesian;722;PASS;Niraparib (MK-4827);Selumetinib (AZD6244);9,65692334095734e-05;9,65692334095734e-05;0,00013688994700887;0,242522947562731;0,0139229693398184;0,534679316614622;0,705451609264747;0,453704475862768;4,01933097309111;3,28713472275259;3,28713472275259;3,26445327630855;3,7469653942672;0,0827231098887667;2,97037160893082;1,00694800768283;1,26144667657119;14,7281293547376;8235,02992724726;3408,12600373199;1,60207890008059;0,0750480912174008;105,928100314487;0,214433099772433;0;0
OVCAR-8 R2;bayesynergy;2.5.1;Bayesian;723;PASS;Olaparib (AZD2281);Simvastatin (MK 733);9,63641731975688e-05;9,63641731975688e-05;0,000136578235423505;0,242016268247214;0,0140946900058434;0,562199326391108;0,705560244637517;0,430592120056773;5,61226323844227;1,3915018041439;1,3915018041439;2,04208981206633;2,26460545442331;0,0598795936558484;2,46067794642575;0,681410678375543;0,920317694443824;13,9991989369235;34499,4872510849;44128,942233801;3,20607006071833;0,0614663375754252;43,4283897412934;0,642803625170876;0;19
OVCAR-8 R3;bayesynergy;2.5.1;Bayesian;724;PASS;LJH-685;Olaparib (AZD2281);9,57611554327697e-05;9,57611554327697e-05;0,000133976029805332;0,226005410380453;0,0132377986559216;0,545545609280635;0,714763346636792;0,414389352437924;6,23793593937808;1,49328506068344;1,49328506068344;2,11125415453889;2,28169151144474;0,0554636340233826;2,35100994042083;0,707297630402806;0,970515467508535;12,5868014320278;3729,14235252851;26005,9159787389;1,89112184328705;0,0580923844915161;56,5444785353254;0,477797387581279;0;0
OVCAR-8 R1;bayesynergy;2.5.1;Bayesian;725;PASS;Paclitaxel (NSC 125973);Quinacrine;9,56492746418052e-05;9,56492746418052e-05;0,000132650104082326;0,145739453864335;0,00864987843455965;0,339264434468772;0,721064452255862;0,429763145880605;3,0838805434226;10,4088056930381;10,4088056930381;3,6556577023671;10,4614467190914;0,100146378470363;3,69750822931426;2,84731409242671;2,82932344440827;22,2617755618309;12,8914261882467;12556,0693699865;67,9584445045398;0,0762961566047671;9,06744079468245;0,622226849282613;0;0
OVCAR-8 R3;bayesynergy;2.5.1;Bayesian;726;PASS;Gemcitabine (LY-188011) HCl;Niraparib (MK-4827);9,54752018513937e-05;9,54752018513937e-05;0,000133734823480239;0,282179902097887;0,0169902773096561;0,615667609555608;0,713914292229961;0,458434934207481;5,67792650753713;10,3057532861054;10,3057532861054;4,940317458476;10,1902308907663;0,142879343566676;4,96795836342004;2,08605082016015;2,05119088070439;28,8473720997426;48,3052232310172;12651,2853397306;12,263396242504;0,112249645892493;21,7083670193101;0,782448330077971;0;0
OVCAR-8 R3;bayesynergy;2.5.1;Bayesian;727;PASS;Dasatinib (BMS-354825);Niraparib (MK-4827);9,53067587119906e-05;9,53067587119906e-05;0,000131494932667665;0,23206491921307;0,0140419116242935;0,533723712256058;0,724794155778344;0,434919853813604;6,34348018612987;3,28959193367811;3,28959193367811;2,99244012552885;3,67973292460681;0,0750639547028218;2,78282090832927;1,09930083666979;1,32230317574264;14,9136483653332;59,1637043842668;9940,00423239506;1,75460574280713;0,0641561967273296;27,3108858768385;0,201605885399549;0;0
OVCAR-8 R2;bayesynergy;2.5.1;Bayesian;728;PASS;Carboplatin (NSC 241240);Tamoxifen (ICI 46474);9,4993406861058e-05;9,4993406861058e-05;0,000131374024858519;0,209015606886186;0,0126062470547104;0,500136806328852;0,723076018743886;0,418040591998719;5,63567691589899;1,3094066787281;1,3094066787281;1,89439952305806;2,13614063126193;0,0558783371184699;2,34073069438571;0,691198800881441;0,91259564220075;12,7083628243163;4746437357121,56;899298,313228506;2,38297213685469;0,0706168189490491;16,5631329465639;0,789483654188042;1;0
OVCAR-8 R3;bayesynergy;2.5.1;Bayesian;729;PASS;LJH-685;Niraparib (MK-4827);9,48773013078365e-05;9,48773013078365e-05;0,00012945010627523;0,226921971642867;0,0136120897703257;0,566922849768595;0,732925634731524;0,400380760172411;7,16128124688058;2,25525493759709;2,25525493759709;2,75977719994228;2,83360789123175;0,0640583305928391;2,57909034273959;0,817187321369371;1,09868500698653;14,4115469923265;164619,27800124;10822,9428471083;2,12837808441201;0,0566984413590698;156,072738200175;0,29830838994658;0;0
OVCAR-8 R2;bayesynergy;2.5.1;Bayesian;730;PASS;Olaparib (AZD2281);Ruxolitinib (INCB018424);9,4366153457197e-05;9,4366153457197e-05;0,000131819044082192;0,201418946728774;0,0129817520425817;0,488754183321256;0,715876481385783;0,412232890838678;4,09385776761535;1,23710440113706;1,23710440113706;1,74690952430807;1,97129058287971;0,0559406003097566;2,08444492597687;0,708167414467024;0,945714879924625;10,2648810535076;35152,780548491;3609471921,58645;2,78057361234826;0,0642038096088587;13,8766656772174;1,01180570600514;4;0
OVCAR-8 R2;bayesynergy;2.5.1;Bayesian;731;PASS;Vinorelbine ditartrate (Navelbine);Olaparib (AZD2281);9,43352698999612e-05;9,43352698999612e-05;0,00012472346815493;0,262667694875666;0,0185774071511277;0,591834295792284;0,756355410056262;0,44393174729223;5,48893395465883;6,57755787612615;6,57755787612615;2,46932210544242;6,64389857896985;0,0774028544685681;2,44638149112097;2,66370995571179;2,7158064280177;16,6802881118621;192,508857810398;2686547140,40015;44,0093452115538;0,0600523966644294;24,9385652203997;0,726199746784114;0;4
OVCAR-8 R1;bayesynergy;2.5.1;Bayesian;732;PASS;Carboplatin (NSC 241240);Dexamethasone;9,42679789120081e-05;9,42679789120081e-05;0,000128503284257842;0,268721917505218;0,0160629520352489;0,60354253647111;0,733584199473525;0,445347690786345;5,13612237275635;2,70973173346926;2,70973173346926;3,06645413562177;3,31487390579142;0,0730313766530033;2,89538375577301;0,883669415430478;1,14488240088451;18,3210585021673;25440,7869245857;185,196975006209;2,14787771863014;0,0682884685425642;512,913316225068;0,421081367534291;0;0
OVCAR-8 R1;bayesynergy;2.5.1;Bayesian;733;PASS;Dabrafenib ;Paclitaxel (NSC 125973);9,40441549791942e-05;9,40441549791942e-05;0,000126174743420502;0,19610552552003;0,0123221654743172;0,524291444616349;0,745348493919843;0,374155325980433;10,4146975502513;4,08652834852283;4,08652834852283;3,07925997720203;4,34239445470548;0,0798595928330534;2,93101054440399;1,3271137801869;1,48153491395524;18,5176394843542;574472303,966821;12,6745183822415;2,49850381589147;0,0730912584973134;23,2538508353504;0,239916218466433;1;0
OVCAR-8 R1;bayesynergy;2.5.1;Bayesian;734;PASS;Dasatinib (BMS-354825);Niraparib (MK-4827);9,37555838592724e-05;9,37555838592724e-05;0,000127644012195215;0,219359110689986;0,0130869853780864;0,512662589348243;0,734508280074158;0,428007705432933;4,91525871963595;3,25451503543396;3,25451503543396;3,34748330321663;3,761145649624;0,0800488340167954;3,00872312578547;0,972227414041668;1,25008034717123;14,6828783924318;73,6294477001775;7967,02273777238;1,76641086264025;0,0785641879320326;37,9219179535302;0,199179932319111;0;0
OVCAR-8 R2;bayesynergy;2.5.1;Bayesian;735;PASS;Carboplatin (NSC 241240);Dexamethasone;9,36874080650122e-05;9,36874080650122e-05;0,000128837454324276;0,119852073161887;0,00658656270886605;0,29471345555005;0,727175250057385;0,406881593073502;3,56204277492468;0,702093274168465;0,702093274168465;1,03032166119786;1,33631050886646;0,0422945108068528;1,58047751632501;0,681431149717077;0,845510609966602;9,77012453293286;16898768675,1179;540066,8040633;2,52522250511247;0,0600293488485848;20,1172659362803;1,05734904424125;17;0
OVCAR-8 R2;bayesynergy;2.5.1;Bayesian;736;PASS;Carboplatin (NSC 241240);Nutlin-3a;9,31286964470371e-05;9,31286964470371e-05;0,000126631758601722;0,154421057941551;0,0107190175661287;0,389628739034448;0,735429227828563;0,396483097254751;3,66367460496303;0,992670455581996;0,992670455581996;1,45972369832572;1,80159900421323;0,0555260745338056;2,06266886367956;0,680039966961264;0,873431036816729;10,3025656174777;22654471396,6829;72747,7297822227;3,23969383304382;0,0686993222422714;26,0270768399182;1,23738835550911;7;0
OVCAR-8 R1;bayesynergy;2.5.1;Bayesian;737;PASS;Fludarabine (Fludara);Olaparib (AZD2281);9,21704673977383e-05;9,21704673977383e-05;0,000125507296261517;0,328544306662326;0,0154136128506071;0,698646301103103;0,734383339799503;0,470350958483048;7,49468892132452;4,95389761540275;4,95389761540275;3,60853796517039;5,19056352351683;0,079669154756829;3,33069002116579;1,37282679667438;1,55840486221533;18,6085651248814;10142,7886900977;21102,494798527;3,33306414275164;0,0714124913382286;17,4524669913926;0,418034734916191;0;0
OVCAR-8 R3;bayesynergy;2.5.1;Bayesian;738;PASS;Olaparib (AZD2281);Venetoclax (ABT-199);9,19687318450307e-05;9,19687318450307e-05;0,000120312107616272;0,252519277295972;0,0196753576850208;0,677508854802361;0,764417926567787;0,372811791315799;9,6008609699889;2,41107246774703;2,41107246774703;2,89412878691469;2,91216626932898;0,0693033428642567;2,6182780605188;0,833090938678432;1,11224484260925;13,6093936250115;25049,1362150243;17362,4638220982;1,84204311461462;0,0586884326681357;14,1611056478212;0,520497748065772;0;0
OVCAR-8 R3;bayesynergy;2.5.1;Bayesian;739;PASS;Dexamethasone;Olaparib (AZD2281);9,16670194088312e-05;9,16670194088312e-05;0,000119388644285877;0,226276548526346;0,0127182730155494;0,557187567760512;0,767803503902211;0,406221502959609;6,10771455474789;2,86281114289792;2,86281114289792;2,90325687323558;3,24674269284885;0,067959608813368;2,64356818584391;0,986068841957969;1,22816680509128;14,2123093484541;404,295308974568;16418,3903541562;1,93708910685693;0,0554664790350434;23,2027019527998;0,444640820563677;0;0
OVCAR-8 R1;bayesynergy;2.5.1;Bayesian;740;PASS;Olaparib (AZD2281);Tamoxifen (ICI 46474);9,16658718759497e-05;9,16658718759497e-05;0,000123027312487649;0,27029998995747;0,0145104196912258;0,649100570559688;0,745085542571307;0,41652019405794;6,7570283604496;2,96929612861315;2,96929612861315;2,77162128483565;3,32884635818195;0,0671258076092765;2,5576420990968;1,07132101519751;1,30152938886856;13,7753630850194;25296,4105242276;17099,2752751743;2,24109346223233;0,0569856781198031;24,2529140638916;0,352989953790827;0;0
OVCAR-8 R1;bayesynergy;2.5.1;Bayesian;741;PASS;Carboplatin (NSC 241240);Dabrafenib ;9,15866522302162e-05;9,15866522302162e-05;0,000123631837385231;0,207958267677301;0,0121230216108366;0,494505100734793;0,7408015133257;0,420666247788553;4,58083870445079;1,54555544055251;1,54555544055251;2,1271818460799;2,19853428136001;0,0553053095696844;2,32051279504679;0,726574196465975;0,947434673082974;11,8417803117646;23914,8376790001;233151860,106226;2,02273808982273;0,0754459608978098;35,3544601025254;0,641292367698177;2;0
OVCAR-8 R1;bayesynergy;2.5.1;Bayesian;742;PASS;Carboplatin (NSC 241240);Niraparib (MK-4827);9,14847848530354e-05;9,14847848530354e-05;0,00012080121249987;0,25547720674323;0,0146896847239384;0,603950520491567;0,757316776544226;0,423117201636277;4,87542458497797;2,7276500239486;2,7276500239486;3,02912441622955;3,3664582117307;0,0778627079224201;2,91781837833718;0,900474740929853;1,15375865637298;15,9038091771133;19981,4695582057;8096,69637906158;1,5425218165718;0,0783630887897633;16,435413849596;0,280299328179027;0;0
OVCAR-8 R2;bayesynergy;2.5.1;Bayesian;743;PASS;Olaparib (AZD2281);TNKS1/2 inhibitor (OM-153);9,08933295008383e-05;9,08933295008383e-05;0,000117572387467961;0,198808699331009;0,01258643327945;0,540451504619974;0,77308398220294;0,367974023437397;5,73745450640248;1,5725497780663;1,5725497780663;2,04185477686452;2,12093080047014;0,0507392511909195;2,04259442888999;0,770157503797165;1,03835140763736;14,1914492774168;16110,1811611961;1472,1470144978;1,58348051000861;0,0456535999000018;36,1157444433856;0,351525637154615;0;0
OVCAR-8 R1;bayesynergy;2.5.1;Bayesian;744;PASS;Carboplatin (NSC 241240);Mebendalzole;9,08619931217429e-05;9,08619931217429e-05;0,000116882685934657;0,196610880843713;0,0127484409025951;0,500583436669309;0,777377696235857;0,392894379726104;5,49504279993923;8,76600424698148;8,76600424698148;3,71905254748095;8,57782913201121;0,126889222757584;3,76128459263025;2,35705307603653;2,2805583892318;19,8808736488659;26028,199481924;480,572330011633;15,8585936344544;0,098490421361781;27,2261810723651;0,95944973408633;0;0
OVCAR-8 R3;bayesynergy;2.5.1;Bayesian;745;PASS;Ruxolitinib (INCB018424);Trametinib (GSK1120212);9,07834454595001e-05;9,07834454595001e-05;0,000117479882029005;0,180830552277137;0,0123742349971169;0,422886677187808;0,772757376765889;0,42776662716054;4,80501622467405;4,2870565017779;4,2870565017779;2,70531990340639;4,43909134853056;0,0674814947600646;2,48213777776718;1,58467636170491;1,78841456275798;12,8503345830967;26718162613,9134;101,390088503797;3,70756257805727;0,0575863638269637;35,3783814507077;0,315743655387631;0;0
OVCAR-8 R3;bayesynergy;2.5.1;Bayesian;746;PASS;Flunarizine 2HCl;Olaparib (AZD2281);9,07362797236163e-05;9,07362797236163e-05;0,000121500486129675;0,251293312063149;0,0154575371056589;0,61647565234431;0,746797668173734;0,407731313429731;5,635026595192;2,68844953920698;2,68844953920698;3,140307625538;3,23446002677582;0,0736928499014555;2,92328404220787;0,85611024771702;1,1064473995941;16,427795507771;66575,1582969064;24194,5728602412;2,92626627302911;0,0657550704661853;19,0347373441492;0,818394139047339;0;0
OVCAR-8 R2;bayesynergy;2.5.1;Bayesian;747;PASS;Ruxolitinib (INCB018424);Trametinib (GSK1120212);9,02673683161818e-05;9,02673683161818e-05;0,000115498934538535;0,157906358548244;0,0119807090141709;0,403979631812452;0,781542865973931;0,391039752751828;5,46131182729698;6,04572754546321;6,04572754546321;2,46127322547428;6,08568900632836;0,088801513471752;2,47239250687851;2,45634149142391;2,46145747060679;14,9277768653387;272249600,812172;63,5867525186866;19,2816333399572;0,0552623211714984;26,8003627720134;0,712567738026228;1;0
OVCAR-8 R3;bayesynergy;2.5.1;Bayesian;748;PASS;Simvastatin (MK 733);Trametinib (GSK1120212);9,01882003490744e-05;9,01882003490744e-05;0,000119035315094033;0,181327743928391;0,0110076285999228;0,442479906760179;0,75765918944163;0,409943664578189;4,254997837976;3,75305585473604;3,75305585473604;2,90376384269887;4,00276940841485;0,0877516626603018;2,73536017766004;1,2924797118652;1,46334272214163;13,4723394818643;36747,5042590059;88,7997474812682;2,42012327057556;0,0569373222686512;27,4398176994756;0,307251399855253;0;0
OVCAR-8 R3;bayesynergy;2.5.1;Bayesian;749;PASS;Carboplatin (NSC 241240);Fludarabine (Fludara);8,96803852627115e-05;8,96803852627115e-05;0,000114065677080014;0,324315047432884;0,0191872742338505;0,801877166185133;0,786217094909306;0,404528014264503;7,50119753425316;3,40496503975356;3,40496503975356;4,09225058349464;4,28740731402671;0,109731178105216;3,98741428006979;0,832051940681949;1,07523498008631;30,5970794850134;437389,771264951;9396,4255827193;1,66171689555736;0,0986009711182275;38,2001914682774;0,32428851050653;0;0
OVCAR-8 R1;bayesynergy;2.5.1;Bayesian;750;PASS;Carboplatin (NSC 241240);Ruxolitinib (INCB018424);8,77697497916867e-05;8,77697497916867e-05;0,000113752505193581;0,179676590857298;0,0134049651190785;0,55631714807298;0,771585202825402;0,323082377407227;14,3438445391479;1,40330068911832;1,40330068911832;2,04146878446784;2,65695419516079;0,0794393052111654;3,06721458659038;0,687397573646527;0,866243335819014;16,4300300115531;71557,8339802518;35919806,8312685;3,18636587573031;0,150178488014265;15,0714936047789;1,25801926558005;13;0
OVCAR-8 R3;bayesynergy;2.5.1;Bayesian;751;PASS;Luminespib (NVP-AUY922);Niraparib (MK-4827);8,74408351138289e-05;8,74408351138289e-05;0,000108955066581422;0,0987957443859593;0,00941439547675909;0,323603956526154;0,80254033022397;0,305488528370555;5,48310186678272;7,11776340067455;7,11776340067455;2,25326481671734;7,0951416480236;0,0630320360679626;2,30248589618359;3,15886679091898;3,08151361959868;14,2103590818634;17,769170634826;9909,80542852655;61,4678167505292;0,0515239368308447;10,4308386115441;0,568483978846867;0;0
OVCAR-8 R3;bayesynergy;2.5.1;Bayesian;752;PASS;Olaparib (AZD2281);Vinorelbine ditartrate (Navelbine);8,72203912904736e-05;8,72203912904736e-05;0,000111124324321925;0,148621526736975;0,0104440255311463;0,371671622101065;0,784890183339141;0,400046191111739;3,82190207138449;5,92186840202356;5,92186840202356;2,42983187513859;5,85697213740991;0,079374041000215;2,52204220950376;2,43715150114483;2,32231328854815;14,8545630157491;25054,6349224207;245,069734006583;18,6940519295913;0,0564455934278838;22,5441557117289;0,577036471142187;0;0
OVCAR-8 R3;bayesynergy;2.5.1;Bayesian;753;PASS;Metformin;Niraparib (MK-4827);8,67829469108644e-05;8,67829469108644e-05;0,000107327995412984;0,157258374621054;0,0105183456060427;0,418155123132691;0,808576984755329;0,37623437638741;4,14992427760687;2,45988035337986;2,45988035337986;2,50510112272809;2,74969481068506;0,0654220425922124;2,23313951212302;0,9819485253757;1,2313134919506;11,597999466823;132914,854213116;9212,90293522681;2,30503735566221;0,0512758946624363;16,2977684887152;0,335922067581223;0;0
OVCAR-8 R3;bayesynergy;2.5.1;Bayesian;754;PASS;Niraparib (MK-4827);Ruxolitinib (INCB018424);8,66941510220976e-05;8,66941510220976e-05;0,000105138764037332;0,148242251809698;0,0111872755593302;0,414379702879063;0,824568862073696;0,357903677281465;5,48321796177614;3,23801614413074;3,23801614413074;3,13914498224341;3,46478822621784;0,109638407977845;2,67670190892889;1,03149620754906;1,29442438646607;14,8685950445892;10692,3412872746;89323,9954158783;3,17689282033885;0,0576875628257898;14,1118148081951;0,455619877697701;0;0
OVCAR-8 R2;bayesynergy;2.5.1;Bayesian;755;PASS;Carboplatin (NSC 241240);Palbociclib;8,65575581898214e-05;8,65575581898214e-05;0,000109022298834404;0,132631414727266;0,00959866863057363;0,382320641245702;0,793943616262355;0,347078645862617;4,75646399578938;2,83564332082464;2,83564332082464;3,21905109313113;3,41909404789989;0,0919006380949905;3,0902323384703;0,880894163772481;1,10641973593234;16,8316742819476;5673048,7986968;12779,1059342763;4,00818739808793;0,0708094235238464;9,09346685967557;1,30703616502041;2;0
OVCAR-8 R3;bayesynergy;2.5.1;Bayesian;756;PASS;Quinacrine;Carboplatin (NSC 241240);8,64967933226024e-05;8,64967933226024e-05;0,000103364289571232;0,213879609558991;0,0156814286800985;0,56960798078581;0,836815051710816;0,375603257666168;7,47053561329471;3,15148580161393;3,15148580161393;4,22911415857108;3,975031527895;0,112895943372079;3,72608182346111;0,745188160794113;1,06681273150428;18,5738080023329;20514,4122117792;8553035,40427555;3,52374785200695;0,0693434809359286;16,1294688053135;1,12746944507313;0;0
OVCAR-8 R2;bayesynergy;2.5.1;Bayesian;757;PASS;Carboplatin (NSC 241240);Quinacrine;8,59398669222503e-05;8,59398669222503e-05;0,000107653300466689;0,160292272681112;0,0101511537240158;0,410454550008833;0,798302202995094;0,390681668565864;4,95714610265577;1,82242013564022;1,82242013564022;2,52480772623334;2,43192531820053;0,0672306175976328;2,39010458800035;0,721805512833651;1,01749744777285;10,9151505072733;28445755697,2912;24089,6006523355;2,72654084755248;0,0710922215915525;18,0706077635072;1,22677225825668;0;0
OVCAR-8 R3;bayesynergy;2.5.1;Bayesian;758;PASS;Defactinib (VS-6063, PF-04554878);Paclitaxel (NSC 125973);8,56287316783735e-05;8,56287316783735e-05;0,000102490452437733;0,239718983249664;0,0192833637109475;0,610734227849789;0,835480082697422;0,392622385338469;6,10381833598083;9,34024651644052;9,34024651644052;4,36805594845513;9,52044083171329;0,192777676716388;4,39275688521268;2,13830743622776;2,16730428760169;23,9118126565155;40993,8799606764;9,36765731499981;9,98029506062713;0,0946992173429509;17,032275013663;0,54908433944128;0;0
OVCAR-8 R1;bayesynergy;2.5.1;Bayesian;759;PASS;Dexamethasone;Niraparib (MK-4827);8,50744903725135e-05;8,50744903725135e-05;0,000102755478569892;0,157071563824379;0,0112016565631077;0,408211543710148;0,827931430582047;0,384949232229512;3,87682792563122;4,99767334336457;4,99767334336457;3,37575471598096;5,01045979445874;0,0915462367652791;3,13481234232627;1,48046104170584;1,59832846349603;18,3785606770422;66,4994771057423;8683,83489873696;4,20889621127387;0,0634675545378213;18,3992305978238;0,35605878844131;0;0
OVCAR-8 R1;bayesynergy;2.5.1;Bayesian;760;PASS;Nutlin-3a;Carboplatin (NSC 241240);8,45092368443936e-05;8,45092368443936e-05;0,000102001253042991;0,200248593049527;0,0173815895442963;0,562066277038386;0,828511751799508;0,356389697307289;8,20977639826522;2,17300027992582;2,17300027992582;2,97212791483938;2,97300074759247;0,120026163934382;2,94904866640235;0,731126096247865;1,00812196877692;14,8625887320081;258856,343340062;29829,2305657405;2,63722439796615;0,067191781002662;22,8283613452388;0,689670561638423;2;0
OVCAR-8 R3;bayesynergy;2.5.1;Bayesian;761;PASS;Mebendalzole;Niraparib (MK-4827);8,44582068980233e-05;8,44582068980233e-05;9,8402684303753e-05;0,125989536667591;0,0101006684177655;0,373405964292885;0,858291696975609;0,337584875742468;4,09557928035089;15,4945676239155;15,4945676239155;3,87114562591688;15,287943807954;0,112656672027125;4,03274556804231;4,00257937086663;3,79095173499266;28,1791025039547;699,967578146307;10202,3601385057;338,317545003652;0,0706345613097227;9,22267962197289;1,43352031508564;0;0
OVCAR-8 R3;bayesynergy;2.5.1;Bayesian;762;PASS;Cerdulatinib (PRT062070, PRT2070);Trametinib (GSK1120212);8,43769193465892e-05;8,43769193465892e-05;0,000101085827549833;0,592416870591631;0,128956536787329;1,78099322687458;0,834705728703596;0,332669855631533;15,3546454366875;6,22700219850488;6,22700219850488;2,98608284984384;6,22839846721788;0,0808293327545706;2,9740914013298;2,08534140264411;2,09421891487026;16,5033829174865;17239,2779574565;85,1510691623138;14,6692883519169;0,0527856026955118;25,3517392718897;0,616181469366615;0;0
OVCAR-8 R3;bayesynergy;2.5.1;Bayesian;763;PASS;Binimetinib (MEK162);Trametinib (GSK1120212);8,4285349385133e-05;8,4285349385133e-05;0,000103376214036189;0,125324912539371;0,0110535398560726;0,353377074802598;0,815326331796476;0,354833276763992;3,83637147041281;4,13187810286754;4,13187810286754;2,42367185098097;4,06686991056157;0,0787971215188419;2,38616270450449;1,70480096189391;1,70435565977304;14,0694307203074;27826,2515991269;92,3480590885374;3,92074318202677;0,0447775290363814;105,116626871768;0,232505610621686;0;0
OVCAR-8 R1;bayesynergy;2.5.1;Bayesian;764;PASS;Niraparib (MK-4827);Volasertib (BI 6727);8,42291472657615e-05;8,42291472657615e-05;9,6350965970522e-05;0,136318655953594;0,00908226708285002;0,374764768940727;0,874190999720033;0,363932011323384;3,70456461323451;8,58412547356602;8,58412547356602;2,98873578530677;8,683205155217;0,0834595709339365;3,13087977573075;2,87215936442669;2,77340740533237;21,9718436937071;7791,89419485816;762,110951941825;56,6026969558918;0,0730730879129017;14,1810012942216;0,740315583220314;0;0
OVCAR-8 R3;bayesynergy;2.5.1;Bayesian;765;PASS;Carboplatin (NSC 241240);Crizotinib (PF-02341066);8,4019632319309e-05;8,4019632319309e-05;0,000100659734724737;0,188536656813068;0,0152369954531404;0,550447235242617;0,834689586149496;0,342636571261005;8,22581233132579;4,34409527502522;4,34409527502522;3,46831863295885;4,46656004880549;0,101213998255442;3,08636055156078;1,25250755041478;1,44719321485195;16,2834077786356;396471,468531382;8066,968872049;3,42883181847115;0,0843417000289151;13,0637795015558;0,491327848244389;0;0
OVCAR-8 R2;bayesynergy;2.5.1;Bayesian;766;PASS;Carboplatin (NSC 241240);Cerdulatinib (PRT062070, PRT2070);8,39603467469988e-05;8,39603467469988e-05;9,69836587432563e-05;0,155024111899884;0,00969539035589584;0,418468337167216;0,865716429293166;0,370625989267279;5,23603738257817;2,53738347273111;2,53738347273111;3,15222547208149;3,10391624532835;0,0730257107152237;2,77096649436758;0,804949866436939;1,12015654163901;13,885441412156;53514069716095,9;35115,3060455457;3,95048323263884;0,0733432375588579;14,8066991634185;1,28976914966324;0;0
OVCAR-8 R2;bayesynergy;2.5.1;Bayesian;767;PASS;Fludarabine (Fludara);Niraparib (MK-4827);8,32996521318658e-05;8,32996521318658e-05;9,54488080256151e-05;0,133641304334749;0,0102740799635004;0,359575567548487;0,872715478117978;0,371862872819826;5,0374431372454;14,4094097530402;14,4094097530402;4,97931649112046;13,717631441434;0,278125862620512;5,4488635769369;2,89385295727562;2,51752154329865;32,7234892437318;4784,05862227202;11758,15575666;29,4830849084232;0,0758901889916335;8,64274443086012;1,12152356640435;0;0
OVCAR-8 R1;bayesynergy;2.5.1;Bayesian;768;PASS;Carboplatin (NSC 241240);Selumetinib (AZD6244);8,25056480520804e-05;8,25056480520804e-05;9,62975543764795e-05;0,178101415507011;0,0114517544050348;0,475405702681778;0,856778228546916;0,374772688395404;5,4315753185502;4,53622375392583;4,53622375392583;4,03073677233911;4,98661564492541;0,118575213224901;3,66121371713394;1,12540808545366;1,36201162515829;17,9357502190269;25081,5626370397;3753,68723748046;2,31560968889589;0,0916295889174887;24,6871817162195;0,261341690022404;0;0
OVCAR-8 R2;bayesynergy;2.5.1;Bayesian;769;PASS;Carboplatin (NSC 241240);Crizotinib (PF-02341066);8,20985722413646e-05;8,20985722413646e-05;9,6021373275217e-05;0,141739136344763;0,0106338838849329;0,393913018199799;0,855003104423984;0,359993036484661;4,34584185604697;7,20512465957204;7,20512465957204;3,26216380521821;6,94782891941168;0,113573071714614;3,26123161038102;2,20869493066124;2,1304309995327;17,2620512122382;179325,590540627;7876,34915266752;12,3099834463467;0,0737056086833557;20,3947959454989;0,985960730603231;0;0
OVCAR-8 R3;bayesynergy;2.5.1;Bayesian;770;PASS;Carboplatin (NSC 241240);Tamoxifen (ICI 46474);8,15781216156755e-05;8,15781216156755e-05;9,21708498737017e-05;0,169026208349988;0,0140226419584884;0,469018496010794;0,885075072297358;0,36053323748476;5,61314653978723;2,33613604243183;2,33613604243183;3,08210248722441;3,19987630276271;0,0893470850476322;3,05577121854365;0,757968319390845;1,04715833546195;16,1642855504703;1646942,74377987;25946,0005789256;2,09533387009973;0,080617255287114;30,4691196946505;1,11512850794585;8;0
OVCAR-8 R1;bayesynergy;2.5.1;Bayesian;771;PASS;Paclitaxel (NSC 125973);Vemurafenib (PLX4032);8,11118049731549e-05;8,11118049731549e-05;9,662514046071e-05;0,120858412029184;0,00834302161254608;0,332336524623213;0,839448249041737;0,363864423897555;3,29400057195926;4,68731192010542;4,68731192010542;3,34791329476524;5,00923416117036;0,0849383126236886;3,24242307626999;1,40006968741826;1,54490454926471;18,7509500212892;13,105887417353;720585279,786018;3,45001578931291;0,0805999233928054;36,3491541561088;0,333266272195048;8;0
OVCAR-8 R3;bayesynergy;2.5.1;Bayesian;772;PASS;Cobimetinib;Olaparib (AZD2281);8,08892663675253e-05;8,08892663675253e-05;9,16662055913038e-05;0,145705761131562;0,0105063884345254;0,414507258911847;0,882432798933254;0,351685195940264;3,88418503766672;5,34653889566133;5,34653889566133;4,32740071152095;5,57625038499123;0,126831785436651;3,87304055987817;1,23550816115251;1,43976038948754;19,3793516371504;2058,13571730774;14487,4550914234;3,85473177819175;0,0774037994639954;33,0463534600427;0,396025728034745;0;0
OVCAR-8 R2;bayesynergy;2.5.1;Bayesian;773;PASS;AZD7762;Carboplatin (NSC 241240);8,08272790541621e-05;8,08272790541621e-05;9,24677945827213e-05;0,121198159948171;0,0106268558123494;0,378478982923239;0,874112759138582;0,320399392903758;4,13518594332583;6,33783820064396;6,33783820064396;3,79383745540983;6,04867983023474;0,195633977238034;3,68210974959752;1,67056134458436;1,6427212227707;18,075504855963;319,252261183481;595493594,700259;7,59695479226459;0,0672784685322308;48,9251933167889;0,990161661014438;1;0
OVCAR-8 R1;bayesynergy;2.5.1;Bayesian;774;PASS;Crizotinib (PF-02341066);Paclitaxel (NSC 125973);8,05265667071961e-05;8,05265667071961e-05;8,63423488973356e-05;0,0965877160462671;0,00945533175717262;0,302946864531182;0,932642761467438;0,319060465496384;4,28518231276825;13,3061215498229;13,3061215498229;3,55920562387756;13,2943178641843;0,0877283123338034;3,57348257396595;3,73850880110899;3,7202693979923;26,9230250147197;6048,59635537159;12,574872091822;517,450723035375;0,0828855533097233;15,3012674178307;0,791824156338503;0;0
OVCAR-8 R3;bayesynergy;2.5.1;Bayesian;775;PASS;Carboplatin (NSC 241240);Alectinib (CH5424802);7,95790211420021e-05;7,95790211420021e-05;8,60864430875734e-05;0,206476572362375;0,0148923669971472;0,612726091806314;0,924408284136546;0,337096445425278;9,03196384683441;3,28515473351612;3,28515473351612;3,80511945740512;3,87104934553107;0,0952517362033839;3,32358443460606;0,863351274589527;1,16472122844982;18,1347639328446;31143,7293783184;85408,761932494;3,17349401660082;0,092075356154461;28,7309031285007;1,15752026422037;0;0
OVCAR-8 R3;bayesynergy;2.5.1;Bayesian;776;PASS;Carboplatin (NSC 241240);Nutlin-3a;7,91968874600401e-05;7,91968874600401e-05;8,58262332667316e-05;0,164771204160647;0,0117299756041771;0,494676192506895;0,92275851386733;0,333232693380323;8,31851473439861;3,14955201414099;3,14955201414099;3,80210350754664;3,83144907690805;0,0966284831336471;3,34205657799297;0,828370928852826;1,14643453439348;16,3340536740868;52625956,2878019;67170,686818838;3,37200636361131;0,0897218934576534;15,6832487761994;1,39310037062027;1;0
OVCAR-8 R3;bayesynergy;2.5.1;Bayesian;777;PASS;Olaparib (AZD2281);Pertuzumab (anti-HER2);7,91104255227822e-05;7,91104255227822e-05;8,35222066641465e-05;0,129150525079348;0,0107813891548493;0,383742147839993;0,947178345525464;0,336741082192953;6,11517022264713;2,92703793409292;2,92703793409292;3,19181981853216;3,34510546600817;0,0718096126689735;2,77979294903009;0,91704359910861;1,20336497262335;14,2130186600404;20846,93851084;14055,7394656315;2,93904645060514;0,057724207907819;17,4272246851643;0,863335059254853;0;0
OVCAR-8 R1;bayesynergy;2.5.1;Bayesian;778;PASS;Niraparib (MK-4827);Olaparib (AZD2281);7,89754857150334e-05;7,89754857150334e-05;8,40984684428643e-05;0,149055922899084;0,00909586059683984;0,398316735638114;0,939083519323405;0,374396773486686;4,50655094108384;4,10694794371602;4,10694794371602;3,48541592471481;4,36658594389766;0,0813708579244131;3,11788221981254;1,17832362978374;1,4004974004952;15,5631759222472;8556,23413771652;29759,9453979377;2,57558221518114;0,0661654096540815;15,2185954570777;0,320415315463629;0;0
OVCAR-8 R1;bayesynergy;2.5.1;Bayesian;779;PASS;Olaparib (AZD2281);Ruxolitinib (INCB018424);7,80440705657425e-05;7,80440705657425e-05;7,66051676902303e-05;0,121632732820238;0,00844555218040319;0,368656283845493;1,0187833656514;0,330139895182959;4,089421144283;3,44082488671811;3,44082488671811;4,48813753494712;4,25384916162098;0,0997826205821186;3,84744328667856;0,766648717853664;1,10563011450996;18,7599270646337;21567,0005234168;6338975632,4215;4,40131162141705;0,122923973802139;18,5126526812112;1,84214250945631;10;0
OVCAR-8 R3;bayesynergy;2.5.1;Bayesian;780;PASS;Carboplatin (NSC 241240);Palbociclib;7,7860432181506e-05;7,7860432181506e-05;8,09671221806856e-05;0,115514167649056;0,00883917636715162;0,33916257314287;0,961630228227122;0,340797763374958;4,75364262527288;3,24179007710273;3,24179007710273;3,60394013790237;4,04563865709854;0,0826228016559561;3,64558379041017;0,899512742459027;1,10973684591772;19,8415296473459;555878179,870643;12892,7878379091;4,03605653843742;0,0848016086082954;43,0216116723306;1,17031715615121;0;0
OVCAR-8 R3;bayesynergy;2.5.1;Bayesian;781;PASS;Afatinib (BIBW2992);Carboplatin (NSC 241240);7,75100349846124e-05;7,75100349846124e-05;8,12188972771314e-05;0,134364377476526;0,0109294396480399;0,398129247896744;0,95433498339846;0,337672105929155;4,90729187800525;4,40694843578606;4,40694843578606;3,78201087522585;4,67798090868607;0,0919328795417937;3,35986947576151;1,16523949326901;1,39231030920504;18,5777215059866;4593,29743875426;275891,470918667;3,00937608982006;0,0822636551824127;39,5450898351401;0,405155783105512;0;0
OVCAR-8 R3;bayesynergy;2.5.1;Bayesian;782;PASS;Carboplatin (NSC 241240);Niraparib (MK-4827);7,72647212949889e-05;7,72647212949889e-05;7,5636777739281e-05;0,130753650336762;0,010957132073512;0,42601800275069;1,02152317436525;0,307095615183665;6,58044996184934;8,39373284760114;8,39373284760114;4,34880033095289;8,10958660349427;0,129667482400571;4,23827114086344;1,93012605979128;1,91341854590316;20,9017059983486;158737,852360231;9628,2696178821;9,10839927498153;0,0754649266054073;26,2963654676371;1,21076013816946;0;0
OVCAR-8 R1;bayesynergy;2.5.1;Bayesian;783;PASS;Binimetinib (MEK162);Trametinib (GSK1120212);7,68709000837511e-05;7,68709000837511e-05;7,55712494841431e-05;0,0604159450644597;0,00574312250127173;0,192239738939521;1,01719768574001;0,31465965207221;2,11736900985326;11,2597140308437;11,2597140308437;2,25379434505355;11,3202704721663;0,0530451639726875;2,35502910479947;4,99589239610778;4,80684949884315;20,7211602913195;1028,84985248315;16,822797289865;5163,19092541393;0,055614230887566;15,6464642033525;0,418451861408717;0;0
OVCAR-8 R3;bayesynergy;2.5.1;Bayesian;784;PASS;Idasanutlin (RG-7388);Olaparib (AZD2281);7,5974218987293e-05;7,5974218987293e-05;7,01555811662647e-05;0,0911975429072838;0,0087869521199806;0,343011107052522;1,08293905808062;0,266089469470818;7,61819204041742;6,28359917823814;6,28359917823814;3,06318666292606;6,14375803193438;0,112887702199739;3,03527204804369;2,05132754535952;2,02412104572116;17,0504944369538;22399,5136247881;10498,3554564356;13,6355580036518;0,0478379772675709;16,3792345354546;0,821000053369712;0;0
OVCAR-8 R3;bayesynergy;2.5.1;Bayesian;785;PASS;Niraparib (MK-4827);Quinacrine;7,57336705418283e-05;7,57336705418283e-05;7,57191981691058e-05;0,154920415425622;0,0112462066647912;0,470834200967334;1,00019113214446;0,329188948569386;6,4578872420445;4,52842413038852;4,52842413038852;3,23746397545634;4,74229992158262;0,090412576509195;2,97253392580281;1,39875660848094;1,59537285021965;15,0197888098296;8510,49957619147;21780,1458161514;4,72182859857863;0,0539865726234902;19,2699252885141;0,544472798330371;0;0
OVCAR-8 R3;bayesynergy;2.5.1;Bayesian;786;PASS;Dexamethasone;Paclitaxel (NSC 125973);7,52709312726744e-05;7,52709312726744e-05;7,15303192406475e-05;0,11106031583581;0,0091547363568508;0,335747341987013;1,05229407713731;0,331008218560587;4,6335864024144;7,66331725250809;7,66331725250809;3,3955872102597;7,69574076082939;0,104805958816355;3,42298611231138;2,25684595269811;2,24825357402131;19,9987989505522;540,002273464031;9,45817793386557;11,7428425542001;0,0648139632653881;32,881319631232;0,397259089437275;0;0
OVCAR-8 R2;bayesynergy;2.5.1;Bayesian;787;PASS;Carboplatin (NSC 241240);Selumetinib (AZD6244);7,45547195680933e-05;7,45547195680933e-05;7,02753268449177e-05;0,0888983410119306;0,00716404200442359;0,294961660850132;1,06089466837514;0,301645674799215;4,43495563244376;4,91407537780953;4,91407537780953;3,74125159112101;5,12722487179446;0,128023234631504;3,38348391515758;1,31348434023308;1,51536847827919;18,0153758517996;2893748,67158494;18879,0699127194;6,38471049670012;0,0776122520637641;20,2623513834416;1,74346965082053;0;0
OVCAR-8 R1;bayesynergy;2.5.1;Bayesian;788;PASS;Ruxolitinib (INCB018424);Trametinib (GSK1120212);7,31661189884349e-05;7,31661189884349e-05;6,6088458833493e-05;0,130433964735994;0,0130503985387279;0,453335781190319;1,10709373890491;0,287883494566782;7,59553874583469;7,21784323341372;7,21784323341372;4,87557595317292;7,35688544419419;0,134553669113166;4,48067607919518;1,48040832564951;1,64191414736582;24,7797377319861;1358706285851,67;23,8548852927423;5,42800855820418;0,10948418214543;40,7857921686893;0,500790083584024;1;0
OVCAR-8 R2;bayesynergy;2.5.1;Bayesian;789;PASS;Dabrafenib ;Niraparib (MK-4827);7,22819347149909e-05;7,22819347149909e-05;6,37071363024004e-05;0,114549668744072;0,00914402548699781;0,374065703814877;1,13459714107833;0,306434570384781;5,28091594584886;4,82203674953925;4,82203674953925;3,67739863635573;4,99549032874889;0,0921394822153414;3,33526554910499;1,31126299495174;1,49777888902712;16,3550192399647;561,858440261987;9829,41226433499;3,65102684329759;0,0520140266381866;22,1461571855487;0,522352728244709;0;0
OVCAR-8 R3;bayesynergy;2.5.1;Bayesian;790;PASS;Carboplatin (NSC 241240);Mebendalzole;7,08824874325161e-05;7,08824874325161e-05;5,69406131852015e-05;0,08087932467462;0,00720882798786407;0,263182721552987;1,24484938723733;0,307617339363438;3,12831760644377;8,23654782336953;8,23654782336953;3,46754820216446;8,27494524570089;0,14030506504247;3,59491097686309;2,37532323796631;2,30184983688291;20,4671941236931;161926,456418067;648,299304026856;37,465727328736;0,0961193317610536;53,8224892613142;0,803764366842811;1;0
OVCAR-8 R3;bayesynergy;2.5.1;Bayesian;791;PASS;Dabrafenib ;Niraparib (MK-4827);6,96059842007768e-05;6,96059842007768e-05;5,61049753354994e-05;0,0979121568469696;0,00885396079358818;0,346454215414544;1,24063835309691;0,282837480265614;6,02944638598057;6,69033468016542;6,69033468016542;2,99218191433846;6,64548107937533;0,100434297779905;3,05931733128145;2,23593847957757;2,17221045081706;18,5108931287629;293,306875163283;9880,06508869019;14,3354387446948;0,0527096095503197;20,9906238693132;0,739100572750455;0;0
OVCAR-8 R1;bayesynergy;2.5.1;Bayesian;792;PASS;Carboplatin (NSC 241240);Tamoxifen (ICI 46474);6,92838594996892e-05;6,92838594996892e-05;5,71195064053942e-05;0,113386464529488;0,00995819443744713;0,40597926749437;1,21296320398781;0,279482843381053;4,79708169781435;6,5613748871166;6,5613748871166;3,62118331414294;6,60312462973592;0,113800036091189;3,55886354698091;1,81194220725872;1,85540258640642;19,6668667968628;21487,9629982714;16344,8193255006;7,90701103679138;0,0695112030643429;334,238007717499;0,717836442452336;0;0
OVCAR-8 R3;bayesynergy;2.5.1;Bayesian;793;PASS;Carboplatin (NSC 241240);Selumetinib (AZD6244);6,86739123042004e-05;6,86739123042004e-05;5,9238569171586e-05;0,101708491858359;0,00964348387079915;0,352360915645705;1,15927702617672;0,288862540270543;4,99300271795509;5,12011831255369;5,12011831255369;4,20419379282275;5,4821158183512;0,106392003240198;3,91499280478656;1,2178597288485;1,40028758460262;23,1156515179669;296396,847090279;14579,6992519158;5,0563434919999;0,0864016468765442;20,4897762910797;0,836841773933999;1;0
OVCAR-8 R3;bayesynergy;2.5.1;Bayesian;794;PASS;Niraparib (MK-4827);Olaparib (AZD2281);6,48645445955223e-05;6,48645445955223e-05;4,66286840515401e-05;0,0739047840377046;0,0111377615158798;0,33319829504843;1,39108675088976;0,22206196773272;6,96399275036966;7,07214426874885;7,07214426874885;3,30163844536391;6,95543628208635;0,0956487199993083;3,25335846127799;2,14201051562124;2,13792496734408;19,4158632710412;8619,90833732517;21700,7913983255;13,6070919492631;0,0563336950965503;22,8585862748505;0,695456430832712;0;2
OVCAR-8 R3;bayesynergy;2.5.1;Bayesian;795;PASS;Carboplatin (NSC 241240);Dexamethasone;6,44712160830501e-05;6,44712160830501e-05;4,72178035263949e-05;0,0768290892890622;0,00713925151243041;0,29147644526616;1,36540057495496;0,2638703183103;3,79057779918437;5,68345683360537;5,68345683360537;4,24607272393096;5,67418406357629;0,134995759859845;3,69436898933333;1,33852084105232;1,5359007397364;17,1965792421578;1302407,63897473;213184,829682704;4,3266490968617;0,0697807396606955;41,2948381916554;1,6773485693438;0;0
OVCAR-8 R1;bayesynergy;2.5.1;Bayesian;796;PASS;Fludarabine (Fludara);Niraparib (MK-4827);6,43448839705251e-05;6,43448839705251e-05;4,615091633503e-05;0,051875445372794;0,00459701431330534;0,187010268231293;1,39422765744058;0,277849868147553;2,55706411474574;13,8664437770251;13,8664437770251;3,69430366268445;13,7957279558238;0,12323565919338;3,90388926303498;3,75346615847738;3,53384202939676;26,6083175339003;9686,50501075858;8524,15302043025;295,521130312387;0,0745230550658191;13,9495932933556;0,807563225882643;0;0
OVCAR-8 R1;bayesynergy;2.5.1;Bayesian;797;PASS;Dexamethasone;Paclitaxel (NSC 125973);6,1842757073686e-05;6,1842757073686e-05;4,29258892184637e-05;0,0280101514524803;0,00305355195997432;0,121492216069132;1,44068668581211;0,231278493621512;1,88384639095499;10,3050131056087;10,3050131056087;2,96846814575002;10,308037762368;0,0701070576589839;3,0872968567229;3,47149189401358;3,33885539381196;21,1910322755901;67,8269358833976;12,5523003105908;145,739116163613;0,0630121375868769;76,0118595057536;0,512291103357798;0;0
OVCAR-8 R1;bayesynergy;2.5.1;Bayesian;NA;FAIL;Simvastatin (MK 733);Trametinib (GSK1120212);0,268215682897893;0,268215682897893;0,397557826790224;0,661869371468305;0,0209675399979173;0,944576193795718;0,674658288237954;0,700734319551883;7,33602174303614;0,566969758049323;0,566969758049323;0,839238433207873;1,16703521512707;0,0351163008024946;1,51705399206665;0,675576493657659;0,769277310649467;9,72148391424476;44339,1748991746;16,468048031213;0,714211957248682;0,0716684619173986;27,1301282039564;0,0982806444728439;0;254
OVCAR-8 R2;bayesynergy;2.5.1;Bayesian;NA;FAIL;Cerdulatinib (PRT062070, PRT2070);Olaparib (AZD2281);12,9787521605962;12,9787521605962;5,12925391340456;11,3835106740518;0,707755082960181;6,38334420169312;2,53033918377058;1,7833194324436;29,529541157055;2,54952613975159;2,54952613975159;1,77300167213178;2,70478918357333;0,0460613166629977;1,77247605237362;1,43797164990045;1,52599476870292;11,8930454221006;30314,0213058968;40437,2958743289;12,9321284874523;0,063049507629604;4,12067706039904;4,00929237994685;0;192
OVCAR-8 R2;bayesynergy;2.5.1;Bayesian;NA;FAIL;Defactinib (VS-6063, PF-04554878);Niraparib (MK-4827);2,40172303328406;2,40172303328406;3,56022514866932;4,38418477117252;0,206949811734787;4,88763648110434;0,674598637162521;0,896999503785915;22,326250404089;0,317836649175829;0,317836649175829;0,471178555352797;1,21501753936284;0,043250170024351;1,80898168811084;0,674556695259289;0,671658285624607;11,0561330015466;192496,805777887;12843,4005272511;1,61344136555547;0,110095317245695;12,6099575819406;0,808637141144372;0;73
OVCAR-8 R2;bayesynergy;2.5.1;Bayesian;NA;FAIL;Niraparib (MK-4827);Selpercatinib (LOXO-292);0,0400685191739111;0,0400685191739111;0,0593864369693191;0,479550343252291;0,0244245174112243;0,914643175488956;0,674708253580052;0,524358656761147;6,79893307057647;1,04256490375243;1,04256490375243;1,54090497402617;1,93463840566214;0,05454067432689;2,32752303394323;0,676592600663982;0,831200541282946;13,6740151020054;12838,3836392402;24050,2213108984;1,5581651230755;0,0654478562032881;17,4568332178686;0,312250950117336;0;61
OVCAR-8 R2;bayesynergy;2.5.1;Bayesian;NA;FAIL;Niraparib (MK-4827);Simvastatin (MK 733);0,0378553869303444;0,0378553869303444;0,0561039063078686;0,464410354143257;0,0233181337666048;0,925397988954932;0,674737098030465;0,501902126075165;7,95106428915029;0,837975714548662;0,837975714548662;1,24223475628665;1,74031940236997;0,0523164194323357;2,2173685286628;0,674571139076469;0,784857988139429;14,9394409083781;10641,1177783289;34375,4101244613;1,51356463924997;0,0680368267093035;25,3212722619844;0,293992955726264;0;228
OVCAR-8 R2;bayesynergy;2.5.1;Bayesian;NA;FAIL;Simvastatin (MK 733);Trametinib (GSK1120212);8,93967626824144e-05;8,93967626824144e-05;0,000117867365213944;0,176051778789525;0,011559957311893;0,437430114574709;0,758452201931791;0,402614319649441;3,77800776521557;3,46750763792726;3,46750763792726;2,85583490351713;3,73201871172924;0,089232477650287;2,59676854546498;1,21418350677654;1,43717803353975;12,4553228055557;44834,5364099287;60,2069604247821;2,38685756724845;0,0552185023937829;21,9434124768539;0,313957389309365;0;709
OVCAR-8 R3;bayesynergy;2.5.1;Bayesian;NA;FAIL;Defactinib (VS-6063, PF-04554878);Niraparib (MK-4827);11,4218527270502;11,4218527270502;5,53319535278618;10,5014390598124;0,362300842554957;5,89925713206768;2,06424172631079;1,78013132146976;27,5071158495863;1,48265890270702;1,48265890270702;1,55237052903557;1,95546977619736;0,0453506698571317;1,7918716478877;0,955093436119367;1,09130013776517;13,5190797199487;14164,4752347495;10099,4011304738;9,62668278727141;0,0827486047046421;10,4218115258655;2,0277848467428;0;666
OVCAR-8 R3;bayesynergy;2.5.1;Bayesian;NA;FAIL;Defactinib (VS-6063, PF-04554878);Olaparib (AZD2281);1,07511758838794;1,07511758838794;1,59387442396301;3,58469299322006;0,383406208156627;5,49773831995582;0,674530924283711;0,65203447795849;29,8696479891191;0,202648573048854;0,202648573048854;0,300407734176959;0,880740857946546;0,039284327815352;1,43215153081199;0,674578414580635;0,614977423127281;10,3401830896832;15277,2392434379;7630,97062008884;1,69490919313789;0,0870962785512412;11,0782466702713;0,790125070649184;0;360
OVCAR-8 R3;bayesynergy;2.5.1;Bayesian;NA;FAIL;Abemaciclib (LY2835219);Paclitaxel (NSC 125973);0,332169707168782;0,332169707168782;0,492398035141679;0,810006100265041;0,0358931902732746;1,11668848613242;0,674595923343206;0,725396098894547;7,62081467454204;7,55285040500355;7,55285040500355;4,57334881976391;7,48073055639857;0,186556098024582;4,38559836517597;1,65149230960989;1,70574912098646;24,4719540660372;13306,8148005435;9,69021741977772;5,16547882807953;0,0837464391295068;27,8774190713251;0,733776674469194;0;494
OVCAR-8 R3;bayesynergy;2.5.1;Bayesian;NA;FAIL;Carboplatin (NSC 241240);Venetoclax (ABT-199);0,139841065027886;0,139841065027886;0,207290570022128;0,725793618558095;0,0281334574831105;1,21536100071293;0,674613731888325;0,597217963790177;9,58063354269079;0,629537503126397;0,629537503126397;0,933249129717233;1,57333868027506;0,0517778493771598;2,13626041264247;0,674565325677981;0,736491988974742;13,8147546120511;54115,7283032861;19496,1108378198;1,65506280427703;0,0842253211760092;23,2658625853638;0,472301345289324;0;518
OVCAR-8 R3;bayesynergy;2.5.1;Bayesian;NA;FAIL;Defactinib (VS-6063, PF-04554878);Trametinib (GSK1120212);0,0376386609273556;0,0376386609273556;0,0557786612161916;0,363963824169022;0,019826406573028;0,690802409341243;0,674786022229407;0,526935632902962;6,32069125118541;1,48600218869431;1,48600218869431;1,93118985179658;2,09989510395594;0,0594453947059547;2,12311997406335;0,769474936558874;0,989060971404755;13,447254064566;32266,8311767834;93,5482187056902;0,391842501456751;0,06242367005954;21,9686961296293;0,176383575357485;0;194
OVCAR-8 R3;bayesynergy;2.5.1;Bayesian;NA;FAIL;Carboplatin (NSC 241240);Defactinib (VS-6063, PF-04554878);8,75504673083034e-05;8,75504673083034e-05;0,000113323069543146;0,246492558016192;0,0169888009126309;0,633717723358675;0,772574089823522;0,389064155760092;9,25817277605652;1,8334687074245;1,8334687074245;2,63981131648257;2,93879700018067;0,0913804041942533;3,14587180029154;0,694545362381248;0,9341757028714;16,4873818018215;1707683874,78076;434479,869368033;1,85977576580518;0,0979501235904121;48,7838268284378;1,14390307738298;0;531
OVCAR-8 R3;bayesynergy;2.5.1;Bayesian;NA;FAIL;Olaparib (AZD2281);Simvastatin (MK 733);8,71669510732674e-05;8,71669510732674e-05;0,000103661230896998;0,202222644959778;0,0151734110469785;0,55118795608409;0,840882848090815;0,367009045797592;7,78179159703576;3,2927618790736;3,2927618790736;3,5939386001649;3,79799215525187;0,0854962854599591;3,18573798535629;0,916198701592322;1,19218597785188;16,5148257721228;14115,4719550173;38784,3467199728;2,19544850143748;0,0629273315255874;15,5798675473712;0,705509704783874;0;38
