Sample;Package;Version;Model;Rank;QC;Drug A;Drug B;Synergy Score;Median (syn);MAD (syn);Mean (syn);SEM (syn);SD (syn);Median/MAD (syn);Mean/SD (syn);Maximum (syn);Antagonism Score;Median (ant);MAD (ant);Mean (ant);SEM (ant);SD (ant);Median/MAD (ant);Mean/SD (ant);Maximum (ant);EC50 (Drug A);EC50 (Drug B);bayesfactor;observation noise;kernel length scale;kernel amplitude;divergent;max_treedepth
OVCAR-8 R1;bayesynergy;2.5.1;Bayesian;1;PASS;Niraparib (MK-4827);Cerdulatinib (PRT062070, PRT2070);20,0298989147634;20,0298989147634;4,52939550913563;19,4051614908112;0,203857671486529;5,22683533315631;4,42220134549166;3,71260385823327;35,710592114549;3,05955765646413;3,05955765646413;2,02522021607594;3,44622183017461;0,0792554427560416;2,21649266531123;1,51072838014244;1,5548085875081;14,279913352389;7811,3268011117;23891,2877332144;46,0834307159133;0,0954151267815897;1,64461100372817;4,98431975922583;0;1
OVCAR-8 R1;bayesynergy;2.5.1;Bayesian;2;PASS;Navitoclax (ABT-263);Paclitaxel (NSC 125973);18,9821000776415;18,9821000776415;3,14906882640982;19,0340535778701;0,0685492022900052;3,10230847500044;6,02784541209363;6,1354484027793;29,3813942564362;0,0487527918056447;0,0487527918056447;0,0722556545305629;0,269698799581333;0,0119982119616557;0,470084326817897;0,674726318962665;0,573724296249106;5,54435842770944;50860,3986261875;12,4174385017426;123973,468973695;0,0795979039388321;4,30385379115389;1,64932212619755;0;0
OVCAR-8 R1;bayesynergy;2.5.1;Bayesian;3;PASS;Paclitaxel (NSC 125973);Venetoclax (ABT-199);7,66766377514979;7,66766377514979;3,46790333776988;7,59852923633529;0,107830820772915;3,52040969193628;2,2110373411044;2,15842330816613;19,5023070163098;0,00745723732480756;0,00745723732480756;0,0110483009109819;0,29397571452244;0,0172397192790966;0,611049947008703;0,674966891732209;0,481099320868205;5,72415672644458;12,0948368084244;76534,0967157145;8,10406697716692;0,0819153154249756;15,4210930996991;0,441934627587329;0;0
OVCAR-8 R1;bayesynergy;2.5.1;Bayesian;4;PASS;Crizotinib (PF-02341066);Olaparib (AZD2281);7,5035793798375;7,5035793798375;3,24992164589175;7,45376774739899;0,144901086383616;3,19126634248324;2,30884931928216;2,33567805903925;18,4379053655074;6,64954663219909e-05;6,64954663219909e-05;4,72978678448052e-05;0,0652094964990921;0,00617398851269906;0,256767636440394;1,40588718587014;0,25396306716493;3,75378479777761;5721,68157083771;29617,2030812872;20,4640471357412;0,0703531106988226;32,3693920241743;0,511800986966698;0;0
OVCAR-8 R1;bayesynergy;2.5.1;Bayesian;5;PASS;Navitoclax (ABT-263);Trametinib (GSK1120212);6,97038662144724;6,97038662144724;2,37001928286375;6,86947651864802;0,0790150990377724;2,61169604271065;2,94106747225481;2,63027421600834;16,7826227655019;0,325213871590572;0,325213871590572;0,482065059706702;0,698550936178639;0,0263615483938279;0,956453878106074;0,674626515741339;0,730355066949885;8,13336161202444;5255,20925075867;16,1886716955242;23,5505320187674;0,0637699738214975;6,43368529801226;0,699041392117596;0;0
OVCAR-8 R1;bayesynergy;2.5.1;Bayesian;6;PASS;Olaparib (AZD2281);Cerdulatinib (PRT062070, PRT2070);6,90394901361272;6,90394901361272;7,19170844587854;6,39205463832333;0,315993121067337;5,23364393991502;0,959987333408832;1,2213460005761;22,931488738339;1,48461429925987;1,48461429925987;1,84645102838647;2,14233373341229;0,0807656090925084;2,25963639398313;0,804036650003768;0,948087815861355;17,6951429130788;17071,3720947042;853899017,108949;4,73499782694163;0,0927176896207432;6,68983728119639;2,36476454967956;0;12
OVCAR-8 R1;bayesynergy;2.5.1;Bayesian;7;PASS;Niraparib (MK-4827);Palbociclib;5,52840161735923;5,52840161735923;4,05113189500909;5,55165921364879;0,139762708306624;3,65370046415472;1,36465604197437;1,51946563492345;21,2282325455089;0,175298152106997;0,175298152106997;0,259824437160793;0,56252915272053;0,0220922580494029;0,897422819169825;0,674679233495319;0,626827333453485;7,17056099238367;7850,12667365895;11388,2715794676;3,26256476890938;0,0872945489131681;8,07334340418116;0,626424498868659;0;0
OVCAR-8 R1;bayesynergy;2.5.1;Bayesian;8;PASS;Nutlin-3a;Paclitaxel (NSC 125973);5,44808572512991;5,44808572512991;2,73393147930793;5,45007933670438;0,0979692220115385;2,72158353037689;1,99276600981566;2,00254139648024;14,8034561843296;0,860104960603276;0,860104960603276;1,11394669098955;1,19310787411448;0,0373871101333953;1,22309831457419;0,772123987225299;0,975479942942975;7,74063445009459;26560,8938927425;12,8906792031999;9,8113193249306;0,0724167531006028;4,97725610888172;0,606815626844239;0;0
OVCAR-8 R1;bayesynergy;2.5.1;Bayesian;9;PASS;Niclosamide (BAY2353);Olaparib (AZD2281);4,73241833390576;4,73241833390576;2,529156327873;4,68999110682813;0,093187825015052;2,4247762329909;1,8711450461766;1,93419727352925;12,3195164987549;8,83333976865617e-05;8,83333976865617e-05;0,000107041196431931;0,122284313603212;0,00819656091223975;0,311468420907692;0,825228048929122;0,392605816175031;3,22074239609679;2576,51114320461;18040,5759976667;7,99905526444547;0,0576378333800336;41,992704939421;0,486527323712167;0;0
OVCAR-8 R1;bayesynergy;2.5.1;Bayesian;10;PASS;Afatinib (BIBW2992);Paclitaxel (NSC 125973);4,42898543001083;4,42898543001083;3,36454790315736;4,57184413627477;0,0844199803346678;2,98065209890901;1,31636866452535;1,53384289084783;15,5472079461382;0,112371051119772;0,112371051119772;0,166572318791058;0,63529365937212;0,0327869677862769;1,08074222723989;0,674608193818361;0,587830884515908;9,63912468529413;2900,15902629057;11,7673494543845;3,18507530613295;0,0937799558550113;15,6060965602455;0,431344305433387;0;0
OVCAR-8 R1;bayesynergy;2.5.1;Bayesian;11;PASS;Defactinib (VS-6063, PF-04554878);Niraparib (MK-4827);4,1460647057365;4,1460647057365;5,66451766707468;5,08613722003378;0,212455232982642;4,6152704812577;0,731936053414702;1,10202825492439;24,4700935291109;0,788241737974685;0,788241737974685;1,16853134140074;1,55073501012685;0,0553023807269875;2,00164594077128;0,674557634911018;0,774729925278049;14,1996897890457;18607,4131269186;7848,86410549523;2,15519440170278;0,0993472271865272;8,24028529325379;0,869355888324546;0;0
OVCAR-8 R1;bayesynergy;2.5.1;Bayesian;12;PASS;Temsirolimus (CCI-779);Trametinib (GSK1120212);3,47891114016765;3,47891114016765;2,31856107176861;3,50368083361226;0,0961875210964938;2,18788151349844;1,50046129150005;1,60140471512557;12,6788713133416;1,51824227775057;1,51824227775057;1,57291785748344;1,76989736164972;0,0574826721980346;1,5163283920811;0,96523939284385;1,1672256292851;8,63929999660013;13,487954698854;15,9149943539464;3,13936961171186;0,0583376262968473;5,18559436299457;0,26690966111155;0;0
OVCAR-8 R1;bayesynergy;2.5.1;Bayesian;13;PASS;Carboplatin (NSC 241240);Panobinostat (LBH589);3,15509015889055;3,15509015889055;3,55169078506968;3,68997140008753;0,103553131074066;3,12021475265096;0,888334697421768;1,18260580331418;16,5514749731748;0,188782211975775;0,188782211975775;0,27983923546332;0,653947132723021;0,0277349595301845;1,01244954674094;0,674609518794658;0,645905897067232;8,84119544445831;23886,3821456731;102,744261355035;1,73970285174259;0,0950487699465701;12,4938487234314;0,417849570905917;0;0
OVCAR-8 R1;bayesynergy;2.5.1;Bayesian;14;PASS;Trametinib (GSK1120212);Vinorelbine ditartrate (Navelbine);3,12005113694431;3,12005113694431;2,04946370181596;3,26989088731895;0,058843211827696;2,05043306446303;1,5223744310181;1,59473409485526;11,9018925291916;0,595667992980169;0,595667992980169;0,883016978418674;0,980371092282308;0,0427087078064281;1,15659680867305;0,674582717590441;0,847634270586549;8,71870955715206;17,7495951699896;226,824631312509;3,20665176654168;0,0548514663682274;14,213020586251;0,262832183714892;0;0
OVCAR-8 R1;bayesynergy;2.5.1;Bayesian;15;PASS;Mebendalzole;Niraparib (MK-4827);2,69774582930551;2,69774582930551;1,75219009078346;2,78728244814573;0,061759219577647;1,78108286055311;1,53964221319118;1,56495091378951;9,735897839482;11,4421674437984;11,4421674437984;3,05197042004755;11,6590540925526;0,0785962153858191;3,22715396118253;3,74910823795604;3,61279760209531;25,1743779565228;563,883451204152;7557,98401475535;1474,52778431836;0,0778134921943061;4,26262835404459;1,53061390810766;0;0
OVCAR-8 R1;bayesynergy;2.5.1;Bayesian;16;PASS;Paclitaxel (NSC 125973);Selpercatinib (LOXO-292);2,56489658366256;2,56489658366256;2,99074738953966;3,16196808773307;0,120022051698319;2,85330741800656;0,857610573408324;1,10818145075478;21,1780705608188;1,39355556415989;1,39355556415989;2,0659596581291;2,50030210405398;0,152783225679663;2,83575052931979;0,674531837384411;0,881707356906931;15,694984237199;10,6065803946602;24111,2492238952;1,757069437257;0,099434120908349;7,75174200692295;0,407502607583736;0;17
OVCAR-8 R1;bayesynergy;2.5.1;Bayesian;17;PASS;Entrektinib (RXDX-101);Paclitaxel (NSC 125973);2,54609009566424;2,54609009566424;3,21725815901463;3,36551229519378;0,0992759364556938;3,03145520965883;0,791385076926513;1,11020041429167;15,8536815068917;0,22912148518471;0,22912148518471;0,339634380176444;0,741727630140212;0,0307577667627825;1,13765570624908;0,6746121669593;0,651979000382929;9,68088206375509;3330,16629512333;13,4456124606515;1,7545318427616;0,0932356096288636;15,0849411346804;0,419017054564839;0;0
OVCAR-8 R1;bayesynergy;2.5.1;Bayesian;18;PASS;Flunarizine 2HCl;Paclitaxel (NSC 125973);2,53994267274688;2,53994267274688;2,825204088117;3,02386997418704;0,0726078144581061;2,54020166091005;0,899029802282267;1,19040959833567;12,1473875577805;0,0248393812333523;0,0248393812333523;0,0368095986557358;0,299573831338148;0,0122305099364582;0,55892865537393;0,674807173684892;0,535978659275807;4,18313779513086;31851,6543272921;10,8685848852357;1,665486816596;0,0654712079662937;257,941069549854;0,188315558484562;0;0
OVCAR-8 R1;bayesynergy;2.5.1;Bayesian;19;PASS;Carboplatin (NSC 241240);Gemcitabine (LY-188011) HCl;2,21947389472965;2,21947389472965;3,04165083248714;3,36464111065453;0,0827096446943648;3,49330639343316;0,729693846191676;0,963171893120868;19,4001526078935;0,0564012744997062;0,0564012744997062;0,0835990128039521;0,648654815567652;0,0315140875241737;1,25540420178311;0,67466436035522;0,516690014774793;10,27676641277;4759,94569589219;115,181596186933;1,42010177447361;0,156659959231857;21,2784291299733;0,272546327269488;0;0
OVCAR-8 R1;bayesynergy;2.5.1;Bayesian;20;PASS;Paclitaxel (NSC 125973);TNKS1/2 inhibitor (OM-153);2,20801397844007;2,20801397844007;2,45483011593031;2,68853389449686;0,0626882838151383;2,30685488394123;0,899456937615131;1,16546009389988;11,3557642456298;0,074787692153479;0,074787692153479;0,110845423821748;0,394531429758328;0,0162137356263603;0,683198758275014;0,674702568450152;0,577476795705056;5,14464549859081;10,8373069663865;112,029459084714;1,07443834831374;0,0691967728456254;20,4861324118397;0,145014371780174;0;0
OVCAR-8 R1;bayesynergy;2.5.1;Bayesian;21;PASS;Olaparib (AZD2281);Defactinib (VS-6063, PF-04554878);2,17795870231594;2,17795870231594;3,22896768336444;6,20091473662968;0,534664323363111;7,32411563659048;0,67450619389495;0,846647069388302;29,0697389077064;0,760395944192212;0,760395944192212;1,12724262109534;1,56863778686658;0,0519866730260024;2,07760346469749;0,674562804814226;0,75502270453471;20,8702953636765;45308,325057339;19030,6796691023;2,39628224965095;0,0990272970777454;15,0314474594817;1,82585955035535;0;0
OVCAR-8 R1;bayesynergy;2.5.1;Bayesian;22;PASS;Trametinib (GSK1120212);Volasertib (BI 6727);2,1002023708662;2,1002023708662;2,35458771511616;2,4142961223359;0,0782519227729163;2,03970645273424;0,891961831527093;1,18365286101841;10,6754765885615;1,34214068688751;1,34214068688751;1,45601796597627;1,66200461100875;0,0475091059721513;1,50449985186357;0,921788548115612;1,10468911575504;12,4005020132671;14,9143802479955;701,759543429821;2,23783630556712;0,0705257602467952;7,01516804971732;0,332293391379336;0;0
OVCAR-8 R1;bayesynergy;2.5.1;Bayesian;23;PASS;Everolimus (RAD001);Paclitaxel (NSC 125973);2,09486386657492;2,09486386657492;2,53204871242009;2,69594075163756;0,061157076760306;2,45524486558089;0,827339480595018;1,09803686662394;15,4501297582974;0,193784694837175;0,193784694837175;0,287241576901962;0,580516273125695;0,0236705645861674;0,887409888242591;0,674640130190187;0,654169263625558;6,8634980839431;13,301734968123;14,1763171612596;1,29766046615901;0,0844083119529929;27,7726501648148;0,165191468327461;0;0
OVCAR-8 R1;bayesynergy;2.5.1;Bayesian;24;PASS;Venetoclax (ABT-199);Olaparib (AZD2281);1,98498501131468;1,98498501131468;2,71448749790346;2,43786041237826;0,155527841310817;2,35144301786544;0,731255904787843;1,03676349567373;13,3494798920117;3,13734115956526;3,13734115956526;3,58815668733484;3,65673521426697;0,139880949494847;3,09425285111721;0,874360133335082;1,18178293443171;18,3087228240115;160995980,197771;272998,240030391;3,78648007570751;0,0847086265129229;11,4016120576129;1,638942726124;0;13
OVCAR-8 R1;bayesynergy;2.5.1;Bayesian;25;PASS;Binimetinib (MEK162);Niraparib (MK-4827);1,9296081130761;1,9296081130761;2,1314395921811;2,31777786342366;0,0594750938037248;2,03932590632405;0,905307436417437;1,13654888759212;11,7024884579581;1,13325783656168;1,13325783656168;1,54280655796237;1,64982286104197;0,0558760404807609;1,73878352639374;0,734543051241889;0,948837411902405;11,5037972286904;573,913459289097;7405,0948642056;1,6248292591227;0,0747469548176697;10,1075770794183;0,305726343180204;0;0
OVCAR-8 R1;bayesynergy;2.5.1;Bayesian;26;PASS;TNKS1/2 inhibitor (OM-153);Trametinib (GSK1120212);1,9202103426919;1,9202103426919;2,09794646681789;2,27601921748074;0,0517860278781672;1,96060014025129;0,915280905906256;1,16088368773884;9,89478082262845;0,193502135377173;0,193502135377173;0,286833353075854;0,655588614920772;0,024777255932551;0,959097901583216;0,674615184399425;0,683547126772532;7,8867840526018;488,125244742498;17,7688167266316;1,40365347842699;0,0579453471496965;16,1717668765516;0,153790700850339;0;0
OVCAR-8 R1;bayesynergy;2.5.1;Bayesian;27;PASS;Paclitaxel (NSC 125973);Temsirolimus (CCI-779);1,79128794938499;1,79128794938499;1,88030396389069;2,10943855037335;0,0565044901990244;1,76879444894346;0,952658710391958;1,19259279512604;10,7199932267735;1,26938585558852;1,26938585558852;1,63610577843695;1,78210092585891;0,0514249440910763;1,78625446313512;0,775858060229595;0,99767472252026;11,0690587803168;14,0586621436096;14,5270549534039;1,45457928707749;0,0739909795909409;11,1814191230289;0,25434197601059;0;0
OVCAR-8 R1;bayesynergy;2.5.1;Bayesian;28;PASS;Mebendalzole;Paclitaxel (NSC 125973);1,65951397620334;1,65951397620334;1,66902623117241;1,93011188139866;0,0521569067703942;1,58287110446929;0,994300715715901;1,21938219849463;8,78196104269843;7,00469704803809;7,00469704803809;3,16798971870389;6,9920748237729;0,138483544864524;3,27832508045219;2,21108578941471;2,13281924524961;18,3505341998501;593,492403208446;10,8347541524419;9,85163689427068;0,0844049242303367;4,91046471033416;0,775817070549551;0;0
OVCAR-8 R1;bayesynergy;2.5.1;Bayesian;29;PASS;Olaparib (AZD2281);Palbociclib;1,63820795245497;1,63820795245497;2,32737094489186;2,372635766441;0,0646790903226729;2,47866507166663;0,70388777347699;0,957231743667231;13,9815117672343;0,0188455190837823;0,0188455190837823;0,0279231482132357;0,362882555279956;0,0168857962366326;0,741764656902218;0,674906673841647;0,489215213886623;7,28368021850287;25126,4534014432;11277,7485670114;1,06411280439247;0,0772727498499445;15,8226286470175;0,263203270585971;0;0
OVCAR-8 R1;bayesynergy;2.5.1;Bayesian;30;PASS;Pictilisib (GDC-0941);Trametinib (GSK1120212);1,62753044868467;1,62753044868467;1,99990566390666;2,22860401406488;0,0563674770590527;2,09458512015759;0,813803609868985;1,06398780620811;13,1119103408724;0,135212605137419;0,135212605137419;0,200417731473125;0,474143016438048;0,0167204813423054;0,738517203529259;0,674653904839504;0,642020272746786;7,85264713528342;1042,73874854507;16,6033046685498;1,24359070862079;0,0771561109735696;18,1923419035042;0,146909879585908;0;0
OVCAR-8 R1;bayesynergy;2.5.1;Bayesian;31;PASS;Flunarizine 2HCl;Trametinib (GSK1120212);1,61266508228662;1,61266508228662;1,94854816896967;2,02605554220617;0,0715685875801168;1,87401337350955;0,827623924298133;1,08114125832409;11,1763618059249;0,903519044759156;0,903519044759156;1,33494055583697;1,40548899612238;0,0566298218789824;1,52550930363626;0,676823429184589;0,921324434254319;11,3128460365896;21303,3029676315;15,3096845343049;1,52224887170507;0,057141592208408;15,1875372561048;0,189980882708434;0;0
OVCAR-8 R1;bayesynergy;2.5.1;Bayesian;32;PASS;Adavosertib (MK-1775);Trametinib (GSK1120212);1,60567525422563;1,60567525422563;1,98757948067369;2,07722879520785;0,0975033458934815;1,89932820811412;0,807854614036053;1,09367150574553;9,6074774804345;1,24151848737013;1,24151848737013;1,83937791220119;2,21073379726304;0,136697850779838;2,41377756596521;0,67496650858681;0,915881325783645;11,7596127979894;552,897444776343;17,6007892255824;1,75967832463802;0,0769636027009963;33,9625043069064;0,481129191132767;0;0
OVCAR-8 R1;bayesynergy;2.5.1;Bayesian;33;PASS;Entrektinib (RXDX-101);Niraparib (MK-4827);1,59519554612128;1,59519554612128;2,30383669280716;2,56781537694585;0,0813248742097651;2,8351932032935;0,69240825580288;0,905700000019245;16,531369907482;0,136832082896301;0,136832082896301;0,202828563565622;0,585225736982621;0,0236874554114881;0,981427464534126;0,674619395270883;0,596300550097629;8,87501991986648;4108,00191430415;7541,30347574505;1,36135951672884;0,0936382285320011;13,8819214690359;0,319545149429709;0;0
OVCAR-8 R1;bayesynergy;2.5.1;Bayesian;34;PASS;Lapatinib Ditosylate (Tykerb);Trametinib (GSK1120212);1,54164166620505;1,54164166620505;1,30090048413572;1,69484571438212;0,0368252689185498;1,24685760112351;1,18505733913172;1,35930306005997;6,83017866403096;1,12802943457997;1,12802943457997;1,26070174657615;1,37247180330982;0,0450510209280802;1,21901160784593;0,894763125095609;1,12588903540883;7,56375460071932;3360,38711724827;16,7436218268468;2,43700691700815;0,0512690664790609;23,0720187269897;0,184860481571451;0;0
OVCAR-8 R1;bayesynergy;2.5.1;Bayesian;35;PASS;AZD8055;Trametinib (GSK1120212);1,50685059988391;1,50685059988391;1,53383803483696;1,79907359389484;0,0457397709281881;1,46958965853009;0,982405290297866;1,22420484555569;8,17970627723542;0,0993867824209324;0,0993867824209324;0,147314665164077;0,387413386053125;0,0193256352005397;0,625097469477166;0,674656405119185;0,619764764648878;6,46803363360763;140,376326130417;15,1938926686167;1,10437126520689;0,0501159019884198;22,9962738646199;0,124368348278717;0;0
OVCAR-8 R1;bayesynergy;2.5.1;Bayesian;36;PASS;Carboplatin (NSC 241240);Cucurbitacin I (JSI-124);1,50488692691687;1,50488692691687;2,05741972051457;2,15590233163889;0,060706234710226;2,24046228400157;0,731443813778793;0,96226486043251;12,6062733511269;0,0390784159536707;0,0390784159536707;0,0579141186931441;0,414160108486227;0,0221882634843581;0,815559702034797;0,67476492495252;0,507823164206017;6,4528151442777;19650,8521152471;153,476756334177;1,20104451674096;0,0874529234522059;30,6234297414351;0,250241685990242;0;0
OVCAR-8 R1;bayesynergy;2.5.1;Bayesian;37;PASS;Paclitaxel (NSC 125973);Panobinostat (LBH589);1,47586320401325;1,47586320401325;1,42951010870276;1,69404521386128;0,0393784329091839;1,36674525892962;1,03242586045968;1,23948209296323;7,57141451015538;2,07312140175189;2,07312140175189;2,20302561562147;2,49796045922382;0,0685453447758359;2,08373070179924;0,941033725187562;1,19879236653129;11,9394084539615;13,4781503845031;120,103598456284;2,93594346270509;0,0767851135553388;5,56068219528981;0,391694799942918;0;0
OVCAR-8 R1;bayesynergy;2.5.1;Bayesian;38;PASS;Sorafenib (Nexavar);Trametinib (GSK1120212);1,46181220455276;1,46181220455276;1,71538417441444;1,76559378608985;0,0469469321362351;1,53172296408326;0,852177737416615;1,15269270140142;8,55667456259828;0,160497782059976;0,160497782059976;0,237887228778062;0,415334597275213;0,016547377704633;0,582337243258119;0,674680111599068;0,713220049178819;4,49230654533402;5167,4549601733;15,1064971510352;0,911989555321957;0,0533790031371659;11,340241861413;0,140704379196825;0;0
OVCAR-8 R1;bayesynergy;2.5.1;Bayesian;39;PASS;Alpelisib (BYL719);Trametinib (GSK1120212);1,43529358822822;1,43529358822822;1,77889405047112;1,90339871729903;0,0485018876198111;1,83333224312392;0,806846022025931;1,0382258671561;10,3279461521228;0,554275119341195;0,554275119341195;0,815740937697472;1,04645103385205;0,0318496339328232;1,30494033481656;0,67947444308202;0,801914850765303;8,97168836804043;2634,2402328883;17,5210188573967;1,40453260845928;0,0737491914098618;28,673310057755;0,221155507931033;0;0
OVCAR-8 R1;bayesynergy;2.5.1;Bayesian;40;PASS;Carboplatin (NSC 241240);Entrektinib (RXDX-101);1,43131617429485;1,43131617429485;2,06033911457955;2,27211613181064;0,0689105388386899;2,52469623699483;0,694699316324408;0,899962855036358;15,4058842039557;0,0650146408911363;0,0650146408911363;0,0963679567870598;0,50586540268303;0,0205038720222625;0,936457981069377;0,674649988012057;0,540190177145335;8,50293661287535;23364,2020109252;3997,27051615674;1,77573031742714;0,111234060907899;59,6027781659279;0,393920833946719;0;0
OVCAR-8 R1;bayesynergy;2.5.1;Bayesian;41;PASS;Paclitaxel (NSC 125973);Tamoxifen (ICI 46474);1,41812369690808;1,41812369690808;1,6341374969082;1,76677042057684;0,0417780947621265;1,64543408613093;0,867811735298393;1,0737502715158;10,9582307547998;0,602003182750913;0,602003182750913;0,888990219012052;1,11678500236821;0,036882517355976;1,3721587922006;0,677176384932478;0,813889040186934;8,95698270756688;13,1799095943002;16149,0892986313;1,4710567711599;0,0691344016875941;32,6817573630284;0,208815910429023;0;0
OVCAR-8 R1;bayesynergy;2.5.1;Bayesian;42;PASS;Niraparib (MK-4827);Vinorelbine ditartrate (Navelbine);1,41790704156468;1,41790704156468;1,40644555798569;1,69921037443631;0,0358323692294679;1,35960343827779;1,00814925505926;1,2497905599018;8,63160045607136;8,94744033866653;8,94744033866653;2,61132509291981;9,04695329913738;0,063285175892365;2,73754915710114;3,42639848363809;3,30476377955435;20,7592725431748;7446,1637054745;289,276210938785;215,180874709893;0,0730178851004114;3,57031789513476;0,888144143861447;0;0
OVCAR-8 R1;bayesynergy;2.5.1;Bayesian;43;PASS;Navitoclax (ABT-263);Niraparib (MK-4827);1,41645310333204;1,41645310333204;1,98088157391872;1,96654765288031;0,0593295349150254;1,98332217112264;0,71506198148429;0,991554049400491;10,8619705398433;1,04122707434823;1,04122707434823;1,49411051345448;1,54161279117019;0,0445285182200767;1,68727208362874;0,696887589620693;0,913671722615545;10,6516689438846;18080,7734085757;9031,19579419102;1,3455158523127;0,0724293382688841;26,7760048561182;0,313026318570946;0;0
OVCAR-8 R1;bayesynergy;2.5.1;Bayesian;44;PASS;Tamoxifen (ICI 46474);Trametinib (GSK1120212);1,41117849484022;1,41117849484022;1,41125597124612;1,65908801205016;0,0564275111083496;1,43024987416177;0,999945101096135;1,16000922861111;9,00299422447616;2,22127852680179;2,22127852680179;1,81961085848789;2,40933817330151;0,0574045202228669;1,75121612875751;1,22074371915306;1,37580857881371;11,8615933724688;15739,9622572629;14,9128323676332;2,41022984104825;0,0527645124768121;13,8196896148126;0,269262130220257;0;0
OVCAR-8 R1;bayesynergy;2.5.1;Bayesian;45;PASS;Nutlin-3a;Olaparib (AZD2281);1,32940440777212;1,32940440777212;1,97085974657637;3,04568515385681;0,216619156903594;3,64652075974796;0,674530194287775;0,835237273111151;15,8743137563093;0,201673321397992;0,201673321397992;0,298955967426552;0,771480511320763;0,0361117618999732;1,24652177652674;0,674592058268713;0,618906565331245;10,28939892956;19795,1100202779;20095,5324187483;1,68072150335705;0,0636027798126747;17,9418168903905;0,711206178279237;0;0
OVCAR-8 R1;bayesynergy;2.5.1;Bayesian;46;PASS;Cucurbitacin I (JSI-124);Trametinib (GSK1120212);1,28603034017251;1,28603034017251;1,51099636695818;1,63805977386528;0,0475842632420551;1,49645543667221;0,851114118005094;1,09463422676025;8,84522888985272;0,83969252662481;0,83969252662481;1,13063755947701;1,19108975369011;0,0353242744444536;1,2621176363519;0,742671707291611;0,943723246854319;8,20708482262737;153,870735262351;15,4437489214048;1,34959210864406;0,0593991073929847;15,7278027581327;0,226411263647875;0;0
OVCAR-8 R1;bayesynergy;2.5.1;Bayesian;47;PASS;Cobimetinib;Trametinib (GSK1120212);1,21363451858836;1,21363451858836;1,05226349318701;1,39721799122575;0,0330728489815745;1,09131052244436;1,15335609991809;1,2803158935403;8,45464226085241;9,1786529284202;9,1786529284202;2,25766725913779;9,25295566809508;0,0574007172824607;2,33632841857271;4,0655472551458;3,96046873998469;18,6671228588366;532,328749953149;16,6616220359532;219,30917567349;0,0628901875812608;3,18593171934614;0,915721570923265;0;0
OVCAR-8 R1;bayesynergy;2.5.1;Bayesian;48;PASS;AZD8055;Paclitaxel (NSC 125973);1,17362996643491;1,17362996643491;1,38586721843571;1,45686462393913;0,0446691427007652;1,33225303850515;0,846855998051271;1,09354666745838;7,61706278499781;4,07053109889112;4,07053109889112;2,60139283467217;4,0690641275046;0,0933048477885214;2,47076907546725;1,56475063844177;1,64688159970397;14,6387010757254;141,32055211222;11,9417995389457;3,44778423718618;0,0668608437534726;18,2486365005557;0,329615929648313;0;0
OVCAR-8 R1;bayesynergy;2.5.1;Bayesian;49;PASS;Adavosertib (MK-1775);Niraparib (MK-4827);1,17303787948538;1,17303787948538;1,66445021855389;1,7021723279043;0,0440617615313922;1,77295707877595;0,704759966029229;0,960085334526251;10,641058433169;0,104450860912899;0,104450860912899;0,154821781757837;0,491545645467041;0,017750589660329;0,826882022824054;0,674652233858632;0,594456805081169;6,18593362667994;527,793137402195;7214,60547552475;1,32525112917378;0,0769822142182987;14,7978997256296;0,208208157606445;0;0
OVCAR-8 R1;bayesynergy;2.5.1;Bayesian;50;PASS;Carboplatin (NSC 241240);Niclosamide (BAY2353);1,16977750448968;1,16977750448968;1,48551676053622;1,55459784681966;0,0403551980751263;1,49888135170206;0,787454935255951;1,03718155815341;8,77048887871873;0,0576262399012949;0,0576262399012949;0,0854067571511598;0,380700595301458;0,0166589683748709;0,693206923304178;0,674726939922369;0,54918752612401;5,81925790638261;26115,1378004657;2465,11883033974;1,09322371848209;0,0720797866611222;13,2251737057007;0,274763209851384;0;0
OVCAR-8 R1;bayesynergy;2.5.1;Bayesian;51;PASS;MK-2206 2HCl;Trametinib (GSK1120212);1,13706543141617;1,13706543141617;1,46104074112549;1,5904613055964;0,0409770891810184;1,51984441577939;0,778257169297177;1,04647011886585;8,38996345571933;0,293641097759429;0,293641097759429;0,435273563133036;0,729429217300026;0,0279939330864873;1,02811207303131;0,674612755357443;0,70948414714104;7,30270976388312;3757,01498796234;17,4207820851902;1,01416940562336;0,0692658957028183;57,5682762136006;0,151855852516022;0;0
OVCAR-8 R1;bayesynergy;2.5.1;Bayesian;52;PASS;Metformin;Paclitaxel (NSC 125973);1,09621137323476;1,09621137323476;1,52392602555202;1,6405439307013;0,0433146690462076;1,78387584646419;0,719333717552118;0,919662029346889;12,3165543499983;0,296597591627817;0,296597591627817;0,439652715324938;0,798395807854871;0,0278938584726614;1,13562093991709;0,674617900195629;0,703047803885299;9,13353395851632;2761922,07014636;14,8955392687829;1,07870853115902;0,0817537096490755;19,8072263324435;0,169693341752215;0;0
OVCAR-8 R1;bayesynergy;2.5.1;Bayesian;53;PASS;Flavopiridol (L86-8275) HCl;Trametinib (GSK1120212);1,05929120164926;1,05929120164926;0,739448553809794;1,12009444273571;0,0201681239574494;0,733949503868787;1,43254212371039;1,52612455925256;4,70758983597414;4,70116195639515;4,70116195639515;1,49258834630638;4,66945194923145;0,0552784955964499;1,58795387301895;3,14967081716055;2,9405463398972;10,0528474054924;81,154682907846;16,1836176884014;19,8379329073047;0,0499313672476199;2,17380529634217;0,640976293038905;0;0
OVCAR-8 R1;bayesynergy;2.5.1;Bayesian;54;PASS;Selpercatinib (LOXO-292);Trametinib (GSK1120212);1,02794994307041;1,02794994307041;1,45105052772895;1,64468406926021;0,0521389570508244;1,7583548205185;0,708417745231283;0,935364302971804;9,16253716339906;0,298765218988203;0,298765218988203;0,442856729507885;0,736645209218643;0,0239561706474696;1,00142749745613;0,674631769331357;0,73559514901468;6,53397561103082;17902,5326777963;14,6234379027766;0,945076564146629;0,0662638344542816;41,538943339765;0,14641102018923;0;0
OVCAR-8 R1;bayesynergy;2.5.1;Bayesian;55;PASS;Alectinib (CH5424802);Paclitaxel (NSC 125973);1,0244888947712;1,0244888947712;1,4124141009245;1,59543521877;0,0512082027942459;1,81276714065687;0,725345983235806;0,880121716277948;12,2032668486675;1,14857824227146;1,14857824227146;1,61930037828279;1,86276642608703;0,0615105227919627;2,10072163494399;0,709305239272216;0,88672692045498;12,0269468724071;26379,4804403995;13,1694043303964;1,09692564431902;0,0796976054442721;17,919516154299;0,303990552574467;0;0
OVCAR-8 R1;bayesynergy;2.5.1;Bayesian;56;PASS;Niclosamide (BAY2353);Niraparib (MK-4827);0,991226066500628;0,991226066500628;1,37822537041251;1,49014401539555;0,0369622525046538;1,588580368709;0,719204629213831;0,938045783351376;10,0099013992045;0,0734704710548548;0,0734704710548548;0,1088925102092;0,398408965629398;0,0157261426185146;0,681602625573012;0,674706377084209;0,584517944446681;4,96021187538538;2439,68933617315;7831,74269823806;1,2310219691929;0,0652875373039024;22,4855124601754;0,167944605481493;0;0
OVCAR-8 R1;bayesynergy;2.5.1;Bayesian;57;PASS;Fludarabine (Fludara);Trametinib (GSK1120212);0,980342817403201;0,980342817403201;1,4276788088846;1,57531431529091;0,0531464483358689;1,67523615986149;0,686669026186017;0,940365952049254;7,95734742815027;0,812522576650332;0,812522576650332;1,17192097236032;1,33892597992793;0,0450202823187098;1,53466520240091;0,693325399761267;0,872454772437175;11,5606838614479;9590,49257979386;16,9118800105721;1,12134726756542;0,0684368063789041;18,5367727112544;0,211609471314743;0;0
OVCAR-8 R1;bayesynergy;2.5.1;Bayesian;58;PASS;Paclitaxel (NSC 125973);Selumetinib (AZD6244);0,972192505135673;0,972192505135673;1,27722062919868;1,36714375570239;0,0376149423925076;1,40687715505676;0,761178204384018;0,97177185790677;9,67509969714821;1,49600959982518;1,49600959982518;1,96102201317593;2,12783578571943;0,0657845613264127;2,13767795279764;0,762872415390358;0,995395860697664;11,1245315929698;13,8809639729811;3433,08462384949;1,36765787274198;0,0844232026045831;10,0252209349555;0,201865183414173;0;0
OVCAR-8 R1;bayesynergy;2.5.1;Bayesian;59;PASS;Gedatolisib (PKI-587);Trametinib (GSK1120212);0,938981449479878;0,938981449479878;1,21807170648376;1,36249746587847;0,035751492140559;1,39503011463037;0,770875347060197;0,97668735975958;8,5090593225167;0,154039012898128;0,154039012898128;0,228315595729967;0,451117134850808;0,0159237049881092;0,698652674877642;0,674675824950268;0,645695852992782;5,34784364468724;587,252261431918;15,3886473422135;0,753936157542212;0,059320671146242;33,7325811018398;0,0788137411978094;0;0
OVCAR-8 R1;bayesynergy;2.5.1;Bayesian;60;PASS;Cobimetinib;Paclitaxel (NSC 125973);0,922819615939957;0,922819615939957;1,24240014778202;1,37859543088601;0,0356108819886504;1,48313231419812;0,742771656609512;0,929525871969203;10,1774533496279;0,600256578715052;0,600256578715052;0,864291602344928;1,07379812177979;0,0321725576047063;1,30950299657306;0,694507012548176;0,82000432575557;8,31624297222176;486,84468482089;12,9652320041905;0,884643725681516;0,0808373250607744;16,7601211194755;0,148723495449101;0;0
OVCAR-8 R1;bayesynergy;2.5.1;Bayesian;61;PASS;Niraparib (MK-4827);Panobinostat (LBH589);0,918137756484298;0,918137756484298;1,35306423007239;1,95630001787372;0,116212311214603;2,64244953393225;0,678561842134558;0,740343550369572;16,8986974813152;0,455949891914543;0,455949891914543;0,675852227581636;0,89523722728634;0,0315550246399257;1,1769594152664;0,674629561473879;0,760635596838917;8,21674500172438;8548,82863688123;106,999134614968;1,33210386863051;0,0708564189728924;71,6192940013337;0,28600579300788;0;0
OVCAR-8 R1;bayesynergy;2.5.1;Bayesian;62;PASS;MK-2206 2HCl;Paclitaxel (NSC 125973);0,904646524293419;0,904646524293419;1,27147756467819;1,40930708695384;0,0348023704565903;1,54034821478979;0,711492321551411;0,914939660110842;10,478642321941;0,759931180101647;0,759931180101647;1,09066746136806;1,33669950492781;0,0411238394961403;1,58678681315856;0,696757909279187;0,842393882935702;9,66007124699206;3942,45362913429;13,730847098271;1,04538212335637;0,089697219935065;23,7594074429049;0,162781426051723;0;0
OVCAR-8 R1;bayesynergy;2.5.1;Bayesian;63;PASS;Paclitaxel (NSC 125973);Volasertib (BI 6727);0,892150393280889;0,892150393280889;1,16322884046835;1,28446178811261;0,0351336822167776;1,3405597368944;0,766960345413788;0,958163929352964;9,7500499216757;0,747944929003338;0,747944929003338;1,09172333295293;1,37384702456315;0,0533200185670209;1,66029760300853;0,685104830525394;0,827470341506052;11,8680100147678;13,2976589451069;739,22626729436;1,23039812588393;0,0831560500839017;23,2064562832866;0,182585801864367;0;0
OVCAR-8 R1;bayesynergy;2.5.1;Bayesian;64;PASS;Alectinib (CH5424802);Niraparib (MK-4827);0,890685694411566;0,890685694411566;1,31992993462658;1,60993600853857;0,0489482077042177;1,90584488325912;0,674797707852237;0,844749141872366;12,5452165285982;0,0483102344853813;0,0483102344853813;0,0716069972160594;0,483514893727738;0,0194529264667875;0,887087003012701;0,674658013372842;0,545059156639245;7,34017343457535;24881,4733068258;7606,06766263993;1,01856956856881;0,064528665843288;19,0827924921991;0,162272609382771;0;0
OVCAR-8 R1;bayesynergy;2.5.1;Bayesian;65;PASS;Olaparib (AZD2281);Trametinib (GSK1120212);0,862984051401274;0,862984051401274;1,19513673707649;1,35169582487248;0,0374450701345298;1,46737537684043;0,722079762615515;0,921176459616202;8,62952840449738;0,165430311695122;0,165430311695122;0,245213038517455;0,542787684953905;0,0197617763246209;0,835401529890745;0,674639132956814;0,649732692044377;9,38882269922421;20382,5475943624;14,3821125032588;0,678796921792153;0,0565265697700028;22,1431045413473;0,0981953209421247;0;0
OVCAR-8 R1;bayesynergy;2.5.1;Bayesian;66;PASS;Trametinib (GSK1120212);Vemurafenib (PLX4032);0,84126916743146;0,84126916743146;1,12365353409828;1,07540705754168;0,0357431652448562;1,07946907002098;0,748690892612701;0,996265764208675;8,7221356797732;3,8505479035892;3,8505479035892;2,30316665233295;4,00848028879687;0,0603327646132094;2,25395070339485;1,67184945114104;1,77842411671177;14,3381279325408;19,98672621221;13667877,5128141;6,34102455810874;0,067046280074781;16,4844192277878;0,539502278625547;0;0
OVCAR-8 R1;bayesynergy;2.5.1;Bayesian;67;PASS;Panobinostat (LBH589);Trametinib (GSK1120212);0,840508768200072;0,840508768200072;1,17673056245607;1,24135464138509;0,0421553654822209;1,30010258271775;0,714274613931812;0,954828688285828;7,30836731556499;0,727251411135544;0,727251411135544;0,974274072455017;1,11343079561518;0,0316907524820662;1,20203577051451;0,746454649360611;0,926287572239716;8,88416235780726;113,231224348204;16,4781746425031;1,26093339222712;0,0580500067849302;14,7750609433038;0,166599231063316;0;0
OVCAR-8 R1;bayesynergy;2.5.1;Bayesian;68;PASS;Luminespib (NVP-AUY922);Paclitaxel (NSC 125973);0,828367170440356;0,828367170440356;1,20562621239446;1,3456417727323;0,0430701508125915;1,51615222035348;0,687084572253251;0,887552543720622;9,81789248165879;1,15212183521336;1,15212183521336;1,60979557684655;1,96406959734042;0,0693285692591643;2,24015785824031;0,715694496732481;0,876754997472918;12,5040614064761;13,9491547466093;13,0670800521728;1,41310855948241;0,0873751877438517;20,7408327163279;0,209618397803532;0;0
OVCAR-8 R1;bayesynergy;2.5.1;Bayesian;69;PASS;Olaparib (AZD2281);Paclitaxel (NSC 125973);0,821483335249699;0,821483335249699;1,17759984580479;1,33369406463734;0,0353383923522264;1,52270296902086;0,697591238803439;0,875885335350598;10,0047871368255;0,302365266629901;0,302365266629901;0,448196670419167;0,849064665030466;0,0290553265082575;1,2325457967541;0,674626311585761;0,688870683155523;8,27812132294084;23118,0814184489;14,3913040132051;0,923560756726173;0,0702674128729743;47,2649035019491;0,117522430681042;0;0
OVCAR-8 R1;bayesynergy;2.5.1;Bayesian;70;PASS;Erlotinib;Niraparib (MK-4827);0,817038050654874;0,817038050654874;1,18997401972187;1,41176913860525;0,0396666937912852;1,63663307647465;0,686601587189136;0,862617327626497;9,54078244287971;0,139502245328049;0,139502245328049;0,20678153909653;0,554152939088885;0,0203809889804187;0,901070013132213;0,6746358787035;0,614994318990365;6,69052373205765;5610,08954527305;7559,74281363603;0,937674253245982;0,0587199159407523;21,4382888087565;0,170549343142523;0;0
OVCAR-8 R1;bayesynergy;2.5.1;Bayesian;71;PASS;Olaparib (AZD2281);Temsirolimus (CCI-779);0,801148278287076;0,801148278287076;1,11810878668557;1,32277522959589;0,0375697401580928;1,50479028659745;0,71652086793981;0,879053999594184;8,19689178939399;0,273288960874675;0,273288960874675;0,405097717555868;0,704145633221127;0,0226440900488339;1,01132286921077;0,674624785653069;0,696261950222325;7,13668305646688;28395,8290084574;22,0815180027515;0,923948503964908;0,0597460849605288;13,0063072020669;0,152890223003644;0;0
OVCAR-8 R1;bayesynergy;2.5.1;Bayesian;72;PASS;Carboplatin (NSC 241240);Navitoclax (ABT-263);0,796883238965193;0,796883238965193;1,18132782487432;1,57779240469318;0,0479278224899031;1,95046272305121;0,67456570664453;0,808946165909874;13,1775456789998;0,311729116191386;0,311729116191386;0,4621050017992;0,936149270013392;0,0516931751671245;1,40700811329597;0,674585029328125;0,665347456895916;12,148149397128;25599,090404846;6520,29594753473;0,779824411572984;0,0789130677560485;15,886853790506;0,228314188242503;0;0
OVCAR-8 R1;bayesynergy;2.5.1;Bayesian;73;PASS;Adavosertib (MK-1775);Olaparib (AZD2281);0,795683249657671;0,795683249657671;1,17954763910491;1,63483711001574;0,0673942571572228;1,99124738380735;0,674566438250403;0,821023187510496;11,1313961248358;0,527499835732749;0,527499835732749;0,781959110441469;1,10592894169685;0,0333997541063418;1,41638706788055;0,674587492733398;0,780809827183567;12,0504702447586;542,637461977753;22003,8368163865;1,15624835063812;0,0788052280428149;12,2153035770908;0,283663674232787;0;0
OVCAR-8 R1;bayesynergy;2.5.1;Bayesian;74;PASS;Lapatinib Ditosylate (Tykerb);Paclitaxel (NSC 125973);0,783711188598038;0,783711188598038;1,15335394300953;1,3497113001184;0,0528267217351572;1,52966345824247;0,679506229070534;0,882375213188731;10,5355504752554;1,52774075585691;1,52774075585691;1,70726742794549;1,97577678637017;0,0490199750411452;1,85987103140567;0,894845605820158;1,06231924311274;10,1048166419532;6102,15439815709;11,8399317970113;1,4337769507185;0,0787384778833388;16,823867881022;0,20145513615249;0;0
OVCAR-8 R1;bayesynergy;2.5.1;Bayesian;75;PASS;Dexamethasone;Olaparib (AZD2281);0,768212395273509;0,768212395273509;1,13344070553763;1,34879485581621;0,0406054816911444;1,5724109730873;0,677770254341732;0,857802053888725;10,3086773891275;0,25604356379476;0,25604356379476;0,379554615715083;0,813599391759307;0,0254356012703255;1,17427892912051;0,674589514113463;0,69285020073439;7,4007187987747;26,3334112998237;41579,0685290103;1,39885693653174;0,055305616880905;27,5372187794223;0,273371437414268;0;0
OVCAR-8 R1;bayesynergy;2.5.1;Bayesian;76;PASS;Binimetinib (MEK162);Olaparib (AZD2281);0,764982377583051;0,764982377583051;1,11046291774165;1,32391806085335;0,0347737354865681;1,55040158785096;0,688886018039035;0,853931274429606;11,2560632462511;0,210206159022867;0,210206159022867;0,311582976994232;0,674848664256024;0,0235345693276026;1,01149311389532;0,674639420454471;0,667180680703937;6,74609025653886;890,002865436033;36255,0505320451;0,928829205453896;0,0620909763465188;14,6895014575803;0,12191838456514;0;0
OVCAR-8 R1;bayesynergy;2.5.1;Bayesian;77;PASS;Gedatolisib (PKI-587);Paclitaxel (NSC 125973);0,75387933416571;0,75387933416571;1,07713083439028;1,19596475887616;0,0370119689857157;1,31493631864375;0,699895788047377;0,909538227409049;8,21336946706381;1,70215951838081;1,70215951838081;2,07610799289854;2,14900002330298;0,057709499286466;1,98785891973527;0,819880046800624;1,08106264582859;11,8801227620186;901,108909156957;10,9711075069858;1,33434390071379;0,0765597080321212;8,91701880088755;0,210016564215976;0;0
OVCAR-8 R1;bayesynergy;2.5.1;Bayesian;78;PASS;Paclitaxel (NSC 125973);Vinorelbine ditartrate (Navelbine);0,747073603213847;0,747073603213847;0,955353005936469;1,10109361064035;0,0374262566442149;1,20070860649907;0,781986970859573;0,917055576279675;11,2186700890541;11,6545797714935;11,6545797714935;3,56684927976119;11,4107488722419;0,139800512031491;3,65420676509752;3,267471893927;3,12263361264325;25,4999546316054;12,833237394534;292,587463325817;45,2239429170767;0,0796256969334185;22,9240324911716;1,18791339204927;0;0
OVCAR-8 R1;bayesynergy;2.5.1;Bayesian;79;PASS;Palbociclib;Trametinib (GSK1120212);0,729760048770326;0,729760048770326;0,993479989710831;1,07244194082738;0,0383160791376327;1,17876671354236;0,734549317880811;0,909814916476493;9,44327790270061;1,34269409622146;1,34269409622146;1,71599352965672;1,80288254772694;0,049791016214822;1,7825340774042;0,782458717364781;1,0114154733874;12,8648796407085;11486,4150840495;16,4579798787585;1,2928523151601;0,067429539168778;10,7393611756071;0,264016633720719;0;0
OVCAR-8 R1;bayesynergy;2.5.1;Bayesian;80;PASS;Olaparib (AZD2281);Panobinostat (LBH589);0,706085824786695;0,706085824786695;1,02597661673194;1,2595903975929;0,0374218867202095;1,5331885116126;0,688208496442933;0,821560964378526;11,3921326829043;0,627266724788493;0,627266724788493;0,929876494408505;1,29074068222435;0,0474372339261428;1,61320618183343;0,674569933276459;0,800108936327908;12,6593215018601;24117,5327480502;117,902255923549;1,33013351811752;0,0649790177017031;32,8137501331853;0,360962366823635;0;0
OVCAR-8 R1;bayesynergy;2.5.1;Bayesian;81;PASS;Entrektinib (RXDX-101);Olaparib (AZD2281);0,693241526355847;0,693241526355847;1,02764317041972;1,37443187655081;0,0484259487535997;1,70827729707579;0,674593619955363;0,80458512849694;11,1395002784354;0,412325486587335;0,412325486587335;0,611218142958904;1,08288213973012;0,0423304935169815;1,49711540628074;0,674596281764918;0,723312401426892;14,4644135766479;4258,71295105855;19360,1037959261;1,66589245477666;0,0842326719414786;10,4039626736156;0,382648970016643;0;0
OVCAR-8 R1;bayesynergy;2.5.1;Bayesian;82;PASS;Defactinib (VS-6063, PF-04554878);Paclitaxel (NSC 125973);0,683355920256695;0,683355920256695;1,01306281885419;1,41857180808467;0,0521271642810403;1,79232127069382;0,674544468061316;0,791493886298228;13,2173415209751;5,2556558336164;5,2556558336164;4,76503820501737;5,71833496264297;0,121469183379222;4,18692775286489;1,10296195066861;1,36575916762123;22,1272059001081;18391,4462376608;14,7734539116954;3,28340634956545;0,102066230252945;12,1115066955607;0,576675075692389;0;0
OVCAR-8 R1;bayesynergy;2.5.1;Bayesian;83;PASS;Cobimetinib;Olaparib (AZD2281);0,67562942211564;0,67562942211564;0,994747605212544;1,16087708857004;0,0381124599804142;1,36292911230758;0,679196832015777;0,851770422951885;10,1599849624049;4,09079162329231;4,09079162329231;3,04421594965602;4,34882994873946;0,081385214540872;2,93526805295664;1,3437915348136;1,48157846925052;16,6566680828483;553,529787731924;23918,8779872227;2,67690292266314;0,0765303546285203;9,25650875314839;0,379403909600654;0;0
OVCAR-8 R1;bayesynergy;2.5.1;Bayesian;84;PASS;Adavosertib (MK-1775);Carboplatin (NSC 241240);0,662444817948445;0,662444817948445;0,98181456997922;1,30458220181562;0,036067020077775;1,65157565241013;0,674714796667221;0,789915362674326;11,2183665446193;0,0965411207961878;0,0965411207961878;0,143089934534718;0,553336756133611;0,0230648149360362;0,973842333783604;0,674688412641381;0,568199529777853;9,1237755506383;544,456801809245;25309,931137627;1,07743942064227;0,081628264363188;18,2908738890954;0,185999815515233;0;0
OVCAR-8 R1;bayesynergy;2.5.1;Bayesian;85;PASS;Luminespib (NVP-AUY922);Trametinib (GSK1120212);0,648011173026774;0,648011173026774;0,892843336145656;1,00423132014695;0,0286325618555936;1,10510139645666;0,725783736959044;0,908738336381388;7,92974365836486;0,405953252548165;0,405953252548165;0,601721885577113;0,79551479661704;0,0285253254039359;0,986305226306755;0,674652629858749;0,80656045958092;6,54554164037617;14,0700125431691;15,3282269161116;0,932345104371808;0,0591009701624995;16,2253148397218;0,0996017985696645;0;0
OVCAR-8 R1;bayesynergy;2.5.1;Bayesian;86;PASS;Everolimus (RAD001);Trametinib (GSK1120212);0,644216384727582;0,644216384727582;0,926199258192994;1,14379336689843;0,0372014950109127;1,31425340618408;0,695548370427809;0,870313194360142;9,40068502492742;0,499797138341208;0,499797138341208;0,712372734118387;0,894060181367084;0,0261305309374808;1,10796092558639;0,701594985888593;0,806941978476273;9,9412524564722;8,74225854646806;15,337731131513;0,718145764638645;0,0713530076345737;15,7366242229184;0,0850150675477243;0;0
OVCAR-8 R1;bayesynergy;2.5.1;Bayesian;87;PASS;Olaparib (AZD2281);Cucurbitacin I (JSI-124);0,626330427247383;0,626330427247383;0,924351984868325;1,40116319918932;0,07189760021173;1,89220385126814;0,677588664816471;0,740503435369771;12,8664691912598;0,792573699012553;0,792573699012553;1,17203063691578;1,5124770100773;0,0498110545649198;1,81780949377196;0,676239744976481;0,832032737896481;14,9992178697495;92417,5768293213;125,19101246542;1,4920181060704;0,0713497262703328;14,1388710789495;0,46565703092624;0;0
OVCAR-8 R1;bayesynergy;2.5.1;Bayesian;88;PASS;Quinacrine;Trametinib (GSK1120212);0,605006106972419;0,605006106972419;0,876310422275207;1,07858488678415;0,0321463400001161;1,31754943301696;0,690401587831869;0,818645075039213;8,59457632063354;0,20173177866264;0,20173177866264;0,299022499038567;0,65574367062691;0,022057685470416;0,99909090118092;0,674637458088466;0,656340348862976;6,39106606697829;12423,3416250994;17,2145426761858;0,634430120860999;0,0687864118078658;15,3966201768487;0,100067023682307;0;0
OVCAR-8 R1;bayesynergy;2.5.1;Bayesian;89;PASS;Crizotinib (PF-02341066);Trametinib (GSK1120212);0,582886972512959;0,582886972512959;0,853267143766897;0,931993522040791;0,030922040939042;1,07163063271676;0,683123658013717;0,869721713265263;7,00303729109718;2,52251661255517;2,52251661255517;2,39524910293533;2,71356355341879;0,07636479938868;2,06373092274255;1,05313330854143;1,31488244107554;10,4291498806736;5788,2393774281;18,7255914532994;1,76065581165748;0,0693251987795682;34,2777893447018;0,282090221412804;0;0
OVCAR-8 R1;bayesynergy;2.5.1;Bayesian;90;PASS;Carboplatin (NSC 241240);Vinorelbine ditartrate (Navelbine);0,578264362028626;0,578264362028626;0,821509303547354;0,934386413763522;0,0286787609423533;1,08737990256614;0,70390482436611;0,859323803082349;8,88444158014623;7,22380440891845;7,22380440891845;3,36827669961291;7,16315001443485;0,145438062873613;3,44772911295064;2,14465884282863;2,07764292952368;17,9679560851837;28071,5674193373;252,339181172241;9,0466688029988;0,0811031080617755;4,33248449356743;1,05907865442777;0;0
OVCAR-8 R1;bayesynergy;2.5.1;Bayesian;91;PASS;Alpelisib (BYL719);Paclitaxel (NSC 125973);0,577467593167622;0,577467593167622;0,851761858574819;1,19626834224415;0,0388803017836728;1,52554106961603;0,677968363286248;0,784173278581464;12,3059669893295;0,5161140944531;0,5161140944531;0,764913596966145;1,0843444042201;0,0332850042391913;1,44096589513865;0,674735155055615;0,752512191911221;9,75374908318184;4095,36867445439;15,8351407711953;0,929736980309727;0,0922912809110367;20,0707742060939;0,119772148682513;0;0
OVCAR-8 R1;bayesynergy;2.5.1;Bayesian;92;PASS;Carboplatin (NSC 241240);Trametinib (GSK1120212);0,576798954430085;0,576798954430085;0,85484094786716;1,13338260783794;0,0360273321382849;1,40210388757029;0,674744180036305;0,808360391632017;10,3277760011486;0,494621642914068;0,494621642914068;0,733212239493443;1,1040043845838;0,0381197565348402;1,48445743885114;0,674595453092529;0,743709018318653;12,2908844554822;28028,9492336742;14,8566578669753;0,882599453735635;0,0748832940708564;23,0639596034451;0,120025790581393;0;0
OVCAR-8 R1;bayesynergy;2.5.1;Bayesian;93;PASS;Gemcitabine (LY-188011) HCl;Trametinib (GSK1120212);0,575765553987704;0,575765553987704;0,851093384447922;1,09830516566266;0,0390934523677192;1,35991136936573;0,676501033269322;0,807645944399238;8,06274892265667;1,20931835595588;1,20931835595588;1,7051535855103;1,96916044012441;0,054555162893763;2,17570393378143;0,70921374252277;0,905068198641325;13,4985796463202;126,202718885338;20,4065712671897;1,29027852760368;0,118287628218517;12,821799997007;0,214911658129963;0;0
OVCAR-8 R1;bayesynergy;2.5.1;Bayesian;94;PASS;Lapatinib Ditosylate (Tykerb);Niraparib (MK-4827);0,570581213211383;0,570581213211383;0,84580202350559;1,19259957500049;0,0389345402191616;1,51906710443351;0,674603745740048;0,785102277655508;10,0154319544911;0,286612788285083;0,286612788285083;0,42484542819307;0,696592725635544;0,0233445264164404;1,01830884240328;0,674628392505221;0,684068228251401;7,68539783296667;4516,57433910146;7590,91082846721;0,776119613461614;0,0719467747828609;38,9635907437374;0,107704735627079;0;0
OVCAR-8 R1;bayesynergy;2.5.1;Bayesian;95;PASS;Flunarizine 2HCl;Carboplatin (NSC 241240);0,563835851567854;0,563835851567854;0,835852245049945;1,43299917533721;0,0525204892489007;1,98120217402962;0,674564021221433;0,723313760606656;16,6431922865756;0,157095361886032;0,157095361886032;0,23286869463607;0,793136738200041;0,0316692271021842;1,35236469992626;0,674609191808899;0,58648139680316;9,8098625906053;32317,2344065267;31894,0485958045;1,51135514980376;0,0740938820519667;51,7045287331588;0,239999359296008;0;0
OVCAR-8 R1;bayesynergy;2.5.1;Bayesian;96;PASS;Afatinib (BIBW2992);Trametinib (GSK1120212);0,562916715829272;0,562916715829272;0,828466880659642;0,977177526469472;0,0317729880987703;1,15564026944281;0,67946797750209;0,845593535034857;7,52208128319134;2,47668876778378;2,47668876778378;2,53119776002743;2,84445077161191;0,0645071881464082;2,292382279774;0,978465138874389;1,2408274120372;12,6010338321268;3076,2066277171;19,7689717855833;1,97744501735482;0,0873124617560894;33,2835509375399;0,288417480772787;0;0
OVCAR-8 R1;bayesynergy;2.5.1;Bayesian;97;PASS;MK-2206 2HCl;Niraparib (MK-4827);0,54707044909141;0,54707044909141;0,810962028876993;1,22661892241393;0,0420000296829023;1,60601920159059;0,674594407149968;0,763778969627721;10,4361148247281;0,363118688683375;0,363118688683375;0,538268402279111;0,947575001931918;0,0313984220783637;1,36613947292752;0,674605247393074;0,693615125475692;14,2045603934937;3905,97279545152;7687,35358960355;0,873827567777078;0,0833147666900259;102,906517286215;0,145712491120113;0;0
OVCAR-8 R1;bayesynergy;2.5.1;Bayesian;98;PASS;Alectinib (CH5424802);Olaparib (AZD2281);0,544830659778842;0,544830659778842;0,807652683622509;1,19176413560922;0,0413325277345862;1,55615306926512;0,674585339499092;0,765856351394717;12,0387419721606;0,506382417023227;0,506382417023227;0,750684446211169;1,14831909277821;0,0356714440815606;1,50370757250892;0,674560955111065;0,763658515639617;10,2325337270471;22481,734861975;27215,5748511157;1,69286426188595;0,0631778406160836;9,72629766978341;0,350156542955146;0;0
OVCAR-8 R1;bayesynergy;2.5.1;Bayesian;99;PASS;Carboplatin (NSC 241240);Erlotinib;0,504169834768879;0,504169834768879;0,747348190160374;1,12405355358592;0,0347614244923697;1,5372239793626;0,674611702291925;0,731238316063654;12,2938817162706;0,198931333400102;0,198931333400102;0,294886444137433;0,679952590722625;0,0246863559698918;1,06071060606492;0,674603181512777;0,641034969231755;8,96087061994984;26745,8480537987;8060,93690465796;0,929360136660801;0,0774777513130485;12,8397997830696;0,155886811750775;0;0
OVCAR-8 R1;bayesynergy;2.5.1;Bayesian;100;PASS;Dasatinib (BMS-354825);Olaparib (AZD2281);0,503425161592988;0,503425161592988;0,746275531062927;1,20765403109998;0,046618315248854;1,61136770538183;0,674583502524804;0,749475913063764;11,1079688249464;0,779249476508902;0,779249476508902;1,12293921575875;1,31002049719707;0,0394929866813014;1,56298828082324;0,69393736150035;0,838151196186236;10,8293608850145;81,4706315963637;28178,9055332179;1,1015475381419;0,0789102694936239;17,4915330914951;0,136191004238877;0;0
OVCAR-8 R1;bayesynergy;2.5.1;Bayesian;101;PASS;Trametinib (GSK1120212);Vismodegib (GDC-0449);0,495377272392808;0,495377272392808;0,73174598888559;0,885586832306387;0,034301745907638;1,06009126890024;0,676979826219807;0,835410558375023;7,09487743058398;0,907542802797749;0,907542802797749;1,23167285994182;1,32805596462673;0,0448146043414645;1,42207769155065;0,736837542105635;0,93388425436771;9,29270394922726;17,0820871485691;46330,1066556828;0,90317975345827;0,059209407874549;15,0859730635852;0,149919477618165;0;1
OVCAR-8 R1;bayesynergy;2.5.1;Bayesian;102;PASS;Carboplatin (NSC 241240);Lapatinib Ditosylate (Tykerb);0,490974166632087;0,490974166632087;0,727263008472945;1,00652398116805;0,0309751965745325;1,25301490910371;0,675098500696467;0,803298320022041;7,63509599708245;0,269639305993898;0,269639305993898;0,399684248793549;0,761036337304131;0,0260470840183209;1,1178561128844;0,674630803710196;0,680799906653846;7,51133509675449;29473,5824956903;3803,45523418184;0,95296771001853;0,0816240981646812;20,1256655572042;0,190616042261324;0;0
OVCAR-8 R1;bayesynergy;2.5.1;Bayesian;103;PASS;Afatinib (BIBW2992);Olaparib (AZD2281);0,478303765246712;0,478303765246712;0,709072756445777;1,2646481042896;0,0660066657634856;1,67495281286643;0,674548219345228;0,755058651789351;11,7973093450669;5,46224067640856;5,46224067640856;3,44921915371754;5,54519687310625;0,113651490990219;3,39144913971818;1,58361659059019;1,63505234625663;17,6529675704757;3063,60202826007;11337,4505780387;5,69844048785793;0,0953262405911317;6,10974481474589;0,674818383635548;0;0
OVCAR-8 R1;bayesynergy;2.5.1;Bayesian;104;PASS;Mebendalzole;Trametinib (GSK1120212);0,476797747148983;0,476797747148983;0,69786910930898;0,968188277754801;0,0334459055800583;1,26222808988347;0,683219447298794;0,767061679973768;9,87656202683359;0,442118558681763;0,442118558681763;0,64981015972393;0,84893209736569;0,0253018520358475;1,08627707360017;0,680381111415056;0,781506042976801;8,89178051149181;532,481159862298;15,0389409591359;0,69001022171358;0,0706027381074897;16,5389858299427;0,0803168908844055;0;0
OVCAR-8 R1;bayesynergy;2.5.1;Bayesian;105;PASS;Dexamethasone;Trametinib (GSK1120212);0,465856883181829;0,465856883181829;0,687961525756482;0,912678658620588;0,0360255365164361;1,13958104582121;0,67715543055925;0,800908652841294;7,26208159540814;1,38829064079078;1,38829064079078;1,62142606797595;1,70324381849692;0,0495817132167575;1,51697025577063;0,8562158140974;1,12279315432699;8,8742065159333;432,99655726443;15,9629514795418;1,07376499641669;0,0533806708159859;25,7967879434017;0,162139415674512;0;0
OVCAR-8 R1;bayesynergy;2.5.1;Bayesian;106;PASS;Idasanutlin (RG-7388);Paclitaxel (NSC 125973);0,462442482423966;0,462442482423966;0,685506275173231;0,969080463636684;0,0270457225614754;1,22069437379238;0,67459992588267;0,793897995967326;7,01109429523861;0,537110402314826;0,537110402314826;0,796187545352007;1,09429511796617;0,0308630286251835;1,43639725061044;0,674602868947618;0,761833202828197;11,6896370088662;8582,47730820316;12,6344909612758;0,748106907324119;0,0775465228932201;34,7617177269952;0,104073879344683;0;0
OVCAR-8 R1;bayesynergy;2.5.1;Bayesian;107;PASS;Abemaciclib (LY2835219);Niraparib (MK-4827);0,450626802153593;0,450626802153593;0,668014375215073;1,2253043038479;0,0508402715065625;1,80249790977424;0,674576504447991;0,679797858507963;12,8760392045626;0,682328543537689;0,682328543537689;1,01149871453995;1,53531580466872;0,053558218407506;1,9842317064247;0,674571834575217;0,773758326559121;11,2938826685987;5433,12702066724;8452,98146041114;1,15866796723725;0,0883174773948101;11,8055488881433;0,258109433501392;0;0
OVCAR-8 R1;bayesynergy;2.5.1;Bayesian;108;PASS;Paclitaxel (NSC 125973);Pictilisib (GDC-0941);0,422769589885372;0,422769589885372;0,626670150009316;0,888975170939777;0,027985363706978;1,20247943816342;0,674628574345032;0,739304786276353;8,94788922329501;0,938297250073096;0,938297250073096;1,34144052135789;1,67054103688786;0,0457044084868978;1,99591180348166;0,69946988713543;0,836981390647511;12,0670400771625;12,8841242279593;993,750207909124;0,95150029504182;0,0927746422352488;24,0943593699316;0,186872707428615;0;0
OVCAR-8 R1;bayesynergy;2.5.1;Bayesian;109;PASS;Pertuzumab (anti-HER2);Trametinib (GSK1120212);0,414782375819215;0,414782375819215;0,614184723731802;0,856169044978525;0,0273237432023496;1,13877547413678;0,675338151198205;0,751852919540274;7,44298864002152;1,48560689863257;1,48560689863257;1,96890947576465;2,0490432088664;0,0570794164913857;2,07985492877081;0,754532860407721;0,985185639883734;13,5704024844795;157414,94984918;17,5671922032552;1,19107854441993;0,0729715582602241;20,9071070318769;0,179728138809591;1;0
OVCAR-8 R1;bayesynergy;2.5.1;Bayesian;110;PASS;Paclitaxel (NSC 125973);Pertuzumab (anti-HER2);0,401909024968786;0,401909024968786;0,595775210789096;0,938431271044659;0,0333794124361246;1,29955173693677;0,67459843526632;0,722141654341778;8,82542925744036;0,510743718042301;0,510743718042301;0,75709526736506;1,17563290077328;0,0346989241308839;1,61137111282144;0,674609576968901;0,729585439020809;12,9976607979419;15,1087916097646;3203206007,68685;0,666499769577672;0,0862528767146145;25,5360192749553;0,141962095246756;0;0
OVCAR-8 R1;bayesynergy;2.5.1;Bayesian;111;PASS;Everolimus (RAD001);Olaparib (AZD2281);0,398925927147182;0,398925927147182;0,59135039698034;1,02704234657092;0,0362705604754759;1,5077089511779;0,674601605383626;0,681214037133435;13,1400008268543;0,660111904883778;0,660111904883778;0,9646196716846;1,31443371343731;0,0341540246196474;1,6580248988795;0,684323494803881;0,792770792721879;12,2672172489379;15,5945914414716;31669,9070767091;0,910714406949039;0,0834801605661515;50,0323722004547;0,188433690422521;0;0
OVCAR-8 R1;bayesynergy;2.5.1;Bayesian;112;PASS;Binimetinib (MEK162);Carboplatin (NSC 241240);0,395308553872968;0,395308553872968;0,585963959520726;0,846748731751559;0,024192409807564;1,11741962454782;0,674629467307682;0,757793702769209;7,19621764852861;0,702004747984916;0,702004747984916;1,03528091532661;1,39166910867645;0,04602071753202;1,75557255045017;0,678081414997827;0,792715236017788;11,039296238655;1072,67018714526;19608,1203632191;0,986005364308095;0,0684800370491734;16,7915038435582;0,123441898486563;0;0
OVCAR-8 R1;bayesynergy;2.5.1;Bayesian;113;PASS;Trametinib (GSK1120212);Venetoclax (ABT-199);0,391343071643011;0,391343071643011;0,58008700572382;0,804108938647399;0,0307931145917501;1,07623154081252;0,674628232974641;0,747180781002501;7,32263182457354;1,50518234045543;1,50518234045543;1,9770506947902;2,11971555326638;0,059324808434091;2,12412143206484;0,761327134616122;0,997925787701237;11,3945814673236;16,6757973254853;2020905,08590253;1,01332323209238;0,0669813109829526;15,5019350901781;0,200370572136052;0;0
OVCAR-8 R1;bayesynergy;2.5.1;Bayesian;114;PASS;Niclosamide (BAY2353);Trametinib (GSK1120212);0,390492862778931;0,390492862778931;0,573474069932188;0,718363659901086;0,0221860167512413;0,85634668061712;0,680925055295186;0,838894193970899;5,29563444653457;0,600294520514443;0,600294520514443;0,868183087684524;0,983630502548104;0,0299216949873625;1,10108963475234;0,691437703670836;0,893324640885699;6,97231944119758;2551,27375707879;16,6388428017838;0,948550406862343;0,0524921034487407;22,9517638392057;0,0915875334425675;0;0
OVCAR-8 R1;bayesynergy;2.5.1;Bayesian;115;PASS;Binimetinib (MEK162);Paclitaxel (NSC 125973);0,388856635139358;0,388856635139358;0,576388665839078;0,837064838521249;0,0235266649251962;1,08621215616185;0,674643097940311;0,770650346772742;6,38324549761342;0,630297897274527;0,630297897274527;0,892876811577615;1,11370753706826;0,0298274603222657;1,31235914348616;0,705918094301116;0,848630150211624;8,20881166119521;292,380673480514;12,8766032475773;0,736927936339977;0,0728461184925766;21,9538728044799;0,0774053371951948;0;0
OVCAR-8 R1;bayesynergy;2.5.1;Bayesian;116;PASS;Lapatinib Ditosylate (Tykerb);Olaparib (AZD2281);0,388756717959806;0,388756717959806;0,576242832490927;0,863296274236879;0,0262776202584604;1,17422087051188;0,674640439828685;0,735228332639888;8,85269826717191;0,152462297762386;0,152462297762386;0,225980646917233;0,511389425086446;0,0179789696691846;0,808869705672517;0,674669711067012;0,632227194936497;6,73577773217099;3758,23804552157;31419,4951247155;0,874860922559222;0,0622249856304037;32,3478144093182;0,13006417549298;0;0
OVCAR-8 R1;bayesynergy;2.5.1;Bayesian;117;PASS;LJH-685;Trametinib (GSK1120212);0,378069735078731;0,378069735078731;0,560420826581594;0,885090861838546;0,0264285314124925;1,19430459556655;0,67461756798877;0,741114895746628;9,27614410234576;0,745661982004115;0,745661982004115;1,08848047221067;1,30515530985346;0,0354843433695793;1,56097161663581;0,685048561771343;0,836117259240314;11,6689609567214;53451,8227175022;17,9192978966201;0,869366496814004;0,0714175176751697;17,6410731502346;0,121078046816794;0;0
OVCAR-8 R1;bayesynergy;2.5.1;Bayesian;118;PASS;AZD7762;Trametinib (GSK1120212);0,373985384511733;0,373985384511733;0,553907831164986;0,787963005702434;0,0274422565422472;1,05214637141811;0,675176199847478;0,748931296009863;9,59849392708012;0,452648599848686;0,452648599848686;0,664557848167413;0,930025078589103;0,030672416434524;1,25008645441982;0,681127461058374;0,743968607371831;11,5151764038438;356,163232959228;15,7086793595977;0,88949001509322;0,0738247015790354;32,9281876958727;0,12240540660696;0;0
OVCAR-8 R1;bayesynergy;2.5.1;Bayesian;119;PASS;Carboplatin (NSC 241240);Venetoclax (ABT-199);0,373761615895032;0,373761615895032;0,554072916417992;1,2094097424251;0,0606429558432108;1,80099759402954;0,674571170724878;0,671540059692483;13,3558005496645;0,24498079370196;0,24498079370196;0,363165542910449;1,01776962026571;0,0419639094543827;1,664497446212;0,674570587668249;0,611457603964435;14,4112118655235;15758,2272032993;45581,5467483931;1,45577914359686;0,0887035951930402;12,9877325742527;0,301660130476095;0;1
OVCAR-8 R1;bayesynergy;2.5.1;Bayesian;120;PASS;AZD8055;Carboplatin (NSC 241240);0,372466576826884;0,372466576826884;0,552087402840409;0,841058070774571;0,0244522391596515;1,07951901442405;0,674651468065741;0,779126202504302;8,78238564745602;0,187589554447097;0,187589554447097;0,278030294154854;0,534927431932604;0,0171156962166966;0,819578988001182;0,674709045707859;0,652685634653962;6,47251532883644;136,177589970579;23134,7373709285;0,710960101519147;0,0563537873432959;18,4734738608956;0,100201720343042;0;0
OVCAR-8 R1;bayesynergy;2.5.1;Bayesian;121;PASS;Flunarizine 2HCl;Olaparib (AZD2281);0,36961920478088;0,36961920478088;0,547931400460867;1,01258316020077;0,0322843942726322;1,37174844883394;0,674572044000383;0,73819387475082;8,95788643256668;0,155532693920677;0,155532693920677;0,230545675302821;0,665834230202112;0,0255964059675388;1,10432115797493;0,674628546887232;0,602935319489029;8,20530819532002;24809,4630573185;16905,7480007945;1,3672163187795;0,0557489308608408;19,272759768056;0,221173526445177;0;0
OVCAR-8 R1;bayesynergy;2.5.1;Bayesian;122;PASS;Olaparib (AZD2281);Selumetinib (AZD6244);0,359045209822997;0,359045209822997;0,532240859227765;1,02599585129994;0,0332762916974748;1,45566799475634;0,674591594384429;0,704850081819981;9,67747187366986;0,437550447501193;0,437550447501193;0,648628913509299;1,21255708653256;0,0374690034428402;1,73350579531702;0,674577463921395;0,699482568681465;11,6475755933108;29585,8389407328;3725,90782513869;0,906505890021899;0,0784105943194909;38,2397548645767;0,13759839825528;0;0
OVCAR-8 R1;bayesynergy;2.5.1;Bayesian;123;PASS;Paclitaxel (NSC 125973);Simvastatin (MK 733);0,35844089315202;0,35844089315202;0,531332645368591;0,831289401167158;0,0296288204577893;1,11179315597405;0,674607322317577;0,747729409529014;7,62435128270999;1,55938772787446;1,55938772787446;2,13089878010825;2,34578241038467;0,07695131133598;2,47385254008281;0,731798123135274;0,948230491663076;17,900853530115;15,8010813700896;105390,192815634;1,20698856170443;0,0883762502741345;11,0385916165447;0,218032539883102;0;0
OVCAR-8 R1;bayesynergy;2.5.1;Bayesian;124;PASS;Gemcitabine (LY-188011) HCl;Olaparib (AZD2281);0,353309472260902;0,353309472260902;0,52375113581436;1,08791742372574;0,0377772213458242;1,62015987612507;0,67457509511947;0,671509390921134;12,5305279942944;0,592267898303192;0,592267898303192;0,87800340196526;1,44876387169819;0,0460584025547709;1,99571945630984;0,674562190735824;0,72593563545099;15,3928113646447;164,592920813378;10163,1463615964;1,03843167434136;0,117487824645463;24,939266067594;0,166374894402926;0;0
OVCAR-8 R1;bayesynergy;2.5.1;Bayesian;125;PASS;Dasatinib (BMS-354825);Paclitaxel (NSC 125973);0,35027181973065;0,35027181973065;0,519210550541059;0,758210068396658;0,0227503737782847;1,01015105231895;0,674623848389904;0,750614252380464;10,3309464224923;1,27571738021684;1,27571738021684;1,69208633533191;1,92306503811662;0,0623564581611245;2,00225720042699;0,753931613050115;0,960448556612265;10,7229461023888;160,138791208523;14,8530726895978;1,04225158653826;0,0849422119426239;19,7882687466816;0,13711942238124;0;0
OVCAR-8 R1;bayesynergy;2.5.1;Bayesian;126;PASS;AZD7762;Niraparib (MK-4827);0,344093781681355;0,344093781681355;0,510037555411021;0,722141404760598;0,0253785794115175;0,984321092459278;0,674644010094632;0,733674772512028;7,08716676782928;2,10805359019067;2,10805359019067;2,6019168760733;2,73926597907719;0,0796729203726121;2,59916781744223;0,810192519821023;1,05390116047714;13,7496250093564;381,036265759552;6857,44565537547;1,9589304590317;0,0873326346705481;9,5182012531066;0,416514219724562;0;0
OVCAR-8 R1;bayesynergy;2.5.1;Bayesian;127;PASS;Erlotinib;Olaparib (AZD2281);0,34403873734629;0,34403873734629;0,50997521190406;0,920403879898394;0,0277756333086845;1,27174942253584;0,674618548736467;0,723751751659303;7,6066227771348;0,249857931019683;0,249857931019683;0,37036589388095;0,675825069619508;0,022219167296509;1,0042763794457;0,674624567617441;0,672947291653444;8,61823575909245;11842,9455970071;25203,9563707785;0,797245584166585;0,0568390541980305;18,2228677877131;0,14563112313718;0;0
OVCAR-8 R1;bayesynergy;2.5.1;Bayesian;128;PASS;Dabrafenib ;Trametinib (GSK1120212);0,343837760884724;0,343837760884724;0,509681251780923;0,817566372001607;0,0271474377845807;1,0833802133536;0,67461331897787;0,754669605743803;6,60241182993507;1,27051260664593;1,27051260664593;1,61567242584236;1,65361482092391;0,0387732577186582;1,61808995216463;0,786367698256367;1,02195481698144;14,8634140230235;563865853,98286;16,4571737319121;1,42850222013709;0,0636479990534666;22,9410736140663;0,190577259315906;0;0
OVCAR-8 R1;bayesynergy;2.5.1;Bayesian;129;PASS;Cucurbitacin I (JSI-124);Paclitaxel (NSC 125973);0,34360940729664;0,34360940729664;0,50727138752897;0,722875778368476;0,0260223636888961;0,977896881630445;0,67736800407852;0,739236596724298;8,18940819603312;0,617385542694286;0,617385542694286;0,894217614773084;1,21964283823819;0,0374634907154201;1,49923158307412;0,690419795466625;0,813511969736759;10,2702760463502;202,44140495458;12,4439292846764;0,908677884060571;0,0785342058572701;31,8992382429937;0,122434916158127;0;0
OVCAR-8 R1;bayesynergy;2.5.1;Bayesian;130;PASS;Carboplatin (NSC 241240);Sorafenib (Nexavar);0,337902736693215;0,337902736693215;0,500899171009325;0,935398564426963;0,0343800913153239;1,3414019057006;0,674592325661734;0,697353888448935;11,4631545886068;0,164911235811017;0,164911235811017;0,244454968222902;0,677436738042034;0,0246472516257684;1,08930035679645;0,674607830676796;0,621900776783293;8,20659895818303;19536,9790987316;5117,18810816966;0,974751982470537;0,0758224486285249;17,2104416887632;0,181234425900334;0;0
OVCAR-8 R1;bayesynergy;2.5.1;Bayesian;131;PASS;Erlotinib;Paclitaxel (NSC 125973);0,332243026318842;0,332243026318842;0,492451833056002;0,780664564753199;0,0233697001817911;1,05673011544122;0,674671113024487;0,738777155320993;7,51019006362341;0,318249645663624;0,318249645663624;0,471724986139102;0,799646142478719;0,0240334187360778;1,10233535900183;0,674650813535195;0,725410952255767;7,23289269030992;7589,17250657244;13,0605201709934;0,611053249824736;0,0641095912725614;19,3851962217889;0,069663727787192;0;0
OVCAR-8 R1;bayesynergy;2.5.1;Bayesian;132;PASS;Alpelisib (BYL719);Olaparib (AZD2281);0,328608402591489;0,328608402591489;0,487115819708497;1,01113297052903;0,0374296561584283;1,60446083190454;0,674600144967856;0,630219412026959;14,2984385831249;0,436703083659513;0,436703083659513;0,64736531265246;1,19710275038591;0,0456483683663159;1,78733503400989;0,674585238233113;0,669769644530609;16,3065525803998;6056,72495928222;31275,0229867104;1,11086579089241;0,0827293473708989;15,3873841229151;0,198672629562949;0;0
OVCAR-8 R1;bayesynergy;2.5.1;Bayesian;133;PASS;Carboplatin (NSC 241240);Volasertib (BI 6727);0,32083525821702;0,32083525821702;0,475594550959236;1,04310828122508;0,044178627475946;1,56854689793878;0,674598263520726;0,66503409119375;13,6218506832234;1,60121061218862;1,60121061218862;2,2442196017385;2,31637776029648;0,0715070688229735;2,35028786873297;0,713482143613856;0,985571934022375;13,1471955874653;105289,312949748;716,091355697634;1,87508481054589;0,109031300876263;13,0491659410359;0,394772193046794;0;0
OVCAR-8 R1;bayesynergy;2.5.1;Bayesian;134;PASS;Olaparib (AZD2281);Pertuzumab (anti-HER2);0,317017280271427;0,317017280271427;0,469928827340791;0,846680605873935;0,0278692259671332;1,22559511114576;0,674607008183235;0,690859178941475;10,0161075438905;0,902860050733139;0,902860050733139;1,33738697756328;1,55744239838207;0,0484363411216319;1,82003057212423;0,675092599135483;0,855723207201029;10,8094190075631;28656,5748987325;1113684,9368993;1,83804319081482;0,0721463899701635;75,4704770921985;0,684015114123415;0;3
OVCAR-8 R1;bayesynergy;2.5.1;Bayesian;135;PASS;LJH-685;Paclitaxel (NSC 125973);0,309953816902845;0,309953816902845;0,459440385276615;0,807182853770501;0,0394349561824868;1,14887407690895;0,674633373198639;0,702609592377169;8,30754688212019;0,653153653190061;0,653153653190061;0,96800301998398;1,36619117667042;0,0445472488616879;1,7878005261823;0,674743404417138;0,764174278205301;14,1159903400713;32993,5872465807;13,5295622459609;0,727605127186131;0,0827841900916789;14,3399521089104;0,110379908721223;0;0
OVCAR-8 R1;bayesynergy;2.5.1;Bayesian;136;PASS;Niraparib (MK-4827);Temsirolimus (CCI-779);0,308664848652126;0,308664848652126;0,457533509623655;0,789095859767738;0,0268626032951726;1,12145358062044;0,674627851643082;0,70366538296429;7,63881254681442;1,1092400037144;1,1092400037144;1,51733968701817;1,71654435051986;0,0472987808910256;1,86026265773786;0,731042635478841;0,922743002650623;14,3053656049012;9142,85924224502;9,4406869609782;1,09555444172393;0,0691795043578575;26,5118055196374;0,152287106773764;0;0
OVCAR-8 R1;bayesynergy;2.5.1;Bayesian;137;PASS;Nutlin-3a;Trametinib (GSK1120212);0,29834240581709;0,29834240581709;0,442216826931496;0,582056611054276;0,0187193184020359;0,725534992685114;0,674651862271416;0,802287332689675;5,11308114203595;1,29586048664641;1,29586048664641;1,67077153705161;1,73929227043241;0,0509582818332748;1,69565452873017;0,775606034642657;1,02573504270054;11,3820925952447;67913,6880386207;19,8527904051685;1,16790616720493;0,0564839840785041;18,7916721619071;0,175174627238939;1;0
OVCAR-8 R1;bayesynergy;2.5.1;Bayesian;138;PASS;Olaparib (AZD2281);Volasertib (BI 6727);0,283366661637373;0,283366661637373;0,420025481718339;0,912538285366687;0,0431578372632426;1,43055652819228;0,674641596691014;0,637909970795608;11,4195632189217;0,906983521837965;0,906983521837965;1,26800132676603;1,38079582525445;0,0381817694441714;1,50223389897757;0,715285940710472;0,919161673953853;9,49171522950065;25264,215575178;703,185868376243;1,16356356244475;0,0734782948440807;15,2836811269085;0,223586461636814;0;0
OVCAR-8 R1;bayesynergy;2.5.1;Bayesian;139;PASS;Olaparib (AZD2281);Quinacrine;0,277014362256141;0,277014362256141;0,410645407151341;0,917201288748771;0,0294478113092258;1,34272126630752;0,674582882048525;0,683118776802564;8,15534425067906;0,315947075604726;0,315947075604726;0,468351899627493;0,975744883501189;0,0335437885355849;1,49537897666238;0,674593347130688;0,65250675496255;10,2727551430752;26964,5773209028;12137,6423664013;0,95008123333069;0,0714153947989616;32,8939427983936;0,194450767498234;0;0
OVCAR-8 R1;bayesynergy;2.5.1;Bayesian;140;PASS;Carboplatin (NSC 241240);Metformin;0,273928507788822;0,273928507788822;0,406063599220419;0,965585781445433;0,033346708390239;1,51169003600975;0,674595083909821;0,638767076927042;9,74615874153294;0,130687380206366;0,130687380206366;0,193723728178568;0,690250021495959;0,0262475458847405;1,19886434002681;0,674606985087043;0,57575323449901;9,97215246999792;20293,2280969936;1288876551,42743;1,13130921211056;0,0884470777830478;56,3277794375116;0,306811346433638;0;0
OVCAR-8 R1;bayesynergy;2.5.1;Bayesian;142;PASS;Olaparib (AZD2281);Sorafenib (Nexavar);0,256080011661725;0,256080011661725;0,37958623059932;0,664255316460746;0,0216888326001313;0,936663657907958;0,674629349060966;0,70920487507926;6,42941504872456;0,264522439571263;0,264522439571263;0,392105296273347;0,742613479262721;0,0231933557470081;1,05685205871421;0,674620929850582;0,70266549905405;7,45828183137812;27145,8871079439;5115,73304993733;0,974476278794733;0,0580663809396908;30,0944759800437;0,170228023895159;0;0
OVCAR-8 R1;bayesynergy;2.5.1;Bayesian;143;PASS;Selpercatinib (LOXO-292);Olaparib (AZD2281);0,253308152199034;0,253308152199034;0,375504160627829;0,940567115051827;0,033842126932939;1,50278393578934;0,674581479404949;0,625908247851943;9,83295520978184;0,339523171309559;0,339523171309559;0,50329934433766;1,12824819800589;0,0370698882773906;1,73542843850498;0,674594900886211;0,650126604458459;13,0752112573714;11652,684689617;22598,4713740372;0,887963687032177;0,0797394822444961;22,7567040774013;0,246010261804064;0;6
OVCAR-8 R1;bayesynergy;2.5.1;Bayesian;144;PASS;Erlotinib;Trametinib (GSK1120212);0,24998665486937;0,24998665486937;0,370528635046661;0,584063303013612;0,0225808984008813;0,787214035018032;0,674675669365984;0,741972068916428;5,87266576582133;0,910347781269303;0,910347781269303;1,19992720933439;1,30164970622429;0,0363848543476882;1,31686478008851;0,758669171086039;0,988445986183035;7,62643319260401;7385,59242628363;13,9474835464042;0,610527850073152;0,0531660999904549;14,31604533442;0,0849241848471637;0;0
OVCAR-8 R1;bayesynergy;2.5.1;Bayesian;145;PASS;Adavosertib (MK-1775);Paclitaxel (NSC 125973);0,243869185927671;0,243869185927671;0,361473681740218;0,538426839396651;0,0193364993170441;0,732804500532706;0,67465267389213;0,734795352654827;5,5993871065931;3,48809676206093;3,48809676206093;3,37798381068613;3,90809722311316;0,101534904510634;3,0373499502009;1,03259724070508;1,28667993059366;16,7174350962721;566,795060910378;13,0170167200545;2,59226370573811;0,0901190456714417;13,2895938232959;0,412324293966611;0;0
OVCAR-8 R1;bayesynergy;2.5.1;Bayesian;146;PASS;Paclitaxel (NSC 125973);Trametinib (GSK1120212);0,241514582741258;0,241514582741258;0,357980795480284;0,545962334891594;0,0185430607213687;0,753215856052127;0,67465793078992;0,724882984868406;5,56909445881291;2,7391290116462;2,7391290116462;2,34691734730564;2,90839028293425;0,0632823212290761;2,10555112322019;1,16711780020325;1,3812964457905;10,4616188112924;12,4555936743685;15,6676270225982;1,7682965157663;0,065153712138199;11,0921995490238;0,1541252466717;0;0
OVCAR-8 R1;bayesynergy;2.5.1;Bayesian;147;PASS;Gedatolisib (PKI-587);Olaparib (AZD2281);0,234917781257767;0,234917781257767;0,348225825421491;0,734978853501792;0,0292282051112644;1,12402403034494;0,67461332304525;0,653907488035446;7,27832355533087;0,429356902957077;0,429356902957077;0,636442138557573;0,980121133476087;0,0298113464928984;1,26953812989675;0,674620483065699;0,772029693630232;8,3274352130643;721,730971781176;20785,2378813445;0,869858962473602;0,0684933740852919;13,053607596654;0,141253544625058;0;0
OVCAR-8 R1;bayesynergy;2.5.1;Bayesian;148;PASS;Luminespib (NVP-AUY922);Olaparib (AZD2281);0,228641494404223;0,228641494404223;0,338911565671573;0,645246466838672;0,0203784288500711;0,956623932739537;0,674634676309015;0,674538023569198;8,50207453535806;0,421095688972792;0,421095688972792;0,624203713624676;0,919791038884529;0,02967686584569;1,20368464022726;0,67461259806921;0,764146195893027;8,04145350246129;14,3368533051353;27357,6777900858;0,773368827948792;0,0610224610216572;15,0872867677739;0,144991810414019;0;0
OVCAR-8 R1;bayesynergy;2.5.1;Bayesian;149;PASS;Selumetinib (AZD6244);Trametinib (GSK1120212);0,22767967255451;0,22767967255451;0,337478466524013;0,516450117777322;0,021821889304052;0,705001359653762;0,674649481786446;0,732603946060208;6,59002341460187;8,31997758050018;8,31997758050018;2,71789845128012;8,3297775859652;0,0731092257387057;2,74689802895141;3,06118044130071;3,03243058103069;18,3696209420567;3970,2520655324;15,5851280591458;111,780200941584;0,0672671169308665;7,71328659953582;0,460825526832247;0;0
OVCAR-8 R1;bayesynergy;2.5.1;Bayesian;150;PASS;LJH-685;Niraparib (MK-4827);0,219467100273105;0,219467100273105;0,325344026371961;0,843473736896002;0,0286852053003716;1,29880655472268;0,674569325032548;0,649452067971879;8,6859106830296;0,566730014835472;0,566730014835472;0,840137411151854;1,30299778832043;0,0421607931245551;1,72428019231345;0,674568240043575;0,755676365203854;11,3623518188436;30405,0300074157;7630,74168440404;0,968829370909932;0,0802031594200966;69,1260578343563;0,205723689252762;0;0
OVCAR-8 R1;bayesynergy;2.5.1;Bayesian;151;PASS;Niraparib (MK-4827);Trametinib (GSK1120212);0,21180377321033;0,21180377321033;0,313951338460288;0,634840374029216;0,0262261439929056;0,953404179877051;0,674638860433212;0,665901611226866;6,41202776922576;1,3819759575284;1,3819759575284;1,91275306883795;2,12608107539791;0,064858611925449;2,2416059095187;0,722506203253924;0,948463361186626;12,2212714869473;8704,12424836408;15,7652995322869;0,962719379227915;0,0672340190660738;23,1353874633161;0,139815853881066;0;0
OVCAR-8 R1;bayesynergy;2.5.1;Bayesian;152;PASS;Carboplatin (NSC 241240);Luminespib (NVP-AUY922);0,210269184009944;0,210269184009944;0,311683830128204;0,722758489804951;0,026517765288445;1,10651394962395;0,674623331994652;0,653213300497783;8,08457681514959;0,359575680669501;0,359575680669501;0,533019933145472;0,94421509429122;0,032256951695172;1,32633225961279;0,674600813796143;0,711899365673932;8,80957959763733;20205,9497252803;14,966892970571;0,691070093335675;0,0860870238485511;32,6900339630127;0,158715516129778;0;0
OVCAR-8 R1;bayesynergy;2.5.1;Bayesian;153;PASS;Carboplatin (NSC 241240);Idasanutlin (RG-7388);0,209688685158002;0,209688685158002;0,310838199617532;1,00841165429616;0,0369193937646686;1,65839468128684;0,674591106936058;0,608087093898377;13,6427640169397;0,475782801898753;0,475782801898753;0,7053183036;1,44306876169153;0,0463233170097078;2,09735378966483;0,674564660338914;0,688042603399848;12,9450166805783;28567,6927383323;8890,5610302467;1,55961722006557;0,098293531487991;13,0091263595202;0,218047086536396;0;0
OVCAR-8 R1;bayesynergy;2.5.1;Bayesian;154;PASS;Alectinib (CH5424802);Trametinib (GSK1120212);0,205151186946512;0,205151186946512;0,304093078486465;0,633464966045009;0,0244850809888698;0,96673500785992;0,674632872170561;0,655297617507344;7,11084804403426;1,28243958231917;1,28243958231917;1,70192148481871;1,82793833579987;0,0485688287512334;1,84839093182878;0,753524527282041;0,988934918649121;11,8788562823073;23301,6165135858;14,7918650454325;0,896626314496747;0,0643466578539838;21,5208835458373;0,131871235160878;0;0
OVCAR-8 R1;bayesynergy;2.5.1;Bayesian;155;PASS;Paclitaxel (NSC 125973);Sorafenib (Nexavar);0,205069445309856;0,205069445309856;0,303959689719956;0,461176307242567;0,0150953782709693;0,621051313530789;0,674660003432661;0,742637079515525;3,87622428688839;5,93721259522116;5,93721259522116;2,30690826174456;5,95694874311064;0,0643732469271526;2,41884523859805;2,57366653615053;2,46272421569362;14,0235771298915;12,0121448221943;4973,99162176614;24,2592264366967;0,0695954399312276;7,67054661188975;0,475344666297948;0;0
OVCAR-8 R1;bayesynergy;2.5.1;Bayesian;156;PASS;Gedatolisib (PKI-587);Niraparib (MK-4827);0,203847950993418;0,203847950993418;0,302178954989472;0,813123187082298;0,0404182063521731;1,35999903241377;0,674593473925144;0,597910589082248;10,7884473688709;0,846991365865421;0,846991365865421;1,23653900039204;1,53776298313473;0,0382908576407862;1,81587816612209;0,684969390853734;0,846842597605931;13,1130995377116;816,396447273176;7797,15769677811;0,959095650452198;0,0729749843641987;30,0897323602619;0,147811327114105;0;0
OVCAR-8 R1;bayesynergy;2.5.1;Bayesian;157;PASS;Cobimetinib;Niraparib (MK-4827);0,203181245716719;0,203181245716719;0,301175509505085;0,665925527271359;0,0250990883334239;1,04354110649394;0,674627382719803;0,638172911247351;8,23251666966548;0,847843827166091;0,847843827166091;1,23140471379736;1,53007108820566;0,0427443391630864;1,82176392162358;0,688517607303564;0,839884394484022;11,805734310304;522,418745148411;8155,38540466359;0,979484802980458;0,0758346841833977;17,9501831355997;0,139575445668442;0;0
OVCAR-8 R1;bayesynergy;2.5.1;Bayesian;158;PASS;Niraparib (MK-4827);Pictilisib (GDC-0941);0,201950807220751;0,201950807220751;0,299356363231282;0,767893399806811;0,0308211443681496;1,17907516232016;0,674616717817098;0,651299441322874;7,01699609715752;1,43552303861074;1,43552303861074;1,9581783315968;2,2552205715217;0,0537192391026973;2,43058969291679;0,73309106502069;0,927849146276661;14,3056872335158;8422,53253197229;1030,51361561878;1,00932549733453;0,0890111784166019;21,6219433314077;0,206630029634506;0;0
OVCAR-8 R1;bayesynergy;2.5.1;Bayesian;159;PASS;Alpelisib (BYL719);Niraparib (MK-4827);0,198740380870911;0,198740380870911;0,294600023335852;0,731614416541551;0,0248898281814004;1,11644208666534;0,674610879593658;0,655342262864961;10,2840082572518;1,24106188705302;1,24106188705302;1,79877851325364;2,14561979840515;0,0637168907428585;2,46609041678433;0,689947026778845;0,870049120584532;16,6339052249749;3708,77854558738;9139,07677821256;1,08513785496963;0,0827579459554899;23,0913596960195;0,188635571292187;0;0
OVCAR-8 R1;bayesynergy;2.5.1;Bayesian;160;PASS;Metformin;Trametinib (GSK1120212);0,188153218633744;0,188153218633744;0,278902905348755;0,580333175293138;0,0198438007734848;0,876646527990459;0,674619070025347;0,662033045239596;7,70169327278031;1,2754944920464;1,2754944920464;1,76217870356563;1,89760676552634;0,0558766070722259;2,0138161495597;0,72381676697462;0,942293945721526;13,3020046244234;40383594,6252981;18,1136094971395;1,00022499060999;0,0710948615684717;14,0385250364994;0,173113684576043;0;0
OVCAR-8 R1;bayesynergy;2.5.1;Bayesian;161;PASS;Everolimus (RAD001);Niraparib (MK-4827);0,174679153364763;0,174679153364763;0,258929831403694;0,614628804197476;0,0221792326491144;0,97537119152458;0,674619654358877;0,63018608094229;9,33770043128565;0,725535342649185;0,725535342649185;1,06258241306774;1,42849744083885;0,041162370510379;1,81416017390896;0,682803831238386;0,787415279743946;17,7158476116745;13,5934397562561;8290,62705386397;0,817331874221134;0,0751514467368772;25,7829251852581;0,111459566459853;0;0
OVCAR-8 R1;bayesynergy;2.5.1;Bayesian;162;PASS;Metformin;Olaparib (AZD2281);0,173151046068591;0,173151046068591;0,256666412856047;0,708673191513656;0,0249834427999954;1,13704621163674;0,674615132310685;0,62328933318246;7,45992913286843;0,172807214144927;0,172807214144927;0,256155096586855;0,693793003453535;0,0274526278840882;1,11673049674385;0,674619464720792;0,621271654599289;8,60860467617204;427104068062,299;25607,1360614534;1,2779354739951;0,0659393030845698;23,7025126830174;0,275758398065385;4;0
OVCAR-8 R1;bayesynergy;2.5.1;Bayesian;163;PASS;Gemcitabine (LY-188011) HCl;Paclitaxel (NSC 125973);0,160368715504355;0,160368715504355;0,237717183386155;0,550648222298692;0,023749111825245;0,815817165887275;0,67461978650423;0,675023649852712;5,28717262958121;9,00906966302723;9,00906966302723;4,4814443057161;9,09556154601963;0,124322339962998;4,33717683955953;2,01030494823647;2,0971156774284;23,543068689597;142,148614713629;11,8711430327124;17,740173969704;0,124779128841881;11,3421159852791;0,711473209276332;0;0
OVCAR-8 R1;bayesynergy;2.5.1;Bayesian;164;PASS;Defactinib (VS-6063, PF-04554878);Trametinib (GSK1120212);0,157824754560443;0,157824754560443;0,233962548634594;1,09788217054231;0,0644591874758849;1,74142104646486;0,674572727479288;0,630477586376946;12,0289875393496;4,5115200989613;4,5115200989613;3,22963969627291;4,71662292787649;0,0836638287058797;3,07992069139842;1,39691127284809;1,5314105136048;17,2226219965385;18424,2176690696;18,5547756231512;3,68393911003082;0,083998405094742;18,8843790048403;0,453204197648969;0;0
OVCAR-8 R1;bayesynergy;2.5.1;Bayesian;165;PASS;Niraparib (MK-4827);Selpercatinib (LOXO-292);0,150265839583853;0,150265839583853;0,22274709771876;0,901041115170442;0,0367809855385168;1,53767868025606;0,674602906717007;0,585999327076134;13,2788890735642;0,491477127142191;0,491477127142191;0,728580839415643;1,35590458545023;0,050088222999031;1,95373657765213;0,674567735731809;0,694005835259357;15,4536986955481;8641,57058534748;116765,633870599;0,929289100230016;0,093039862764501;27,6237587107944;0,186791447630477;0;0
OVCAR-8 R1;bayesynergy;2.5.1;Bayesian;166;PASS;Carboplatin (NSC 241240);Pictilisib (GDC-0941);0,149247968895683;0,149247968895683;0,221237487990514;0,782255507449892;0,0339657273519099;1,32853927991564;0,674605240962068;0,588839912171994;10,6520940589699;1,37821832664526;1,37821832664526;1,97105657094346;2,29768358314822;0,0655828084540433;2,64424287286267;0,699228194138319;0,868938177626902;21,0910614420005;20100,7063709316;1138,22079272502;1,48583593234151;0,121118873478524;15,9454755920336;0,197811120736059;0;0
OVCAR-8 R1;bayesynergy;2.5.1;Bayesian;167;PASS;Simvastatin (MK 733);Carboplatin (NSC 241240);0,146661222991887;0,146661222991887;0,217401290764358;0,691230130286931;0,0270003792715727;1,17423522322747;0,674610635825769;0,588697119223811;10,0437216366266;0,376550314569552;0,376550314569552;0,558194162061096;1,22404764419696;0,0512615908347203;1,84154497920456;0,674586622653245;0,664685173601176;15,308379201585;46674,1455108711;18435,2714656828;0,667755525712341;0,0850308130565732;14,186757370109;0,36812904830533;0;2
OVCAR-8 R1;bayesynergy;2.5.1;Bayesian;168;PASS;AZD8055;Olaparib (AZD2281);0,143591507938712;0,143591507938712;0,212829722913216;0,610384630657926;0,0297993922211588;1,07076750988324;0,674677887906018;0,570076100896146;9,5849297854907;0,873309703773617;0,873309703773617;1,18647092581603;1,33849195880163;0,0374191008847398;1,42476241454875;0,736056556272522;0,93944923387494;8,07929879703696;140,032933603709;107719,218696838;0,858051725060766;0,0571397267905628;17,6878415103723;0,137779544875984;0;0
OVCAR-8 R1;bayesynergy;2.5.1;Bayesian;169;PASS;Olaparib (AZD2281);Pictilisib (GDC-0941);0,142186472076795;0,142186472076795;0,210764141991851;0,678827481048456;0,0271885733418734;1,14866127290771;0,67462363727077;0,591006050548508;8,4832324966082;0,85660456769196;0,85660456769196;1,25963473703347;1,67061075558764;0,049398114781477;2,07965323708251;0,68004203322411;0,803312170413222;13,7229918432887;40750,3347728926;1240,81220932048;0,963081242301836;0,0857872232124759;26,9843678503395;0,142713650434363;0;0
OVCAR-8 R1;bayesynergy;2.5.1;Bayesian;170;PASS;Abemaciclib (LY2835219);Carboplatin (NSC 241240);0,140522485200407;0,140522485200407;0,2083025906541;0,741720991888573;0,0332187764773357;1,34856145168422;0,674607477320115;0,550036589472593;14,102594416883;1,04032690267949;1,04032690267949;1,53762832028271;2,22565144306017;0,0893947217446073;2,78196313630714;0,676578916345802;0,800029092410825;16,3941121009655;7374,15900761875;18183,3128562245;1,4256735238073;0,102851848472986;20,685953855392;0,29775943120322;0;0
OVCAR-8 R1;bayesynergy;2.5.1;Bayesian;171;PASS;AZD8055;Niraparib (MK-4827);0,128679108317984;0,128679108317984;0,19074250677693;0,494430733139825;0,0213526587516575;0,750506161089456;0,674622088659409;0,658849426249937;5,97019542908938;1,47233030739766;1,47233030739766;1,7230816404655;1,88144857998535;0,0428412178619723;1,70983789204095;0,854475071186936;1,10036664220815;10,6506596093515;130,729827349703;8408,03866332155;1,12478829076491;0,0585656316700999;29,0623247264565;0,156925718000443;0;0
OVCAR-8 R1;bayesynergy;2.5.1;Bayesian;172;PASS;AZD7762;Paclitaxel (NSC 125973);0,128656733745083;0,128656733745083;0,190695633476251;0,472459924806928;0,0172935890806778;0,759528354203425;0,674670580546383;0,622090869794373;8,12487775596377;2,68666697078802;2,68666697078802;3,21612460044006;3,27570494403878;0,0911763384908101;2,88547211953647;0,835374030726425;1,13524054585736;14,9977713652628;343,735779272872;13,0016310552265;1,88250752673049;0,0929276080478583;15,6935490902771;0,32468067898861;0;0
OVCAR-8 R1;bayesynergy;2.5.1;Bayesian;173;PASS;Niraparib (MK-4827);Paclitaxel (NSC 125973);0,127306806420919;0,127306806420919;0,188677900710211;0,365573305228672;0,0166225858358895;0,602177060220782;0,674730882322296;0,607147765902536;6,98186716800778;16,955181178223;16,955181178223;4,43089887035707;16,9583098171084;0,148862654525454;4,65673536365156;3,82657823487103;3,64167351004688;31,2281773727143;7561,45546653748;13,2430512442499;357,689395787563;0,0802172983270514;11,2594426261334;1,0728684776497;0;0
OVCAR-8 R1;bayesynergy;2.5.1;Bayesian;174;PASS;Olaparib (AZD2281);TNKS1/2 inhibitor (OM-153);0,126671146361906;0,126671146361906;0,187755247488927;0,601204394267593;0,0206938827531543;1,00125407383224;0,674661017766637;0,600493432692679;7,77730570955522;0,471332341882908;0,471332341882908;0,69870458908889;1,12795890147047;0,0344030693989491;1,51889765992062;0,674580286494933;0,742616787973338;10,241303246592;22010,0617067759;97,1607722578568;0,82728839267097;0,0584565359074086;14,4220051978835;0,160240600218178;0;0
OVCAR-8 R1;bayesynergy;2.5.1;Bayesian;175;PASS;Dabrafenib ;Olaparib (AZD2281);0,126617264025574;0,126617264025574;0,187687639614465;0,728796401637688;0,0286441133321683;1,25680033855822;0,674616955520684;0,579914534560516;9,4223457218671;0,471460152693321;0,471460152693321;0,698894781190923;1,22270045832898;0,0412963902887542;1,70709770230219;0,674579586772631;0,716245154966844;13,4197419118074;451234433132,002;31209,3598030974;2,03492050734763;0,0751482443412193;27,9636255330265;0,46387386692396;0;0
OVCAR-8 R1;bayesynergy;2.5.1;Bayesian;176;PASS;Abemaciclib (LY2835219);Trametinib (GSK1120212);0,126079019817273;0,126079019817273;0,186890295994403;0,747590506647384;0,0926922791157476;1,41596041241775;0,674615121916492;0,52799976876634;11,5343782112607;1,91284291262401;1,91284291262401;2,39105984515207;2,47657204583889;0,0740561940272589;2,32020062476123;0,799997924143281;1,0673956464837;13,0954890588285;6164,79914338641;18,4572528870807;1,17589948386374;0,0792623153498234;22,1198003456741;0,186776198730016;0;0
OVCAR-8 R1;bayesynergy;2.5.1;Bayesian;177;PASS;LJH-685;Olaparib (AZD2281);0,124669650362386;0,124669650362386;0,184800628593516;0,733663566990859;0,0278564243611416;1,2654641892306;0,674617025446416;0,579788882016017;9,67875302373264;0,537934852697094;0,537934852697094;0,797441014597489;1,36474829348733;0,0393967576391314;1,94860747848328;0,67457635467699;0,700371064237936;12,3870081544034;36041,6591644892;24506,0594181163;1,01211485402263;0,0805535050249845;16,5693294900076;0,2669864334996;1;0
OVCAR-8 R1;bayesynergy;2.5.1;Bayesian;178;PASS;Carboplatin (NSC 241240);LJH-685;0,12201591377132;0,12201591377132;0,180867516214327;0,728611210168806;0,0287638394486432;1,28870531638993;0,674614858019788;0,565414976278081;9,57728415514622;0,559355145540291;0,559355145540291;0,829213694438496;1,48500441762935;0,0433963596036725;2,11589760097483;0,674560911489842;0,70183189250046;18,0349879353129;25666,2153358104;3191927,07376246;2,17920778833;0,0972470685496405;17,257933598517;0,287423981363419;0;0
OVCAR-8 R1;bayesynergy;2.5.1;Bayesian;179;PASS;Niraparib (MK-4827);Vemurafenib (PLX4032);0,121217392538761;0,121217392538761;0,179684827963173;0,683263028939892;0,024964886930019;1,13708161580919;0,674611172867664;0,600928270102415;11,1734225543345;1,03614072750865;1,03614072750865;1,49334418007128;1,71907702406131;0,0465751557015667;1,98100933473036;0,693839197511181;0,867778356175841;14,8231194407229;7374,71022704552;12892167675869,5;1,38468956461098;0,0784173691614216;16,8235977929502;0,306147801838963;0;0
OVCAR-8 R1;bayesynergy;2.5.1;Bayesian;180;PASS;Carboplatin (NSC 241240);Defactinib (VS-6063, PF-04554878);0,119413335164334;0,119413335164334;0,177013984267023;0,876512232936073;0,0371730621539548;1,57469603730176;0,674598313002215;0,556652332110053;11,0735486226314;0,665370371290518;0,665370371290518;0,986393533424798;1,88321643600331;0,0597448963220603;2,67492214172862;0,674548594190724;0,704026635626231;15,5757447594232;38282,26765244;18531,6327689528;2,04011748393621;0,114290092415009;14,184978530657;0,561676024822641;0;0
OVCAR-8 R1;bayesynergy;2.5.1;Bayesian;181;PASS;Carboplatin (NSC 241240);Pertuzumab (anti-HER2);0,118969310308297;0,118969310308297;0,176343656243355;0,657010243290344;0,0263819784698442;1,1674706150869;0,67464468437764;0,562799706614192;9,59469239718481;0,542202114674023;0,542202114674023;0,803775433581989;1,45388583246192;0,0445072596824081;2,0431984908455;0,674569154543233;0,711573466296112;13,1643560116503;23330,314412514;2753798,30394684;1,85671564579285;0,0938521009703886;34,4289532674455;0,470687814632522;0;0
OVCAR-8 R1;bayesynergy;2.5.1;Bayesian;182;PASS;Flavopiridol (L86-8275) HCl;Olaparib (AZD2281);0,118004072092574;0,118004072092574;0,174908518646353;0,404079787728858;0,0149247528860414;0,611336763490147;0,67466166317014;0,661046472045665;4,18035743615496;2,4960702891056;2,4960702891056;2,65464979510199;2,78666578497163;0,0686851492311474;2,28632175172083;0,940263493026849;1,21884235360759;12,3267860913259;83,7780597798666;26409,6652878237;2,07490230848522;0,0582175562676598;12,8795432849204;0,311765249285082;0;0
OVCAR-8 R1;bayesynergy;2.5.1;Bayesian;183;PASS;Carboplatin (NSC 241240);Fludarabine (Fludara);0,117116364486018;0,117116364486018;0,173604584578022;0,672404543532078;0,0269222934664379;1,1518020741731;0,674615620150189;0,583822142738689;9,68121061807235;0,781572160491725;0,781572160491725;1,15862161945193;1,73409393430246;0,0505186645114319;2,31831614960294;0,674570668603126;0,747997176571218;14,9147749573177;19837,7035737582;9103,15388075302;0,950094390621193;0,0955840792174316;19,6591210465509;0,136340186560054;0;0
OVCAR-8 R1;bayesynergy;2.5.1;Bayesian;184;PASS;Paclitaxel (NSC 125973);Vismodegib (GDC-0449);0,114986836381364;0,114986836381364;0,17044642957743;0,491401107654975;0,0202981829050084;0,819222770031143;0,674621560958705;0,599888729181064;6,71338071470541;2,274862470837;2,274862470837;2,89484536403383;3,05909329011471;0,0891528013917047;2,95868117723764;0,785832120465007;1,03393813218186;17,7457641912882;16,4545397405721;35737,345360095;1,23425408497416;0,086466789874793;17,9109407139986;0,234228060134776;2;0
OVCAR-8 R1;bayesynergy;2.5.1;Bayesian;185;PASS;Abemaciclib (LY2835219);Paclitaxel (NSC 125973);0,112873972198889;0,112873972198889;0,167306533624693;0,461564517065583;0,0230636649803645;0,766487984477262;0,674653701523041;0,602233929482268;5,73781749309932;10,0159068317889;10,0159068317889;4,63882758476585;9,90351565819322;0,195648808375783;4,60242210943255;2,15914617406382;2,15180516317619;23,951054484134;7585,83145043305;11,7463616982653;13,3063209000376;0,0951502984095026;10,6731204410199;0,781891447777315;0;0
OVCAR-8 R1;bayesynergy;2.5.1;Bayesian;186;PASS;Niraparib (MK-4827);Venetoclax (ABT-199);0,112622386777209;0,112622386777209;0,166941718386247;0,603606097780481;0,0249714880508262;1,04768761747441;0,674620986688536;0,57617170391941;8,37279199922399;0,63449904873859;0,63449904873859;0,940584650015086;1,3246918113857;0,038196477650793;1,70168793035489;0,674579421138134;0,778457546625148;13,1423308822943;8404,98173275079;22293,3056297714;0,882459484522375;0,0705014821703738;18,8276501378636;0,162731772681559;0;0
OVCAR-8 R1;bayesynergy;2.5.1;Bayesian;187;PASS;Carboplatin (NSC 241240);Palbociclib;0,107941820942016;0,107941820942016;0,159999738915387;0,571517113041923;0,0233355589558225;0,998883116092143;0,674637481746759;0,572195511131637;8,67379674149176;0,983651864417191;0,983651864417191;1,45777104527123;1,80914542796227;0,0535028765874459;2,18743331233384;0,674764303769096;0,827063123598512;14,6001482168624;34608,9766135961;11413,3403898675;1,43093099684705;0,0932434482177779;32,3494727259541;0,376139770841082;0;0
OVCAR-8 R1;bayesynergy;2.5.1;Bayesian;188;PASS;Flavopiridol (L86-8275) HCl;Paclitaxel (NSC 125973);0,106411419338909;0,106411419338909;0,157706304865332;0,360273670935069;0,0148461567357532;0,577177440317953;0,674744230611294;0,624272060397269;4,96492559948997;2,07190775962445;2,07190775962445;2,13941904666831;2,34324467515274;0,0634647167795264;1,92481790471653;0,968444103015259;1,21738511960581;12,5277786440261;88,2493244580694;11,8490877885041;1,93874682158483;0,0697030050871161;10,2297963217036;0,235356514576839;0;0
OVCAR-8 R1;bayesynergy;2.5.1;Bayesian;189;PASS;Entrektinib (RXDX-101);Trametinib (GSK1120212);0,0990902481000239;0,0990902481000239;0,146872993269018;0,455088081229346;0,017983172827519;0,734727930624019;0,674666226203525;0,619450853204569;6,49848075251759;1,01605879657168;1,01605879657168;1,38755442979446;1,56739017728736;0,0455836205513781;1,72597645050319;0,732265902334509;0,908117939170259;12,2087085474531;4262,43569848712;14,7236482432939;0,913941643981594;0,0821191868108463;20,5444167741246;0,129884319479442;0;0
OVCAR-8 R1;bayesynergy;2.5.1;Bayesian;190;PASS;Niraparib (MK-4827);Quinacrine;0,0985578297849347;0,0985578297849347;0,146096266734559;0,639881359951636;0,023518591981598;1,03700062912926;0,67460881778727;0,617089966785973;6,97969845915597;0,547110349772155;0,547110349772155;0,811058721761351;1,2219224058779;0,0352110422004046;1,59138938686119;0,674563179080317;0,767833703031027;9,34024378226877;8032,78912817958;12577,9650083354;0,861903727063485;0,069745460637534;18,4603162454221;0,117805725621321;0;0
OVCAR-8 R1;bayesynergy;2.5.1;Bayesian;191;PASS;Mebendalzole;Olaparib (AZD2281);0,0952220505289551;0,0952220505289551;0,14114198071068;0,486144033863813;0,0194465795592761;0,852554769382956;0,674654344862472;0,570269518790502;8,59354832762839;1,07771991492983;1,07771991492983;1,48205630419754;1,58815732584311;0,0402307139373449;1,64687261505613;0,727178793327533;0,964347400839489;10,879690558113;517,653730377823;34102,8674829385;0,868700711908047;0,0707845203883377;20,4729990797434;0,167876072148846;0;0
OVCAR-8 R1;bayesynergy;2.5.1;Bayesian;192;PASS;Cerdulatinib (PRT062070, PRT2070);Trametinib (GSK1120212);0,0947302655563342;0,0947302655563342;0,140424430371631;0,988663275648725;0,085843922545901;1,64249275200772;0,67459960710278;0,601957022737725;8,85331170246805;4,23623509300117;4,23623509300117;4,11692815928477;4,64919266680551;0,133252238155901;3,61999939394014;1,02897960059063;1,28430758153944;22,4130676244378;156919,457576271;24,3161992027481;2,73672531246721;0,0946169178848677;29,7625019658742;0,522203918589964;1;0
OVCAR-8 R1;bayesynergy;2.5.1;Bayesian;193;PASS;Niraparib (MK-4827);TNKS1/2 inhibitor (OM-153);0,0719818367636374;0,0719818367636374;0,106700148281943;0,545532452951332;0,0254139531952336;0,964875295717689;0,674617963729852;0,565440524064473;8,76846271977693;1,61173196426428;1,61173196426428;2,23936353379453;2,32211907914106;0,0597746825190946;2,37675722220158;0,719727699384857;0,977011474899441;14,4832897087824;8510,96619603206;63,439255827448;1,28437266591782;0,0716649365229448;24,9723081477699;0,233378778698215;0;0
OVCAR-8 R1;bayesynergy;2.5.1;Bayesian;194;PASS;Alpelisib (BYL719);Carboplatin (NSC 241240);0,0700077536091597;0,0700077536091597;0,103765400219736;0,534119718562734;0,0247393691326558;0,998479595303915;0,674673383043961;0,534981745392816;8,24752704894992;2,22153443279276;2,22153443279276;2,99427775663131;3,1722789601393;0,0803546638231651;3,18742188842715;0,741926639194648;0,995249160977769;16,5196536500838;5800,64855797735;20195,1069689806;1,77745519015765;0,094243462069236;23,1604816921128;0,339710215145105;0;0
OVCAR-8 R1;bayesynergy;2.5.1;Bayesian;195;PASS;Olaparib (AZD2281);Vinorelbine ditartrate (Navelbine);0,0690430194342948;0,0690430194342948;0,102335073774819;0,431856254436511;0,0216220200655244;0,778481964573786;0,674676011728092;0,55480156886266;7,93026995961969;3,14333136876407;3,14333136876407;2,41297657621367;3,33798973391193;0,0668754583940134;2,26698129104658;1,30267794546785;1,47243814807616;12,1068107318406;28826,048576875;240,450862835153;2,49954152700503;0,064891645996319;13,3198885714316;0,319842956180854;0;0
OVCAR-8 R1;bayesynergy;2.5.1;Bayesian;196;PASS;Paclitaxel (NSC 125973);Ruxolitinib (INCB018424);0,0679425468722887;0,0679425468722887;0,100712468957477;0,540244745681908;0,0241748633037827;0,968629210942428;0,674619017640958;0,557789792973523;7,6077575218706;2,15612825031128;2,15612825031128;2,98691513629662;3,33967832418612;0,105041052798758;3,46084502300716;0,721857887460637;0,964989273424396;17,663459010229;17,0763463478199;7482770191239,19;1,7151658803272;0,11803591803263;25,7220614123462;0,23974061686122;12;0
OVCAR-8 R1;bayesynergy;2.5.1;Bayesian;197;PASS;Carboplatin (NSC 241240);Cobimetinib;0,0669196949226886;0,0669196949226886;0,0991932401815766;0,603386086375479;0,0291679971027285;1,1134553827359;0,674639671011752;0,54194309115499;8,64942084447611;1,95164582567836;1,95164582567836;2,48918382372071;2,73170479739674;0,0693636785217473;2,73691575583117;0,784050501646414;0,998096047193514;18,2878865026921;22849,2775795248;526,132058122902;1,42667883061663;0,106395365517511;21,1239949063557;0,200507165802628;0;0
OVCAR-8 R1;bayesynergy;2.5.1;Bayesian;198;PASS;Flavopiridol (L86-8275) HCl;Niraparib (MK-4827);0,0575374312098882;0,0575374312098882;0,0852780734356543;0,317851771604674;0,013247680413982;0,548068050113804;0,674703694535295;0,580037515267791;5,24163370190283;3,99244373598943;3,99244373598943;1,97618441313579;3,98859718385535;0,0612052210299513;1,98346700137113;2,02027893219452;2,01092187623899;10,5806787006707;84,8209572517953;8600,24532272681;9,44024413781927;0,0611698935009151;9,05168457686421;0,529559039738017;0;0
OVCAR-8 R1;bayesynergy;2.5.1;Bayesian;199;PASS;Carboplatin (NSC 241240);Olaparib (AZD2281);0,0561918958811886;0,0561918958811886;0,0832852479916387;0,460715347999831;0,0225042137719336;0,845260150745732;0,674692064155586;0,545113855389317;6,81726060443608;3,00736260414021;3,00736260414021;3,31596092673975;3,49951196943959;0,0773967744526169;2,95114185758194;0,906935476799191;1,18581624954721;17,4090014092863;36302,7735997756;26199,0255809945;3,29299282969267;0,0755691656730441;13,7781578133243;0,629252686613213;0;0
OVCAR-8 R1;bayesynergy;2.5.1;Bayesian;200;PASS;Carboplatin (NSC 241240);Everolimus (RAD001);0,0561321756967264;0,0561321756967264;0,0831990019278796;0,518002448689043;0,024630209593335;0,97236266734511;0,674673666703167;0,532773406751892;7,66952379121897;2,13959344458854;2,13959344458854;2,66304410113475;2,89361215220451;0,0744394473603116;2,73572728295976;0,803438983108406;1,05771221065352;17,6382229329093;45813,6826948766;11,6037039033144;1,63080718767619;0,100995933356138;20,0001924251113;0,303470363259787;0;0
OVCAR-8 R1;bayesynergy;2.5.1;Bayesian;201;PASS;Carboplatin (NSC 241240);Temsirolimus (CCI-779);0,0541134311758345;0,0541134311758345;0,0801997691009791;0,361291404302582;0,0148341399950259;0,664664154769424;0,674733004626243;0,543639166096284;6,85267545387063;1,14365797200421;1,14365797200421;1,60930412791039;1,91204925944678;0,0497410607597043;2,14862209373474;0,710653724283424;0,889895559122382;13,2166858746439;23458,0031951496;24,7300876226803;1,00259904408162;0,0734211816654524;19,3718944108894;0,183415301089856;0;0
OVCAR-8 R1;bayesynergy;2.5.1;Bayesian;202;PASS;Gemcitabine (LY-188011) HCl;Niraparib (MK-4827);0,053861871931469;0,053861871931469;0,0798385782084533;0,486652717445243;0,0200473512123432;0,888645539420591;0,674634658333208;0,547687556386364;6,63044035917115;2,90442526124035;2,90442526124035;3,67301722228547;3,82130495962733;0,0949276161970632;3,58624927045793;0,790746431467348;1,06554360041442;18,0866241177181;134,700526701162;8577,50157312871;1,35150136489575;0,122288037416903;16,9376193647402;0,26331001917583;0;0
OVCAR-8 R1;bayesynergy;2.5.1;Bayesian;203;PASS;Cucurbitacin I (JSI-124);Niraparib (MK-4827);0,0537977705398252;0,0537977705398252;0,0797320152274753;0,357117370883008;0,0142645250850127;0,641138129397853;0,674732356711922;0,557068245966598;6,01008906188875;1,13063130091253;1,13063130091253;1,61812149448835;1,77759371210642;0,0509230848284705;1,94201825358646;0,698730784285166;0,915333163745301;13,3172308157425;197,470850600082;7510,45405427692;1,09399510009618;0,0692936949535792;28,8886954184181;0,152208169040141;0;0
OVCAR-8 R1;bayesynergy;2.5.1;Bayesian;204;PASS;Niraparib (MK-4827);Pertuzumab (anti-HER2);0,0476334087718636;0,0476334087718636;0,0705991197890978;0,486448402981765;0,019918232022634;0,877004586163577;0,674702587144993;0,554724395631817;7,99901403764838;0,702744954055053;0,702744954055053;1,04176588310373;1,42163607468961;0,0420936336475095;1,73604916602309;0,674570904512028;0,818891597376974;10,6833887692967;8016,06712728331;715725,581775653;0,97153517696217;0,0729006902000366;32,9054392353773;0,201419169388444;1;0
OVCAR-8 R1;bayesynergy;2.5.1;Bayesian;205;PASS;Niraparib (MK-4827);Vismodegib (GDC-0449);0,0473733449024769;0,0473733449024769;0,0702140550514844;0,490897684753198;0,0193601672658435;0,892809820159493;0,674698888530799;0,549887921808402;7,08877615824999;0,873772264854288;0,873772264854288;1,29530948946576;1,73332265594266;0,0494518589500492;2,10611411931801;0,674566404369251;0,82299560125637;13,3193054982152;7580,122340408;14004,4562954873;1,20187242579832;0,0771241206104151;31,8533495008582;0,219518581078695;1;0
OVCAR-8 R1;bayesynergy;2.5.1;Bayesian;206;PASS;Afatinib (BIBW2992);Carboplatin (NSC 241240);0,0467191109034519;0,0467191109034519;0,0692465958866022;0,601337140752341;0,0286189112352074;1,12710496200128;0,674677365800896;0,533566254782272;7,61967237190469;2,91017714718165;2,91017714718165;3,67166770827222;3,67149212917312;0,0873592097531688;3,48209579005608;0,792603628216425;1,05439147873471;23,160057124087;3109,63376144824;101131,462713972;1,65474239939178;0,10326699712796;14,3292695717297;0,339639241998879;0;0
OVCAR-8 R1;bayesynergy;2.5.1;Bayesian;207;PASS;AZD7762;Carboplatin (NSC 241240);0,0463845834652096;0,0463845834652096;0,0687469241578815;0,429447087324819;0,0204043285999418;0,80763048334121;0,674715036831096;0,531794856401428;6,88216355598472;1,98012502891493;1,98012502891493;2,73286925560456;2,95435317618266;0,0772299045562429;3,02947860038532;0,724559005102088;0,975201863385634;17,806354546236;346,621620210607;47097,5532153422;1,59158874831594;0,0949768760990738;20,0614636734633;0,428214544422018;0;0
OVCAR-8 R1;bayesynergy;2.5.1;Bayesian;208;PASS;MK-2206 2HCl;Olaparib (AZD2281);0,0438807791362597;0,0438807791362597;0,0650349496276173;0,374690189138878;0,018272029517539;0,698632104797094;0,674726118610317;0,536386406271193;6,68416590147927;2,27663842632894;2,27663842632894;2,54958927235242;2,73144397813207;0,0680434849113453;2,37675526803804;0,892943208938262;1,14923232310191;12,1649155878537;3780,16152776559;26915,7462413177;1,43632823712595;0,0713698109705974;16,3223222790428;0,308166565235758;0;0
OVCAR-8 R1;bayesynergy;2.5.1;Bayesian;209;PASS;Carboplatin (NSC 241240);Paclitaxel (NSC 125973);0,0437850545190443;0,0437850545190443;0,0648989916498457;0,416437667325427;0,0191832893796038;0,740961027301165;0,674664635088339;0,562091388377654;6,06445646673117;3,91647111086222;3,91647111086222;3,94210458225162;4,50131861433518;0,113035589555956;3,59328343889376;0,993497516147895;1,25270346491814;18,1231951103281;18684,8622950169;14,5443637849348;2,05060752707019;0,0947702114939063;14,9991215729889;0,294148117900961;0;0
OVCAR-8 R1;bayesynergy;2.5.1;Bayesian;210;PASS;Olaparib (AZD2281);Simvastatin (MK 733);0,0424232097441352;0,0424232097441352;0,0628781483331327;0,578577848850681;0,0369349389069465;1,11682678581262;0,674689234157694;0,518098401590909;9,90650488476014;0,561624165854656;0,561624165854656;0,832568489624627;1,35468459040046;0,075633728927357;1,87992794352707;0,674568126050351;0,720604529053831;14,2130721560582;27695,2120144629;1336559,44173123;2,86334589525039;0,0819257697643937;16,2764300086558;0,386700908696501;2;0
OVCAR-8 R1;bayesynergy;2.5.1;Bayesian;211;PASS;Niclosamide (BAY2353);Paclitaxel (NSC 125973);0,0399437719921196;0,0399437719921196;0,0591989252487393;0,263379573963533;0,0103318687171492;0,460704751872591;0,674738127834005;0,5717869629333;3,32785473865398;1,21386404125944;1,21386404125944;1,59323319263606;1,71321223671707;0,0442745459555942;1,67326830106386;0,761887240907315;1,02387180563201;8,57640290105521;2549,93269424187;13,0698552135809;0,822578726662596;0,0625115072821927;46,9719545487566;0,103039536210925;0;0
OVCAR-8 R1;bayesynergy;2.5.1;Bayesian;212;PASS;AZD7762;Olaparib (AZD2281);0,0381529918069147;0,0381529918069147;0,0565432661118551;0,366210882513864;0,0172462391894135;0,716668754143093;0,674757480960503;0,511052695335386;5,7787398639968;2,20298701190269;2,20298701190269;2,73818134520175;2,93543299747034;0,0851931449351191;2,78202163590532;0,804543868419488;1,05514384201225;16,5571290510312;403,997288120382;20452,6453857106;1,88347472797897;0,0776779672939931;16,5218069506393;0,350678485057826;0;0
OVCAR-8 R1;bayesynergy;2.5.1;Bayesian;213;PASS;Niraparib (MK-4827);Sorafenib (Nexavar);0,0361961543165274;0,0361961543165274;0,0536460990903753;0,384396668905086;0,016072471782028;0,741102672863904;0,674721087465265;0,518743402380292;7,33612551919979;0,878509078592595;0,878509078592595;1,28283427337693;1,46404313815435;0,0417469033987932;1,68631235490895;0,684818839677561;0,868192143580303;10,6744636880096;7349,01020715638;5276,67422857044;0,811983249529157;0,0625832974999519;13,3514133670815;0,155733716517099;0;0
OVCAR-8 R1;bayesynergy;2.5.1;Bayesian;214;PASS;Carboplatin (NSC 241240);Gedatolisib (PKI-587);0,0285878638040858;0,0285878638040858;0,0423653357203518;0,310655426141882;0,0145601591575031;0,612203217081252;0,674793751023021;0,507514787035493;5,61977530381982;1,23144639995282;1,23144639995282;1,71425231482453;1,97723095424986;0,0695426577972283;2,12689539101108;0,718357729083114;0,929632441071742;11,2514091083091;26202,2062843584;790,079419307541;1,18719658014416;0,0831698196710426;16,5748977572667;0,17512642481152;0;0
OVCAR-8 R1;bayesynergy;2.5.1;Bayesian;215;PASS;Olaparib (AZD2281);Vismodegib (GDC-0449);0,0242289182932233;0,0242289182932233;0,0359088065786327;0,477645186992207;0,023187391564354;0,931952938498827;0,674734712783258;0,512576727924458;8,17678965693361;0,834990589082225;0,834990589082225;1,23782185056054;1,82417870881989;0,0625296929258761;2,38482396694783;0,674564428398243;0,764911261418816;14,7720745564002;20844,234604684;49480,6731612235;1,74237083344383;0,0793967246294522;70,3091919616942;0,470185365820906;2;0
OVCAR-8 R1;bayesynergy;2.5.1;Bayesian;216;PASS;Selpercatinib (LOXO-292);Carboplatin (NSC 241240);0,0187358194382;0,0187358194382;0,027766483220521;0,491988566782068;0,0225320467311667;0,995863795263263;0,674763861501666;0,494085951225065;9,76752890498829;1,38313104180861;1,38313104180861;2,03037888304339;2,458554551335;0,0587784985360895;2,85655453180362;0,681218196938395;0,860671317127867;16,1288972054894;51964,0651507145;29260,0417685132;2,32774278325854;0,0974768838243392;18,7178264359229;0,429824671121069;0;10
OVCAR-8 R1;bayesynergy;2.5.1;Bayesian;217;PASS;Carboplatin (NSC 241240);Vismodegib (GDC-0449);0,0180605883493967;0,0180605883493967;0,0267666203691769;0,4635170531726;0,0230201198641695;0,95494307488562;0,674742948504412;0,485441056410065;9,03705568090089;0,969944840577756;0,969944840577756;1,4379014700222;2,14656205428497;0,0642887184457026;2,75082244943167;0,674555844610673;0,780334643091363;17,6189176859901;21862,3925990784;2907,58118871073;1,25886585426259;0,103293986368183;15,9189847710975;0,499924101791755;0;0
OVCAR-8 R1;bayesynergy;2.5.1;Bayesian;218;PASS;Abemaciclib (LY2835219);Olaparib (AZD2281);0,0173457566077378;0,0173457566077378;0,0257048138824046;0,458275914858995;0,0235606403055698;0,923578033511994;0,674805765452797;0,496256043559313;8,63920918223304;2,72641012105262;2,72641012105262;3,77110260479353;3,84059957600039;0,159863269544839;3,75034031677798;0,722974261582548;1,02406695168932;16,7981341189801;7840,90750139439;15372,3864169084;1,98810009596476;0,0934494268334319;37,8588063274222;0,449187795393991;2;0
OVCAR-8 R1;bayesynergy;2.5.1;Bayesian;219;PASS;Cerdulatinib (PRT062070, PRT2070);Paclitaxel (NSC 125973);0,0171684730682536;0,0171684730682536;0,0254429794701608;0,379734087983511;0,0184326990552399;0,771089124258182;0,674782333900341;0,492532699440417;8,75642435987154;2,70609193245677;2,70609193245677;3,3033623423225;3,48501560528357;0,0877816637910281;3,25936647869315;0,819193189250377;1,06923097726675;24,5376194945429;207959640,250831;15,0007461643234;1,32616777410424;0,0971566349425734;4889,29192965193;0,249424954263102;0;0
OVCAR-8 R1;bayesynergy;2.5.1;Bayesian;220;PASS;Idasanutlin (RG-7388);Niraparib (MK-4827);0,0165702035741106;0,0165702035741106;0,0245520729602025;0,407374742722443;0,0182836404117621;0,850508544779347;0,674900388287781;0,479036095560644;7,52344113137208;1,69128883662362;1,69128883662362;2,34736421564586;2,40709167120744;0,0614872624248;2,50579060583571;0,720505503726561;0,960611659091384;14,5554106357137;8921,72503443454;8195,21738539607;1,02549915913516;0,0753437260714464;18,8906434131306;0,202024561264449;0;0
OVCAR-8 R1;bayesynergy;2.5.1;Bayesian;221;PASS;Simvastatin (MK 733);Niraparib (MK-4827);0,0160276344100147;0,0160276344100147;0,0237524997551274;0,614091874984865;0,0632423769784687;1,36462797087292;0,674776742458647;0,450042880311953;10,9271621660331;1,86621187701245;1,86621187701245;2,52545734106377;2,72609913484522;0,195354313226264;2,85273097002714;0,738959968425507;0,955610312885299;16,2300050979098;535775,953015539;7563,50189698518;1,81939215918303;0,0843304898874861;72,83321286815;0,590984163399203;1;1
OVCAR-8 R1;bayesynergy;2.5.1;Bayesian;222;PASS;Carboplatin (NSC 241240);Crizotinib (PF-02341066);0,0152266392751052;0,0152266392751052;0,0225629170399395;0,391406033211199;0,0182488560802075;0,833587760299411;0,67485242480624;0,469603986970387;8,76183416767006;2,00821811411487;2,00821811411487;2,61137323227317;2,67483326564461;0,0686519377422359;2,60121699166336;0,76902760941864;1,02830070471521;13,861949940756;28458,6608544009;5879,58436696583;1,36684645270968;0,0973908336866251;19,5835451383348;0,310241239303313;0;0
OVCAR-8 R1;bayesynergy;2.5.1;Bayesian;223;PASS;Olaparib (AZD2281);Vemurafenib (PLX4032);0,0144269539484007;0,0144269539484007;0,0213764687628809;0,404050668625964;0,0209239193376461;0,911147130588911;0,674898838925742;0,443509159734583;10,4781287536821;1,05854085115646;1,05854085115646;1,55985171972821;1,96616800382109;0,0654419902775785;2,36140463003103;0,678616331134922;0,832626471048824;13,530894915398;31421,533512372;445908308491,834;1,85839863615503;0,0798757434130435;18,9930252586192;0,734675765572793;1;0
OVCAR-8 R1;bayesynergy;2.5.1;Bayesian;224;PASS;Flunarizine 2HCl;Niraparib (MK-4827);0,0127809898923899;0,0127809898923899;0,0189371807596392;0,308130398533202;0,0141350398099775;0,638766791962129;0,674915134127572;0,482466242827617;6,80920805875337;1,48956947322856;1,48956947322856;2,05519392757155;2,10697066599294;0,0559458140417246;2,21995934240978;0,724782928387034;0,94910326767778;12,25576689755;27436,8839204709;8853,34841988011;1,00558093620934;0,061709137756147;22,688995632745;0,198434931290471;0;0
OVCAR-8 R1;bayesynergy;2.5.1;Bayesian;225;PASS;Carboplatin (NSC 241240);Cerdulatinib (PRT062070, PRT2070);0,0120258584867408;0,0120258584867408;0,0178204860944395;0,491475974241667;0,0253859303133831;1,01447459815493;0,674833358810183;0,484516767632789;8,44438236928679;1,34412244638101;1,34412244638101;1,96672700035505;2,47686806123697;0,077933976535448;2,94063705063813;0,68343112497991;0,842289619080829;16,1751827555675;20622,5472080628;1404591520466,01;2,6522287279095;0,118874971779049;15,439211604173;0,743132669415375;0;0
OVCAR-8 R1;bayesynergy;2.5.1;Bayesian;226;PASS;Metformin;Niraparib (MK-4827);0,0103052253798617;0,0103052253798617;0,0152641158696787;0,327452427812617;0,0159375040964352;0,714092785308928;0,675127565058156;0,458632437280192;6,04916812927963;1,27870359218815;1,27870359218815;1,81256798940018;1,96347890944862;0,0680404844351054;2,12864373846731;0,705465174087788;0,922408420895452;13,5589634899141;16055343,6685494;7998,49798193182;1,32029906983453;0,0724551869174834;15,0358001640077;0,226444248075085;9;0
OVCAR-8 R1;bayesynergy;2.5.1;Bayesian;227;PASS;Fludarabine (Fludara);Paclitaxel (NSC 125973);0,00758800187518106;0,00758800187518106;0,0112417518529199;0,254529727078385;0,0157526760743349;0,538349782713962;0,674983932616354;0,47290392935236;5,88835816168722;23,4856450717049;23,4856450717049;4,10350709469715;23,5159665076936;0,0984545771456161;4,17664261222576;5,72331045852334;5,63035162234334;41,4330626397521;8332,52001907558;11,3907102691258;101399,127080264;0,087882435809665;4,69949966638456;1,38227135524695;0;0
OVCAR-8 R1;bayesynergy;2.5.1;Bayesian;228;PASS;Carboplatin (NSC 241240);Flavopiridol (L86-8275) HCl;0,00669999218505253;0,00669999218505253;0,00992167982762443;0,285535563655618;0,0147857310624228;0,638481473465258;0,675288086438556;0,447294905766323;7,46857502337333;1,95880778035929;1,95880778035929;2,42204356634259;2,44746743722129;0,0704994472033807;2,22680760068622;0,808741761535359;1,09909245705245;13,4405937019235;16197,3648867814;92,587071995574;1,82305653277921;0,0858204016563873;28,6717267688554;0,237279931010473;0;0
OVCAR-8 R1;bayesynergy;2.5.1;Bayesian;229;PASS;Luminespib (NVP-AUY922);Niraparib (MK-4827);0,00639979372248185;0,00639979372248185;0,00947646434189019;0,248544473604174;0,0110828741324933;0,496269599186889;0,675335598973545;0,500938516059799;4,38897080574406;1,95086242197146;1,95086242197146;2,27871990003226;2,38711684535615;0,0548456378202013;2,17537673739631;0,856122080622478;1,09733491414148;14,7052830173602;14,1182237021258;8642,52063938563;1,25036187491787;0,0692737667672536;28,5085315559754;0,162913946728457;0;0
OVCAR-8 R1;bayesynergy;2.5.1;Bayesian;230;PASS;Idasanutlin (RG-7388);Olaparib (AZD2281);0,00624732986593892;0,00624732986593892;0,0092551527533705;0,363978521997486;0,0169127869402109;0,740509186666553;0,675010994676862;0,491604089641361;6,72889197288059;2,15109892964663;2,15109892964663;2,69398997796672;2,74924751350143;0,0665926705724626;2,57857983748428;0,798480672623051;1,06618669452704;13,7074438563328;8499,84080148646;22741,9323364066;1,49513692661693;0,0663083556042229;22,0354983225122;0,290018339609379;0;0
OVCAR-8 R1;bayesynergy;2.5.1;Bayesian;231;PASS;Crizotinib (PF-02341066);Niraparib (MK-4827);0,00315719641733506;0,00315719641733506;0,00467429879572916;0,347352612625678;0,0162559407141674;0,702296923451682;0,675437441059554;0,494675718512003;5,39818663156034;2,85556461326664;2,85556461326664;2,79261515559865;3,30835503720836;0,0673762704257707;2,67010263073659;1,02254140085926;1,23903665691521;14,8217415168907;5932,91720829394;8011,36111973408;2,12099621434094;0,0765673345842257;14,8517589237499;0,325411479519634;0;0
OVCAR-8 R1;bayesynergy;2.5.1;Bayesian;232;PASS;Navitoclax (ABT-263);Olaparib (AZD2281);0,00260573761771066;0,00260573761771066;0,00385663147855753;0,438476054894706;0,0231031433617853;0,918842540187481;0,675651182177579;0,477268679096483;7,87412320843929;2,36138326665598;2,36138326665598;2,9061446496575;2,960638618352;0,0703218433745053;2,75297272421481;0,812548428012447;1,0754333278752;17,8272339673134;7216,5564556665;25282,2715165824;1,69029636498851;0,0709532715574584;23,474638129451;0,229379768520151;0;0
OVCAR-8 R1;bayesynergy;2.5.1;Bayesian;233;PASS;Niraparib (MK-4827);Nutlin-3a;0,0014533692466524;0,0014533692466524;0,00214964313288293;0,285108089817549;0,0197866978789956;0,606244475513829;0,676097918031284;0,470381310417447;5,86952213003674;1,95442090021064;1,95442090021064;2,40617992512898;2,60746708541097;0,0618306459477658;2,46121134884214;0,812250521999461;1,05942428984721;12,97143172451;8519,37168881751;298715,0048508;1,4795910358425;0,0679455324938397;16,5100575848088;0,26801838529679;0;0
OVCAR-8 R1;bayesynergy;2.5.1;Bayesian;234;PASS;Carboplatin (NSC 241240);MK-2206 2HCl;0,00134023686541286;0,00134023686541286;0,00198121264162497;0,337415405653574;0,020566361406395;0,752597362877883;0,676473003076343;0,448412400423792;8,5586925435439;2,63426635085307;2,63426635085307;3,15595370909316;3,2434632525104;0,0799579179668059;2,94137544870645;0,834697398527436;1,10270290517887;15,0770105245877;17524,777305892;4170,16511219114;1,89049374270012;0,101367892827016;33,3327648314053;0,327186767099272;0;0
OVCAR-8 R1;bayesynergy;2.5.1;Bayesian;235;PASS;Idasanutlin (RG-7388);Trametinib (GSK1120212);0,000508415225614456;0,000508415225614456;0,000749466583893487;0,214416276554949;0,0104981046877548;0,453325228250662;0,678369438398752;0,473119904567431;4,168934247298;3,71574331788479;3,71574331788479;2,98209713742066;3,84985658296864;0,0750879186014047;2,61453636763311;1,24601686217998;1,47248155758256;13,0502122864605;5593,67895516195;17,8445398305031;2,33480840848989;0,0612899473984884;28,8614447041744;0,19907062191378;0;0
OVCAR-8 R1;bayesynergy;2.5.1;Bayesian;236;PASS;Dasatinib (BMS-354825);Trametinib (GSK1120212);0,00040071252377242;0,00040071252377242;0,000590927817516186;0,205853148750385;0,0121113572844331;0,445180632035167;0,678107396359698;0,46253596256684;4,4509279810801;3,97440538668826;3,97440538668826;2,63005872092819;4,08441071590166;0,0727496117656231;2,50931879899032;1,51114701548778;1,62769701384499;13,8009692583915;210,711418665001;15,8860611742907;2,72327196672008;0,0669630316971564;27,9185940365417;0,170316156398672;0;0
OVCAR-8 R1;bayesynergy;2.5.1;Bayesian;237;PASS;Carboplatin (NSC 241240);Quinacrine;0,000398695932393976;0,000398695932393976;0,000588577604794741;0,273260170955323;0,0156772813549358;0,602411717005114;0,677388893403473;0,453711601726638;4,83331951770884;2,47321740756324;2,47321740756324;3,32885958468156;3,24395470186269;0,0795303807035277;3,12652531374756;0,742962370339759;1,037559071599;17,4672896185795;24459,2720799756;12623,4118198146;1,93920376360586;0,0828998031344823;20,7051485926134;0,343669224164386;0;0
OVCAR-8 R1;bayesynergy;2.5.1;Bayesian;238;PASS;Alectinib (CH5424802);Carboplatin (NSC 241240);0,000371149761673364;0,000371149761673364;0,000547143374138957;0,322400488799503;0,0185318614834696;0,730532086088023;0,678340960004212;0,4414040236344;11,0213173274779;1,50643188985919;1,50643188985919;2,14484779755924;2,35159837880593;0,0695264233633138;2,57092033106529;0,702349085829522;0,914691268488871;13,247685360924;25056,0093904998;19730,5729615054;1,72479645378179;0,0664418765335523;44,8746635174234;0,368593076329484;0;0
OVCAR-8 R1;bayesynergy;2.5.1;Bayesian;239;PASS;Niraparib (MK-4827);Tamoxifen (ICI 46474);0,000197900337889344;0,000197900337889344;0,000289595006254989;0,232105612547158;0,0154169739049135;0,555470820427335;0,683369304079409;0,417959183421518;5,99300994442211;4,81980338253738;4,81980338253738;3,62288048650152;4,96280926998617;0,123399979073729;3,24330564922711;1,33037879678766;1,53017008161683;16,4001157570063;7961,3682632543;16514,2090129221;2,86322412639801;0,0603975332704323;11,4693888773141;0,383948185532175;0;0
OVCAR-8 R1;bayesynergy;2.5.1;Bayesian;240;PASS;Afatinib (BIBW2992);Niraparib (MK-4827);9,98028826683517e-05;9,98028826683517e-05;0,000145613487522717;0,270558009218382;0,0142046502207914;0,602444443300524;0,68539586796712;0,449201729365599;5,271486016233;3,51652581923487;3,51652581923487;3,23770057326373;3,84680674095852;0,0813000489908862;2,92126321256319;1,08611829280126;1,31682989893377;13,8439670411689;3103,48034693152;7636,47032099624;1,87103444219468;0,0876523154774706;16,9872752406734;0,285557047000686;0;0
OVCAR-8 R1;bayesynergy;2.5.1;Bayesian;241;PASS;Carboplatin (NSC 241240);Dasatinib (BMS-354825);9,92340718436196e-05;9,92340718436196e-05;0,00014489063155654;0,261405793102644;0,0159942183037266;0,615473114114581;0,684889497530389;0,42482217032513;6,50014005756585;3,28910763259343;3,28910763259343;3,49448027297233;3,93158841878887;0,0880601899211725;3,27735530030116;0,941229417728486;1,19962227422446;17,9807678050504;21570,1291959055;121,644783246972;2,34304835838189;0,0942590281604844;21,3763672898074;0,237721129610781;0;0
OVCAR-8 R1;bayesynergy;2.5.1;Bayesian;242;PASS;Dabrafenib ;Niraparib (MK-4827);9,86226511388309e-05;9,86226511388309e-05;0,000140056117680396;0,258073430271214;0,016099572483297;0,625179559752133;0,704165250131274;0,41289420036597;7,89396431035171;2,78187964957075;2,78187964957075;2,93711197129473;3,25022128290546;0,0682364480980888;2,6560692830024;0,947147972824628;1,22369597197835;15,5274533220668;1117098008,98692;7483,53850724671;2,18913704086339;0,0683557597583246;16,4667035693207;0,355024619212271;0;0
OVCAR-8 R1;bayesynergy;2.5.1;Bayesian;243;PASS;Niraparib (MK-4827);Ruxolitinib (INCB018424);9,85247798655792e-05;9,85247798655792e-05;0,000142425335408867;0,335870352396826;0,0191947180249692;0,817622982957082;0,691764422268969;0,410862487509495;9,38225813088144;2,67544511305224;2,67544511305224;3,63918595525591;3,70339768900687;0,0993024378535028;3,66154317292714;0,73517680765618;1,01143084052353;20,836791105446;7994,37312536336;770572,83360845;2,07941314405794;0,114758825538924;19,8917955333815;0,444489898077399;4;0
OVCAR-8 R1;bayesynergy;2.5.1;Bayesian;244;PASS;Carboplatin (NSC 241240);TNKS1/2 inhibitor (OM-153);9,85117489455782e-05;9,85117489455782e-05;0,000142360936613614;0,305875392050405;0,0170330488669573;0,707191377457022;0,691985816396756;0,432605371903813;6,87928514094285;2,38918145909952;2,38918145909952;3,1240977014916;3,122896866186;0,0774188877699119;2,98217376845621;0,764758879966786;1,04718809454308;16,2831369244435;22467,9128489111;332,806030910154;2,16702905969312;0,0757676930698415;17,8072572152536;0,343505870895813;0;0
OVCAR-8 R1;bayesynergy;2.5.1;Bayesian;245;PASS;Carboplatin (NSC 241240);Vemurafenib (PLX4032);9,84599710882444e-05;9,84599710882444e-05;0,000141784261052739;0,264613179553479;0,014963255815111;0,647995999643468;0,694435125289545;0,408446176193137;7,38872558368597;1,46815006694451;1,46815006694451;2,12866084151373;2,36972862832541;0,0651619658376256;2,56763822940257;0,689705958935423;0,922921539798382;14,8542902836256;23189,8923626847;29251493909959776;2,94659131728921;0,0879994330680498;52,0115382180461;0,888447705094306;2;0
OVCAR-8 R1;bayesynergy;2.5.1;Bayesian;246;PASS;Paclitaxel (NSC 125973);Palbociclib;9,77461208571523e-05;9,77461208571523e-05;0,000138949317594498;0,26857135340677;0,016682635954291;0,581212657423656;0,703466001484149;0,462194939661145;4,87957371393596;4,57129562869011;4,57129562869011;4,01157719414298;4,92685140997195;0,100469361106452;3,55764647590836;1,13952577937783;1,38486256105984;18,5411660152444;12,9129579750683;11669,084717082;2,59062884333181;0,0871945107397428;16,845955099177;0,292555345873901;0;0
OVCAR-8 R1;bayesynergy;2.5.1;Bayesian;247;PASS;Niraparib (MK-4827);Selumetinib (AZD6244);9,65692334095734e-05;9,65692334095734e-05;0,00013688994700887;0,242522947562731;0,0139229693398184;0,534679316614622;0,705451609264747;0,453704475862768;4,01933097309111;3,28713472275259;3,28713472275259;3,26445327630855;3,7469653942672;0,0827231098887667;2,97037160893082;1,00694800768283;1,26144667657119;14,7281293547376;8235,02992724726;3408,12600373199;1,60207890008059;0,0750480912174008;105,928100314487;0,214433099772433;0;0
OVCAR-8 R1;bayesynergy;2.5.1;Bayesian;248;PASS;Paclitaxel (NSC 125973);Quinacrine;9,56492746418052e-05;9,56492746418052e-05;0,000132650104082326;0,145739453864335;0,00864987843455965;0,339264434468772;0,721064452255862;0,429763145880605;3,0838805434226;10,4088056930381;10,4088056930381;3,6556577023671;10,4614467190914;0,100146378470363;3,69750822931426;2,84731409242671;2,82932344440827;22,2617755618309;12,8914261882467;12556,0693699865;67,9584445045398;0,0762961566047671;9,06744079468245;0,622226849282613;0;0
OVCAR-8 R1;bayesynergy;2.5.1;Bayesian;249;PASS;Carboplatin (NSC 241240);Dexamethasone;9,42679789120081e-05;9,42679789120081e-05;0,000128503284257842;0,268721917505218;0,0160629520352489;0,60354253647111;0,733584199473525;0,445347690786345;5,13612237275635;2,70973173346926;2,70973173346926;3,06645413562177;3,31487390579142;0,0730313766530033;2,89538375577301;0,883669415430478;1,14488240088451;18,3210585021673;25440,7869245857;185,196975006209;2,14787771863014;0,0682884685425642;512,913316225068;0,421081367534291;0;0
OVCAR-8 R1;bayesynergy;2.5.1;Bayesian;250;PASS;Dabrafenib ;Paclitaxel (NSC 125973);9,40441549791942e-05;9,40441549791942e-05;0,000126174743420502;0,19610552552003;0,0123221654743172;0,524291444616349;0,745348493919843;0,374155325980433;10,4146975502513;4,08652834852283;4,08652834852283;3,07925997720203;4,34239445470548;0,0798595928330534;2,93101054440399;1,3271137801869;1,48153491395524;18,5176394843542;574472303,966821;12,6745183822415;2,49850381589147;0,0730912584973134;23,2538508353504;0,239916218466433;1;0
OVCAR-8 R1;bayesynergy;2.5.1;Bayesian;251;PASS;Dasatinib (BMS-354825);Niraparib (MK-4827);9,37555838592724e-05;9,37555838592724e-05;0,000127644012195215;0,219359110689986;0,0130869853780864;0,512662589348243;0,734508280074158;0,428007705432933;4,91525871963595;3,25451503543396;3,25451503543396;3,34748330321663;3,761145649624;0,0800488340167954;3,00872312578547;0,972227414041668;1,25008034717123;14,6828783924318;73,6294477001775;7967,02273777238;1,76641086264025;0,0785641879320326;37,9219179535302;0,199179932319111;0;0
OVCAR-8 R1;bayesynergy;2.5.1;Bayesian;252;PASS;Fludarabine (Fludara);Olaparib (AZD2281);9,21704673977383e-05;9,21704673977383e-05;0,000125507296261517;0,328544306662326;0,0154136128506071;0,698646301103103;0,734383339799503;0,470350958483048;7,49468892132452;4,95389761540275;4,95389761540275;3,60853796517039;5,19056352351683;0,079669154756829;3,33069002116579;1,37282679667438;1,55840486221533;18,6085651248814;10142,7886900977;21102,494798527;3,33306414275164;0,0714124913382286;17,4524669913926;0,418034734916191;0;0
OVCAR-8 R1;bayesynergy;2.5.1;Bayesian;253;PASS;Olaparib (AZD2281);Tamoxifen (ICI 46474);9,16658718759497e-05;9,16658718759497e-05;0,000123027312487649;0,27029998995747;0,0145104196912258;0,649100570559688;0,745085542571307;0,41652019405794;6,7570283604496;2,96929612861315;2,96929612861315;2,77162128483565;3,32884635818195;0,0671258076092765;2,5576420990968;1,07132101519751;1,30152938886856;13,7753630850194;25296,4105242276;17099,2752751743;2,24109346223233;0,0569856781198031;24,2529140638916;0,352989953790827;0;0
OVCAR-8 R1;bayesynergy;2.5.1;Bayesian;254;PASS;Carboplatin (NSC 241240);Dabrafenib ;9,15866522302162e-05;9,15866522302162e-05;0,000123631837385231;0,207958267677301;0,0121230216108366;0,494505100734793;0,7408015133257;0,420666247788553;4,58083870445079;1,54555544055251;1,54555544055251;2,1271818460799;2,19853428136001;0,0553053095696844;2,32051279504679;0,726574196465975;0,947434673082974;11,8417803117646;23914,8376790001;233151860,106226;2,02273808982273;0,0754459608978098;35,3544601025254;0,641292367698177;2;0
OVCAR-8 R1;bayesynergy;2.5.1;Bayesian;255;PASS;Carboplatin (NSC 241240);Niraparib (MK-4827);9,14847848530354e-05;9,14847848530354e-05;0,00012080121249987;0,25547720674323;0,0146896847239384;0,603950520491567;0,757316776544226;0,423117201636277;4,87542458497797;2,7276500239486;2,7276500239486;3,02912441622955;3,3664582117307;0,0778627079224201;2,91781837833718;0,900474740929853;1,15375865637298;15,9038091771133;19981,4695582057;8096,69637906158;1,5425218165718;0,0783630887897633;16,435413849596;0,280299328179027;0;0
OVCAR-8 R1;bayesynergy;2.5.1;Bayesian;256;PASS;Carboplatin (NSC 241240);Mebendalzole;9,08619931217429e-05;9,08619931217429e-05;0,000116882685934657;0,196610880843713;0,0127484409025951;0,500583436669309;0,777377696235857;0,392894379726104;5,49504279993923;8,76600424698148;8,76600424698148;3,71905254748095;8,57782913201121;0,126889222757584;3,76128459263025;2,35705307603653;2,2805583892318;19,8808736488659;26028,199481924;480,572330011633;15,8585936344544;0,098490421361781;27,2261810723651;0,95944973408633;0;0
OVCAR-8 R1;bayesynergy;2.5.1;Bayesian;257;PASS;Carboplatin (NSC 241240);Ruxolitinib (INCB018424);8,77697497916867e-05;8,77697497916867e-05;0,000113752505193581;0,179676590857298;0,0134049651190785;0,55631714807298;0,771585202825402;0,323082377407227;14,3438445391479;1,40330068911832;1,40330068911832;2,04146878446784;2,65695419516079;0,0794393052111654;3,06721458659038;0,687397573646527;0,866243335819014;16,4300300115531;71557,8339802518;35919806,8312685;3,18636587573031;0,150178488014265;15,0714936047789;1,25801926558005;13;0
OVCAR-8 R1;bayesynergy;2.5.1;Bayesian;258;PASS;Dexamethasone;Niraparib (MK-4827);8,50744903725135e-05;8,50744903725135e-05;0,000102755478569892;0,157071563824379;0,0112016565631077;0,408211543710148;0,827931430582047;0,384949232229512;3,87682792563122;4,99767334336457;4,99767334336457;3,37575471598096;5,01045979445874;0,0915462367652791;3,13481234232627;1,48046104170584;1,59832846349603;18,3785606770422;66,4994771057423;8683,83489873696;4,20889621127387;0,0634675545378213;18,3992305978238;0,35605878844131;0;0
OVCAR-8 R1;bayesynergy;2.5.1;Bayesian;259;PASS;Nutlin-3a;Carboplatin (NSC 241240);8,45092368443936e-05;8,45092368443936e-05;0,000102001253042991;0,200248593049527;0,0173815895442963;0,562066277038386;0,828511751799508;0,356389697307289;8,20977639826522;2,17300027992582;2,17300027992582;2,97212791483938;2,97300074759247;0,120026163934382;2,94904866640235;0,731126096247865;1,00812196877692;14,8625887320081;258856,343340062;29829,2305657405;2,63722439796615;0,067191781002662;22,8283613452388;0,689670561638423;2;0
OVCAR-8 R1;bayesynergy;2.5.1;Bayesian;260;PASS;Niraparib (MK-4827);Volasertib (BI 6727);8,42291472657615e-05;8,42291472657615e-05;9,6350965970522e-05;0,136318655953594;0,00908226708285002;0,374764768940727;0,874190999720033;0,363932011323384;3,70456461323451;8,58412547356602;8,58412547356602;2,98873578530677;8,683205155217;0,0834595709339365;3,13087977573075;2,87215936442669;2,77340740533237;21,9718436937071;7791,89419485816;762,110951941825;56,6026969558918;0,0730730879129017;14,1810012942216;0,740315583220314;0;0
OVCAR-8 R1;bayesynergy;2.5.1;Bayesian;261;PASS;Carboplatin (NSC 241240);Selumetinib (AZD6244);8,25056480520804e-05;8,25056480520804e-05;9,62975543764795e-05;0,178101415507011;0,0114517544050348;0,475405702681778;0,856778228546916;0,374772688395404;5,4315753185502;4,53622375392583;4,53622375392583;4,03073677233911;4,98661564492541;0,118575213224901;3,66121371713394;1,12540808545366;1,36201162515829;17,9357502190269;25081,5626370397;3753,68723748046;2,31560968889589;0,0916295889174887;24,6871817162195;0,261341690022404;0;0
OVCAR-8 R1;bayesynergy;2.5.1;Bayesian;262;PASS;Paclitaxel (NSC 125973);Vemurafenib (PLX4032);8,11118049731549e-05;8,11118049731549e-05;9,662514046071e-05;0,120858412029184;0,00834302161254608;0,332336524623213;0,839448249041737;0,363864423897555;3,29400057195926;4,68731192010542;4,68731192010542;3,34791329476524;5,00923416117036;0,0849383126236886;3,24242307626999;1,40006968741826;1,54490454926471;18,7509500212892;13,105887417353;720585279,786018;3,45001578931291;0,0805999233928054;36,3491541561088;0,333266272195048;8;0
OVCAR-8 R1;bayesynergy;2.5.1;Bayesian;263;PASS;Crizotinib (PF-02341066);Paclitaxel (NSC 125973);8,05265667071961e-05;8,05265667071961e-05;8,63423488973356e-05;0,0965877160462671;0,00945533175717262;0,302946864531182;0,932642761467438;0,319060465496384;4,28518231276825;13,3061215498229;13,3061215498229;3,55920562387756;13,2943178641843;0,0877283123338034;3,57348257396595;3,73850880110899;3,7202693979923;26,9230250147197;6048,59635537159;12,574872091822;517,450723035375;0,0828855533097233;15,3012674178307;0,791824156338503;0;0
OVCAR-8 R1;bayesynergy;2.5.1;Bayesian;264;PASS;Niraparib (MK-4827);Olaparib (AZD2281);7,89754857150334e-05;7,89754857150334e-05;8,40984684428643e-05;0,149055922899084;0,00909586059683984;0,398316735638114;0,939083519323405;0,374396773486686;4,50655094108384;4,10694794371602;4,10694794371602;3,48541592471481;4,36658594389766;0,0813708579244131;3,11788221981254;1,17832362978374;1,4004974004952;15,5631759222472;8556,23413771652;29759,9453979377;2,57558221518114;0,0661654096540815;15,2185954570777;0,320415315463629;0;0
OVCAR-8 R1;bayesynergy;2.5.1;Bayesian;265;PASS;Olaparib (AZD2281);Ruxolitinib (INCB018424);7,80440705657425e-05;7,80440705657425e-05;7,66051676902303e-05;0,121632732820238;0,00844555218040319;0,368656283845493;1,0187833656514;0,330139895182959;4,089421144283;3,44082488671811;3,44082488671811;4,48813753494712;4,25384916162098;0,0997826205821186;3,84744328667856;0,766648717853664;1,10563011450996;18,7599270646337;21567,0005234168;6338975632,4215;4,40131162141705;0,122923973802139;18,5126526812112;1,84214250945631;10;0
OVCAR-8 R1;bayesynergy;2.5.1;Bayesian;266;PASS;Binimetinib (MEK162);Trametinib (GSK1120212);7,68709000837511e-05;7,68709000837511e-05;7,55712494841431e-05;0,0604159450644597;0,00574312250127173;0,192239738939521;1,01719768574001;0,31465965207221;2,11736900985326;11,2597140308437;11,2597140308437;2,25379434505355;11,3202704721663;0,0530451639726875;2,35502910479947;4,99589239610778;4,80684949884315;20,7211602913195;1028,84985248315;16,822797289865;5163,19092541393;0,055614230887566;15,6464642033525;0,418451861408717;0;0
OVCAR-8 R1;bayesynergy;2.5.1;Bayesian;267;PASS;Ruxolitinib (INCB018424);Trametinib (GSK1120212);7,31661189884349e-05;7,31661189884349e-05;6,6088458833493e-05;0,130433964735994;0,0130503985387279;0,453335781190319;1,10709373890491;0,287883494566782;7,59553874583469;7,21784323341372;7,21784323341372;4,87557595317292;7,35688544419419;0,134553669113166;4,48067607919518;1,48040832564951;1,64191414736582;24,7797377319861;1358706285851,67;23,8548852927423;5,42800855820418;0,10948418214543;40,7857921686893;0,500790083584024;1;0
OVCAR-8 R1;bayesynergy;2.5.1;Bayesian;268;PASS;Carboplatin (NSC 241240);Tamoxifen (ICI 46474);6,92838594996892e-05;6,92838594996892e-05;5,71195064053942e-05;0,113386464529488;0,00995819443744713;0,40597926749437;1,21296320398781;0,279482843381053;4,79708169781435;6,5613748871166;6,5613748871166;3,62118331414294;6,60312462973592;0,113800036091189;3,55886354698091;1,81194220725872;1,85540258640642;19,6668667968628;21487,9629982714;16344,8193255006;7,90701103679138;0,0695112030643429;334,238007717499;0,717836442452336;0;0
OVCAR-8 R1;bayesynergy;2.5.1;Bayesian;269;PASS;Fludarabine (Fludara);Niraparib (MK-4827);6,43448839705251e-05;6,43448839705251e-05;4,615091633503e-05;0,051875445372794;0,00459701431330534;0,187010268231293;1,39422765744058;0,277849868147553;2,55706411474574;13,8664437770251;13,8664437770251;3,69430366268445;13,7957279558238;0,12323565919338;3,90388926303498;3,75346615847738;3,53384202939676;26,6083175339003;9686,50501075858;8524,15302043025;295,521130312387;0,0745230550658191;13,9495932933556;0,807563225882643;0;0
OVCAR-8 R1;bayesynergy;2.5.1;Bayesian;270;PASS;Dexamethasone;Paclitaxel (NSC 125973);6,1842757073686e-05;6,1842757073686e-05;4,29258892184637e-05;0,0280101514524803;0,00305355195997432;0,121492216069132;1,44068668581211;0,231278493621512;1,88384639095499;10,3050131056087;10,3050131056087;2,96846814575002;10,308037762368;0,0701070576589839;3,0872968567229;3,47149189401358;3,33885539381196;21,1910322755901;67,8269358833976;12,5523003105908;145,739116163613;0,0630121375868769;76,0118595057536;0,512291103357798;0;0
OVCAR-8 R1;bayesynergy;2.5.1;Bayesian;141;FAIL;Simvastatin (MK 733);Trametinib (GSK1120212);0,268215682897893;0,268215682897893;0,397557826790224;0,661869371468305;0,0209675399979173;0,944576193795718;0,674658288237954;0,700734319551883;7,33602174303614;0,566969758049323;0,566969758049323;0,839238433207873;1,16703521512707;0,0351163008024946;1,51705399206665;0,675576493657659;0,769277310649467;9,72148391424476;44339,1748991746;16,468048031213;0,714211957248682;0,0716684619173986;27,1301282039564;0,0982806444728439;0;254
