Sample;Package;Version;Model;Rank;QC;Drug A;Drug B;Synergy Score;Median (syn);MAD (syn);Mean (syn);SEM (syn);SD (syn);Median/MAD (syn);Mean/SD (syn);Maximum (syn);Antagonism Score;Median (ant);MAD (ant);Mean (ant);SEM (ant);SD (ant);Median/MAD (ant);Mean/SD (ant);Maximum (ant);EC50 (Drug A);EC50 (Drug B);bayesfactor;observation noise;kernel length scale;kernel amplitude;divergent;max_treedepth
OVCAR-8 R3;bayesynergy;2.5.1;Bayesian;1;PASS;Navitoclax (ABT-263);Paclitaxel (NSC 125973);26,3972954816841;26,3972954816841;3,66897002494371;26,3562364318775;0,0851044966837786;3,72022540319822;7,1947427485699;7,08458052278754;38,1773639628999;6,66341789690961e-05;6,66341789690961e-05;4,84950657953538e-05;0,0497689804262269;0,00551407671599339;0,174562100276391;1,37404038691871;0,285107594073545;2,92193457758221;24140,5072936259;9,78852869391629;469204,880314758;0,0843642552640972;7,87502455376767;1,94642653590532;0;0
OVCAR-8 R3;bayesynergy;2.5.1;Bayesian;2;PASS;Paclitaxel (NSC 125973);Venetoclax (ABT-199);14,8870174553411;14,8870174553411;3,69229042393162;14,6038496900098;0,139112339647218;4,11726435889639;4,03191941751135;3,54697889226291;25,9867873888287;8,2924541164893e-05;8,2924541164893e-05;9,66378597851958e-05;0,114716039860578;0,00928141344405583;0,344769724753003;0,85809579546997;0,332732347490088;6,64565647753465;10,0314156752864;19033,9643932689;202,120532261609;0,0763668494749664;18,4915121618112;0,885204818606868;0;0
OVCAR-8 R3;bayesynergy;2.5.1;Bayesian;3;PASS;Cerdulatinib (PRT062070, PRT2070);Olaparib (AZD2281);11,9745054458408;11,9745054458408;3,9640457523038;11,0158010530812;0,38763064817268;5,27855886683407;3,02077881893304;2,08690051078386;28,2885574238124;3,82469944020544;3,82469944020544;1,92881906567891;3,9726803306484;0,0591742054463624;2,00143803068695;1,98292287144062;1,98491298243436;13,5231704657482;5901,93676536732;17936,7915115191;18,5450694000484;0,0601492407418798;1,86524975941524;5,01359221203587;0;1
OVCAR-8 R3;bayesynergy;2.5.1;Bayesian;5;PASS;Afatinib (BIBW2992);Paclitaxel (NSC 125973);10,4801479811902;10,4801479811902;3,86863998754785;10,1294799348735;0,188054054065664;4,13906718530372;2,70900058287229;2,44728682083022;27,7358598754564;1,15709237780249;1,15709237780249;1,59452499082647;1,58298180355101;0,0589785219434626;1,59750039169832;0,725665878214147;0,990911684139321;12,4792396789853;4273,79692086744;10,0325538929756;24,6834434325509;0,10136392794928;3,6654082078552;1,30223125690291;0;0
OVCAR-8 R3;bayesynergy;2.5.1;Bayesian;6;PASS;Paclitaxel (NSC 125973);TNKS1/2 inhibitor (OM-153);9,00624195315178;9,00624195315178;4,74175142697825;8,85961786897528;0,154114649970271;4,53014645381756;1,89934923663663;1,95570333504253;22,7029828932242;0,0232625302654015;0,0232625302654015;0,0344753305003128;0,543966680905557;0,0359209225144893;1,09067049197613;0,674758731179979;0,49874520756491;12,1867037161425;9,90065341145001;4124287,42397936;7,30816749330153;0,0855350759194927;12,7368904219066;0,531822367682379;0;0
OVCAR-8 R3;bayesynergy;2.5.1;Bayesian;7;PASS;Pictilisib (GDC-0941);Trametinib (GSK1120212);8,34430870509995;8,34430870509995;3,23278816958587;8,33595286557821;0,0971222341216926;3,21767640589517;2,58114923322331;2,59067501334346;18,8664441583268;0,238039683662775;0,238039683662775;0,352810031568784;0,494558314531209;0,0198129815415846;0,699143936709829;0,674696472218552;0,707376962830573;5,94552470091763;3296,33973099305;94,1602154439371;20,3137036414673;0,0674488699297496;8,44357483254724;0,608508919960571;0;0
OVCAR-8 R3;bayesynergy;2.5.1;Bayesian;8;PASS;Binimetinib (MEK162);Paclitaxel (NSC 125973);7,05626880548302;7,05626880548302;3,6946401077383;6,96501900019621;0,118104848800672;3,5994713724627;1,90986634684767;1,93501317854989;18,2896381181837;9,46778473278018e-05;9,46778473278018e-05;0,000131442776294849;0,221636421677692;0,0169925216807245;0,524917583042183;0,720297075249101;0,422230896502244;5,25737481160996;19312,1608552638;10,1798536026022;7,15381115712668;0,0693599535006947;74,4773423692278;0,357023710519567;0;0
OVCAR-8 R3;bayesynergy;2.5.1;Bayesian;9;PASS;Paclitaxel (NSC 125973);Temsirolimus (CCI-779);7,03310715387202;7,03310715387202;3,44313841037224;6,85163755672965;0,120443662404998;3,35137281422328;2,04264433073188;2,04442851899333;18,1243569460509;0,609878844276083;0,609878844276083;0,903653514359961;1,03468720712725;0,039660701323979;1,23885897352277;0,674903416613223;0,835193697782286;10,2656684105966;10,96875731357;125,096672397705;7,2921895337962;0,0669302362772983;14,3376071192262;0,497299346708935;0;0
OVCAR-8 R3;bayesynergy;2.5.1;Bayesian;10;PASS;Paclitaxel (NSC 125973);Tamoxifen (ICI 46474);6,97000915416876;6,97000915416876;4,19145828198971;6,93924133785731;0,129384085352204;3,91159843359944;1,66290791539503;1,77401820649292;20,2580211540055;0,121550825398688;0,121550825398688;0,180183118452941;0,721745706961368;0,0317139869280652;1,16879141195267;0,674596080045277;0,61751455356398;7,49239552831618;11,0759945678273;24523,515060864;5,92480855674253;0,0863179824136635;11,3412439827653;0,545023479979671;0;0
OVCAR-8 R3;bayesynergy;2.5.1;Bayesian;11;PASS;Fludarabine (Fludara);Trametinib (GSK1120212);6,90100213839509;6,90100213839509;3,26308963359645;6,74970589967289;0,157327293448415;3,32617213082801;2,1148674763154;2,02927274076683;23,1582399197093;1,13164327252094;1,13164327252094;1,05559537531052;1,39046601746845;0,0320472576626573;1,17186622620653;1,07204265856891;1,18653988516211;8,73531641920409;10853,0614761542;89,0497337931622;6,09291556523045;0,0634077795038227;2,74969176923318;0,599407983544744;0;0
OVCAR-8 R3;bayesynergy;2.5.1;Bayesian;12;PASS;Erlotinib;Paclitaxel (NSC 125973);6,61627469794528;6,61627469794528;3,25279903078486;6,51277583924622;0,103520468012455;3,21881567911813;2,03402504591526;2,0233463619721;16,1952097496219;8,62668469939143e-05;8,62668469939143e-05;0,000105035341394942;0,201488230437548;0,0178351446767826;0,496346172274401;0,8213125777308;0,405942952101898;4,05762929941142;11396,4537562321;10,2395666421496;5,19007431081533;0,0636769584180891;176,898964625382;0,306322205348908;0;0
OVCAR-8 R3;bayesynergy;2.5.1;Bayesian;13;PASS;MK-2206 2HCl;Trametinib (GSK1120212);6,59756275232398;6,59756275232398;4,63255013877289;6,56486612766595;0,655793525053836;4,09719836722854;1,42417514213275;1,60228298029838;20,1121218023151;0,0174712896056769;0,0174712896056769;0,0258949232463294;0,41636813109179;0,0701077561135324;0,835915072220473;0,674699416541171;0,498098604665394;7,29495119670279;11854,9190324666;219,524267927964;27,6279071359873;0,0740531080082535;14,1363516661802;0,556812383885923;19;0
OVCAR-8 R3;bayesynergy;2.5.1;Bayesian;14;PASS;Gedatolisib (PKI-587);Trametinib (GSK1120212);6,21341432627457;6,21341432627457;2,82087592012329;6,17031528427144;0,0935711264336444;2,89792155692864;2,20265424719674;2,12922140797666;15,8610405388637;8,3887805745402e-05;8,3887805745402e-05;0,000100614965521955;0,133154106533892;0,00966674573829571;0,357980933068289;0,833750777632546;0,371958655430656;3,56515050312;944,400032953468;84,6389991727148;8,63287700488846;0,0571369378092626;19,3183751720781;0,306746808744769;0;0
OVCAR-8 R3;bayesynergy;2.5.1;Bayesian;15;PASS;Trametinib (GSK1120212);Volasertib (BI 6727);5,61850916880738;5,61850916880738;3,02343418727717;5,53930156935469;0,159489145982253;3,07454010307196;1,85832031418129;1,80166973741133;17,784292745827;5,77173703193309;5,77173703193309;2,57713703160264;5,78161958262521;0,0998661397300787;2,59872342936884;2,23959260262689;2,2247921873046;15,911775879159;87,9606841967657;501,77231037819;16,1995050373108;0,0611052207757126;1,88833899535698;1,42495355352185;0;0
OVCAR-8 R3;bayesynergy;2.5.1;Bayesian;16;PASS;Nutlin-3a;Paclitaxel (NSC 125973);5,44475732430078;5,44475732430078;3,82845651727199;5,64222226208315;0,122306181444714;3,56345634128866;1,42218079263455;1,58335798750542;18,2865732838095;0,0231138101644859;0,0231138101644859;0,0342539513700529;0,355587143080441;0,0185402534787964;0,696394318852343;0,674777923130163;0,510611780501668;6,04628764272262;759739,424314413;9,79853236057961;3,93928702868065;0,0765695071663239;57,0193830262205;0,382907223156247;0;0
OVCAR-8 R3;bayesynergy;2.5.1;Bayesian;17;PASS;Sorafenib (Nexavar);Trametinib (GSK1120212);5,40998144615237;5,40998144615237;3,30897586208169;5,54276071389049;0,119481465153733;3,20215196760967;1,63494134488758;1,73094990016803;19,3644502059677;0,00413323518140203;0,00413323518140203;0,00612234657821315;0,312312973023982;0,0232554848474003;0,708346873451053;0,675106371160116;0,440904004421448;10,156653301618;6897,3504017686;57,4022221664851;4,70160643992863;0,0561100426985784;14,3451511108887;0,370265087972244;0;0
OVCAR-8 R3;bayesynergy;2.5.1;Bayesian;18;PASS;Paclitaxel (NSC 125973);Selumetinib (AZD6244);4,72579768173068;4,72579768173068;4,00916754970609;4,9751558660481;0,0994152597458445;3,46078291320058;1,17874786302636;1,43758352006594;17,6217722137939;0,0820793325883979;0,0820793325883979;0,121664289800913;0,654019853143339;0,0310549485833673;1,18781768757658;0,674637831057164;0,550606258842371;10,307335694991;11,8096880205479;12388,4280373007;2,75977560715629;0,0876202703156483;24,0365426034464;0,403246653642342;0;0
OVCAR-8 R3;bayesynergy;2.5.1;Bayesian;19;PASS;Adavosertib (MK-1775);Trametinib (GSK1120212);4,60628681303495;4,60628681303495;2,88470965067575;4,59409508857082;0,0955513579677302;2,77112083436239;1,59679391371535;1,6578493442186;13,6180775053879;0,696239332395028;0,696239332395028;1,03212843425958;1,40321657348527;0,068868519554435;1,76592797983557;0,674566564862141;0,794605776400872;12,822669945102;900,659395674751;80,1616699162097;5,47800010156165;0,0742115511679803;9,7593457888628;0,547340266156852;0;0
OVCAR-8 R3;bayesynergy;2.5.1;Bayesian;20;PASS;Abemaciclib (LY2835219);Niraparib (MK-4827);4,51586800024184;4,51586800024184;5,58249918383549;4,7300056143874;0,444747267635828;4,0918089909427;0,808933033670268;1,15597431457199;18,5306153316971;2,66968061833694;2,66968061833694;3,42649383549858;3,39365158259679;1,60214876044039;3,11530833822887;0,779128971626615;1,08934693267831;15,2754610845101;8706,11715506067;10680,0591218395;0,0158973416927466;0,0710315715136754;12,6533033899305;1,59804923656103;0;0
OVCAR-8 R3;bayesynergy;2.5.1;Bayesian;21;PASS;Everolimus (RAD001);Paclitaxel (NSC 125973);4,36459497440082;4,36459497440082;3,55856878793351;4,55164018837216;0,094064406455104;3,15277545970471;1,22650291015883;1,44369457182969;15,6429298589958;0,0701255127358263;0,0701255127358263;0,103941097420588;0,4890698624001;0,0269205295027161;0,914000105549555;0,674665887469614;0,535087315012989;8,38698238976328;234,706144054325;11,2405181584055;2,53079509910697;0,0717167379268245;14,2800334789109;0,260339569629749;0;0
OVCAR-8 R3;bayesynergy;2.5.1;Bayesian;22;PASS;TNKS1/2 inhibitor (OM-153);Trametinib (GSK1120212);4,27404696862265;4,27404696862265;2,81132237274198;4,44512549282362;0,0740933668614951;2,71058984387785;1,5202977111636;1,63991242981386;14,5435250122685;9,05540317756342e-05;9,05540317756342e-05;0,000119076115593528;0,216513282173263;0,0136635694239227;0,523388956292934;0,760471832023346;0,413675679568759;5,57829507020556;1099,16148987889;89,6720350101749;3,64178334836273;0,0581550585787922;22,9592499705013;0,310615346330818;0;0
OVCAR-8 R3;bayesynergy;2.5.1;Bayesian;23;PASS;MK-2206 2HCl;Niraparib (MK-4827);4,16073318476665;4,16073318476665;3,5709289738408;4,31652585842245;0,120559574010696;3,22232994778229;1,16516828400859;1,33957037879281;19,6061921702559;0,441135584948468;0,441135584948468;0,653886601244465;0,916770960425568;0,0302154196554167;1,23744739707311;0,674636219963686;0,740856510421352;10,1443417925528;11985,0112313427;9210,56068974351;3,85241290100402;0,0762668769947154;11,955177340695;0,719722042123744;0;0
OVCAR-8 R3;bayesynergy;2.5.1;Bayesian;24;PASS;Niraparib (MK-4827);Temsirolimus (CCI-779);3,95238284401844;3,95238284401844;3,0216305879234;4,01650835065288;0,132686915005997;2,71460650999589;1,30802979683056;1,47959549799466;14,0993563014851;0,853755910353733;0,853755910353733;1,08253653185529;1,13506149475026;0,038065344987727;1,09385493775806;0,788662447160589;1,03767095212521;7,07988690520892;9789,70494819412;119,687453573623;3,41759322663718;0,0530966983375332;14,099970050401;0,345242162542513;0;0
OVCAR-8 R3;bayesynergy;2.5.1;Bayesian;25;PASS;Navitoclax (ABT-263);Trametinib (GSK1120212);3,94086990154827;3,94086990154827;2,95414880497933;4,07646144861584;0,0938865896657519;2,7778219820879;1,3340119816936;1,46750711205455;14,9878744602688;0,614304603304087;0,614304603304087;0,910625611260496;1,15078957384705;0,0388924267396063;1,40084137630558;0,674596228908784;0,821498845845071;12,399908040461;39604,0708848049;121,533584299753;3,76101211416276;0,067476628795763;10,3671401675086;0,479063424063737;0;0
OVCAR-8 R3;bayesynergy;2.5.1;Bayesian;26;PASS;MK-2206 2HCl;Paclitaxel (NSC 125973);3,93791014527399;3,93791014527399;3,84599399232857;4,44875534359081;1,35511312384267;3,52925327791063;1,02389919306394;1,26053942871959;17,1126955206091;0,232875071262485;0,232875071262485;0,34519399110592;0,697025206826371;0,0294246323481908;1,09267854658964;0,674620871923082;0,637905090204117;9,88568793354485;7070,3889452259;9,81653724110875;2,35268974920632;0,091350012634861;15,5630189201008;0,257750762725523;0;0
OVCAR-8 R3;bayesynergy;2.5.1;Bayesian;27;PASS;AZD8055;Paclitaxel (NSC 125973);3,82079458139188;3,82079458139188;2,03615687501893;3,80661823524776;0,0976469824227007;2,00376458708377;1,87647358033568;1,89973567126899;12,1151482027006;5,43176145617263;5,43176145617263;2,36633712997273;5,39420463366982;0,121945880984912;2,45393217029062;2,29543009209141;2,19818815653367;14,0778120893514;189,186679799798;8,89652656652423;18,3283698679783;0,0640922808283226;3,72098996030791;0,645674699418817;0;0
OVCAR-8 R3;bayesynergy;2.5.1;Bayesian;28;PASS;Dabrafenib ;Trametinib (GSK1120212);3,8089945496016;3,8089945496016;3,27769282523409;4,00135340723962;0,114696766728386;2,91416699536681;1,16209625266808;1,37307320989531;14,5908691232143;0,792568330328856;0,792568330328856;1,05763914457829;1,14639071176206;0,0330660201986884;1,21248135510742;0,749374996558849;0,945491414719934;7,71537563295682;490,950986082693;56,7522921874277;2,71728598090682;0,0589785610490549;6,60241654314892;0,497844554152171;0;0
OVCAR-8 R3;bayesynergy;2.5.1;Bayesian;29;PASS;Temsirolimus (CCI-779);Trametinib (GSK1120212);3,75978531591609;3,75978531591609;3,77219910340257;4,21204694437608;0,256300272135393;3,34187365782136;0,996709137787747;1,26038618714113;20,0404552419883;0,417900270199151;0,417900270199151;0,619497046741172;0,966053530892168;0,0869470359630945;1,29158747766024;0,674579923177182;0,747958266552889;7,94416009763907;649,269727539206;113,291174617109;2,12148889204281;0,054765444151293;20,0166197526589;0,26123508367007;0;0
OVCAR-8 R3;bayesynergy;2.5.1;Bayesian;30;PASS;Paclitaxel (NSC 125973);Pictilisib (GDC-0941);3,75106800910748;3,75106800910748;3,87572815381185;4,14209885204899;0,11037239095556;3,31280870500586;0,967835684094156;1,25033070869005;16,5867689023244;0,293013462571249;0,293013462571249;0,434361220720597;0,831960359884226;0,034017403952668;1,20319035784862;0,674584766303828;0,691461957334685;11,3585401451583;9,51832820661476;2808,15392565647;2,37725634032026;0,0906217956960536;17,4197582166195;0,274933161310281;0;0
OVCAR-8 R3;bayesynergy;2.5.1;Bayesian;31;PASS;Flunarizine 2HCl;Paclitaxel (NSC 125973);3,68587358954883;3,68587358954883;3,79966626709423;4,15408217626289;0,103488296072358;3,36721435234497;0,970051928367798;1,23368790647338;20,1822857781698;0,00266119157053646;0,00266119157053646;0,0039388614015445;0,324314129324863;0,0164740538282069;0,704205372749068;0,675624577572836;0,460539129457092;7,86036552371712;8463,40623999109;9,29608427405997;1,79230781175169;0,0786990145146083;65,1095925748983;0,216930233828044;0;0
OVCAR-8 R3;bayesynergy;2.5.1;Bayesian;32;PASS;Tamoxifen (ICI 46474);Trametinib (GSK1120212);3,5271998036279;3,5271998036279;3,04387945277027;3,7556451903232;0,0840655519429634;2,72538293965769;1,15878432715781;1,37802698667978;14,4807380148849;0,00108404893212617;0,00108404893212617;0,00160348943716955;0,233284324806011;0,0135899597358112;0,517892854331185;0,676056172867413;0,450449012484018;5,41615402354329;32185,2787907804;68,2894363542639;2,12326544327405;0,0614803717347795;27,5947135444737;0,228823299829493;0;0
OVCAR-8 R3;bayesynergy;2.5.1;Bayesian;33;PASS;Selpercatinib (LOXO-292);Trametinib (GSK1120212);3,50232582411215;3,50232582411215;3,04037277228262;3,85256227278409;0,0906838248719067;2,7524212642522;1,1519396095245;1,39970133181507;13,7010253840532;0,058844355997468;0,058844355997468;0,0872152262784934;0,300862306793731;0,0129202123546706;0,51673556288837;0,674702784231365;0,582236502384347;4,66735606381086;26193,0430862825;65,6188257669538;2,11209774241211;0,0546679420928435;13,2010213964842;0,245507598768768;0;0
OVCAR-8 R3;bayesynergy;2.5.1;Bayesian;34;PASS;Crizotinib (PF-02341066);Olaparib (AZD2281);3,42496503357531;3,42496503357531;2,56361661636905;3,47772646345675;0,0678574115246987;2,35401218627448;1,33598955932273;1,47736526921907;12,9542202356194;0,0419934812181936;0,0419934812181936;0,0622438811092186;0,4418560306452;0,0207819231292586;0,77458867555151;0,674660391830454;0,570439569531011;6,46179195378244;7732,60952584241;60458,0217467567;2,25285376533894;0,0640151653140911;12,4046464807476;0,47206829272768;0;0
OVCAR-8 R3;bayesynergy;2.5.1;Bayesian;35;PASS;Entrektinib (RXDX-101);Paclitaxel (NSC 125973);3,13032936008685;3,13032936008685;3,37790892184395;3,60861832186966;0,0869054431832417;3,01095272425997;0,926706264885925;1,19850027598224;19,869196747949;0,0252291428805352;0,0252291428805352;0,0373876408433938;0,394831302020274;0,0191447319488695;0,775868650182365;0,674799006072967;0,5088893615272;6,98028843995543;4614,54075586042;10,1657206175503;2,04307353867611;0,0969125567135268;31,2230128739741;0,266329007729446;0;0
OVCAR-8 R3;bayesynergy;2.5.1;Bayesian;36;PASS;Idasanutlin (RG-7388);Paclitaxel (NSC 125973);3,10111521484029;3,10111521484029;3,11798778919305;3,46667339968094;0,0793417372237484;2,72196684808735;0,994588633601697;1,27359491137112;14,1797851959168;0,0261041465212207;0,0261041465212207;0,0386866907182356;0,333531978236687;0,0164366267794504;0,650014221126088;0,674757805244793;0,513114894100123;5,60045669314925;19791,8335850233;9,38945510327324;1,75275207795011;0,0628677567823207;100,045318006745;0,181509029038735;0;0
OVCAR-8 R3;bayesynergy;2.5.1;Bayesian;37;PASS;AZD8055;Trametinib (GSK1120212);3,04173134736658;3,04173134736658;2,42220503480251;3,24388601917882;0,0682738190762156;2,19381055029383;1,25576955858924;1,47865572798756;11,6967774002299;0,109987635610853;0,109987635610853;0,163033563852733;0,509102078357968;0,0360243224972801;0,812539703723858;0,674631855009954;0,626556555974754;6,36046120800996;165,237251483385;73,2645102166478;2,02421253787781;0,0528909065795754;73,3276703798789;0,162103424237988;0;0
OVCAR-8 R3;bayesynergy;2.5.1;Bayesian;38;PASS;Dexamethasone;Trametinib (GSK1120212);2,72510074383368;2,72510074383368;2,4090201079523;2,98358687643948;0,0626664270073908;2,19188006604577;1,13120713888522;1,36120324536858;12,0092137283367;0,0252334239934479;0,0252334239934479;0,0373916309236457;0,295682983428593;0,0130075666773693;0,573396154896838;0,67484149180267;0,515669630679318;5,38303624454183;78,6851380219554;76,0355866398023;1,91798477468846;0,0518939618990987;15,6126922440257;0,171880736867304;0;0
OVCAR-8 R3;bayesynergy;2.5.1;Bayesian;39;PASS;Gedatolisib (PKI-587);Olaparib (AZD2281);2,71892498086566;2,71892498086566;3,14703662892039;3,286948392143;0,0990400327904213;2,91481207767956;0,863963563652071;1,12767485742907;16,2521159417239;0,130783190204668;0,130783190204668;0,193846694135249;0,486861891872615;0,0225955024360596;0,798330619878226;0,67467330711051;0,609849954079024;6,93814416207142;966,5666890373;38581,307376025;1,72932341636789;0,069341510494046;14,2725688617327;0,296427635445913;0;0
OVCAR-8 R3;bayesynergy;2.5.1;Bayesian;40;PASS;Alpelisib (BYL719);Trametinib (GSK1120212);2,69472059220802;2,69472059220802;3,40809453242602;3,42157150795662;0,154876718369598;3,08351736231503;0,790682466865087;1,10963634414442;15,9064245981402;0,566438795435126;0,566438795435126;0,827482660058555;1,04457297624458;0,0429547681226713;1,28217848958704;0,684532525908208;0,814686086787345;9,66103670832651;55939,1349486637;80,0032407674308;1,65660391049387;0,0614486321844823;10,3740936048646;0,385681535154062;0;0
OVCAR-8 R3;bayesynergy;2.5.1;Bayesian;41;PASS;Paclitaxel (NSC 125973);Panobinostat (LBH589);2,30295010126505;2,30295010126505;2,18165085356474;2,55521128440347;0,0561094589187975;1,98552379765585;1,05559975259199;1,2869255520325;11,2715020311382;1,72606015003929;1,72606015003929;2,1535245710563;2,24835580617626;0,0666440577686219;2,15554443422593;0,801504739364388;1,04305704418645;13,9572781564368;11,2083617521862;190,492039309834;3,23899682336972;0,0895636207711952;8,19871818155176;0,441424442823989;0;0
OVCAR-8 R3;bayesynergy;2.5.1;Bayesian;42;PASS;Mebendalzole;Trametinib (GSK1120212);2,28226716580707;2,28226716580707;2,63436969096068;2,87603996488181;0,0749400319798597;2,63242946346098;0,866342781591445;1,09254538958947;16,4955532305145;0,297361884615895;0,297361884615895;0,440778889174209;0,720855035954106;0,0236136907143422;1,01881788831173;0,67462823633182;0,707540615672372;8,63256660364692;552,981582991316;152,029096911673;1,25541398006348;0,0773054423302035;13,5830195150645;0,184245024445285;0;0
OVCAR-8 R3;bayesynergy;2.5.1;Bayesian;43;PASS;Paclitaxel (NSC 125973);Selpercatinib (LOXO-292);2,15031262632492;2,15031262632492;2,61424838430441;2,65222891021908;0,1087006574677;2,42569097471203;0,822535700599492;1,0933970155905;13,536452140409;0,675458054729984;0,675458054729984;1,00135602870089;2,2481421940607;0,212858088360766;3,07648003957217;0,674543354581178;0,730751431877757;16,6166462344294;9,5973753284114;24679,8353185814;1,66763134937267;0,0742041227960214;11,832058648586;0,435558612259795;0;0
OVCAR-8 R3;bayesynergy;2.5.1;Bayesian;44;PASS;Olaparib (AZD2281);Trametinib (GSK1120212);2,13890252265336;2,13890252265336;2,03762282654456;2,4286792392329;0,0501188022065946;1,90751236464999;1,04970482995646;1,27322120858681;10,5510934918724;0,0912434905457025;0,0912434905457025;0,135234604317384;0,409544990191141;0,0161249552525182;0,673562967772389;0,674705198468004;0,608027771398405;5,31001671198704;20145,685718288;90,9618742557488;1,42180555191343;0,0531413666907808;15,5464584365262;0,191075166306043;0;0
OVCAR-8 R3;bayesynergy;2.5.1;Bayesian;45;PASS;Alpelisib (BYL719);Paclitaxel (NSC 125973);2,13639485036819;2,13639485036819;2,67943262955018;2,74302548103565;0,0668017403050743;2,59950939810323;0,7973310568838;1,05521321915981;15,0602117025049;0,200531149262651;0,200531149262651;0,297245441235663;0,693947749736593;0,026793173427785;1,11306941411024;0,674631538263575;0,623454153837582;10,8923826670593;9524,7437741615;10,7138664008799;1,28753147450499;0,0809692341035717;21,8314842390351;0,169561474095554;0;0
OVCAR-8 R3;bayesynergy;2.5.1;Bayesian;46;PASS;Crizotinib (PF-02341066);Niraparib (MK-4827);2,0692712327568;2,0692712327568;2,3211368998827;2,38832516988398;0,0747213500173964;2,03379412011878;0,89149038682784;1,17432882057327;11,1203828263518;0,523552665865805;0,523552665865805;0,745323357972272;0,867971643879486;0,0251326161427794;1,05362599606792;0,702450366362036;0,823794825790855;8,57676563146644;8066,02060816603;7915,37529750897;1,93771816247673;0,054720433720904;5,91025929233092;0,448663172648255;0;0
OVCAR-8 R3;bayesynergy;2.5.1;Bayesian;47;PASS;Carboplatin (NSC 241240);Erlotinib;1,9891697382223;1,9891697382223;2,33691000972501;2,48051004015868;0,0665555617646194;2,20535288831404;0,851196550121489;1,1247746260908;13,8907908351336;0,0351371559446442;0,0351371559446442;0,0520708041441361;0,4002770437484;0,0207839039174814;0,765230116869947;0,674795723288271;0,523080619703874;5,84195199626842;40466,051777863;9812,59714691118;2,55787644457266;0,0725342975262951;14,1941277106568;0,457041278498247;0;0
OVCAR-8 R3;bayesynergy;2.5.1;Bayesian;48;PASS;Cucurbitacin I (JSI-124);Niraparib (MK-4827);1,89522298630766;1,89522298630766;2,79136946440301;3,62981865240607;0,309929231232983;3,98393440609605;0,678958128071732;0,911118721369103;18,3151344850828;2,03025020778141;2,03025020778141;2,5884216419518;2,5947335922527;0,129172524940028;2,45031188764455;0,784358380750714;1,05894013139159;13,3456249673047;672,238554037865;12247,5867904267;2,55285759894316;0,0713329310216533;9,27531227217703;0,75419582498416;0;0
OVCAR-8 R3;bayesynergy;2.5.1;Bayesian;49;PASS;Adavosertib (MK-1775);Olaparib (AZD2281);1,7530917578233;1,7530917578233;2,55155845964598;2,55528928367621;0,0817387986046031;2,63499039274017;0,687067055507141;0,969761359829787;13,340153878054;0,322076267936281;0,322076267936281;0,477446545666342;0,920420692411385;0,0342334769573993;1,31759945970355;0,674580789953731;0,698558796175032;8,80792818411498;877,27785072384;16017,0754321677;1,84862497419193;0,0742164438602583;15,2356244063336;0,37059006338167;0;0
OVCAR-8 R3;bayesynergy;2.5.1;Bayesian;50;PASS;Paclitaxel (NSC 125973);Vinorelbine ditartrate (Navelbine);1,72844958214473;1,72844958214473;1,4414632184239;1,91444719394212;0,0430720476246183;1,39819894221392;1,19909378196595;1,36922948885395;8,78142879933395;11,8730598166025;11,8730598166025;3,25500645243146;11,7594101739293;0,209599795485394;3,64812947834455;3,64763019370774;3,22340811742939;24,9506580835724;10,0566439606987;290,390007422749;44,4580875891573;0,0729472317133348;2,93193615392918;1,20841232713839;0;0
OVCAR-8 R3;bayesynergy;2.5.1;Bayesian;51;PASS;Trametinib (GSK1120212);Vemurafenib (PLX4032);1,71814029335064;1,71814029335064;1,80393027703702;1,88769130001916;0,059164389560345;1,57890883537893;0,952442738625526;1,19558031173731;9,93361346450787;3,37226453876663;3,37226453876663;2,79440308215583;3,69119111246573;0,0989026811835324;2,62584076340842;1,20679244891363;1,40571780433268;13,0251685489038;160,531437871608;8818,25851150974;4,37500644241747;0,0639699195019974;5,6198229355368;0,691363502576967;0;0
OVCAR-8 R3;bayesynergy;2.5.1;Bayesian;52;PASS;Navitoclax (ABT-263);Niraparib (MK-4827);1,62962096383452;1,62962096383452;2,29324281797448;2,39363596033421;0,072505477887107;2,51025584275927;0,710618583894182;0,953549786966426;14,5757484513913;0,147961929498293;0,147961929498293;0,219330145625997;0,688777285339751;0,0258290309791568;1,12773723375638;0,674608267258429;0,610760436671497;10,6430465167736;30086,7911281616;11029,7819350263;1,82257131902718;0,0683695950691594;21,3627103710327;0,343507800875166;0;0
OVCAR-8 R3;bayesynergy;2.5.1;Bayesian;53;PASS;Afatinib (BIBW2992);Trametinib (GSK1120212);1,56759707655955;1,56759707655955;2,14658078154851;2,33302809756737;0,0760830483975944;2,4355802582941;0,730276302682962;0,95790100100882;15,9929849455401;0,890995575880312;0,890995575880312;1,22025008442076;1,40937372534052;0,0388356081818713;1,60041871736401;0,730174566063039;0,880628119409806;14,2262554039408;4502,50153228804;155,540122500968;1,27721411212942;0,0819122218175325;10,9650769212009;0,29344942271669;0;0
OVCAR-8 R3;bayesynergy;2.5.1;Bayesian;54;PASS;Panobinostat (LBH589);Trametinib (GSK1120212);1,55912883094425;1,55912883094425;1,95965549322434;2,09577296698265;0,055347432955226;1,96726183742276;0,795613737381419;1,06533021368305;11,1895582816682;0,177027182259254;0,177027182259254;0,26239782641096;0,54606478700912;0,0232755881219118;0,867594116971445;0,674651862329069;0,629401209998169;7,97285942041002;179,451035521662;91,8570959962884;1,14395935268971;0,0689293971203897;16,7491183788109;0,199348424407486;0;0
OVCAR-8 R3;bayesynergy;2.5.1;Bayesian;55;PASS;LJH-685;Paclitaxel (NSC 125973);1,55568045038824;1,55568045038824;2,08368253283222;2,09359317067172;0,0569950476074027;2,06274101727451;0,746601474013271;1,01496471818354;10,6422619685421;0,192337387222784;0,192337387222784;0,28511095036298;0,737569486530371;0,0264861493342575;1,19416002860611;0,67460540178452;0,617647106637209;9,60265289010418;6367,72987416217;10,7827256136584;1,04427491697111;0,0716553910463777;16,1923110576741;0,156825474821174;0;0
OVCAR-8 R3;bayesynergy;2.5.1;Bayesian;56;PASS;Carboplatin (NSC 241240);Panobinostat (LBH589);1,47397995331296;1,47397995331296;2,15329932379164;2,44308574345488;0,0721473470236585;2,69964164976804;0,684521625501421;0,904973834303782;20,0996244731531;0,22419525029249;0,22419525029249;0,332341336878198;1,32077149476837;0,114061156159092;2,45174087778828;0,674593333463831;0,538707620668233;20,5860255779469;38198,7145346489;167,39641593454;1,68465149429629;0,100457540281148;15,2490235659725;0,424383440681245;0;0
OVCAR-8 R3;bayesynergy;2.5.1;Bayesian;57;PASS;Olaparib (AZD2281);Paclitaxel (NSC 125973);1,46296767861742;1,46296767861742;2,04096133749458;2,066679174699;0,0662964999003613;2,1100067097396;0,716803229802143;0,979475112433746;12,1049946467659;0,670835459945898;0,670835459945898;0,994445597029882;1,34966827837785;0,04423883890699;1,67873057842055;0,674582362222214;0,803981470122318;12,5524862631407;30739,7954240294;11,4961761817596;1,30828048027455;0,0771141759701448;12,2593664826874;0,24424840454178;0;0
OVCAR-8 R3;bayesynergy;2.5.1;Bayesian;58;PASS;Lapatinib Ditosylate (Tykerb);Paclitaxel (NSC 125973);1,45683814439216;1,45683814439216;1,93467286549841;2,11929522820965;0,0615345567526673;2,16790727888303;0,753015235997976;0,977583312295969;10,6751207465213;0,357931639790716;0,357931639790716;0,530538874135732;0,755218676303268;0,0252596322058821;1,02342557997391;0,674656763604364;0,737932186845005;7,77346411962625;7707,15332247335;9,97315077960391;0,961607463869889;0,0753550269608613;20,1042177362816;0,120901656972784;0;0
OVCAR-8 R3;bayesynergy;2.5.1;Bayesian;59;PASS;Cerdulatinib (PRT062070, PRT2070);Paclitaxel (NSC 125973);1,41151095210357;1,41151095210357;1,98044999400981;2,21915305176014;0,0648636870734133;2,37505298537051;0,712722339050676;0,934367657389305;13,8441423095385;0,678733769144177;0,678733769144177;1,00360714105738;1,26246995332119;0,0448030813929163;1,58306639917371;0,676294280278912;0,797483892008662;12,6322048059544;34033,9085795368;10,0838611993232;1,621058324111;0,0817571001602831;159,294547342205;0,296211411531148;0;0
OVCAR-8 R3;bayesynergy;2.5.1;Bayesian;60;PASS;Everolimus (RAD001);Trametinib (GSK1120212);1,39337245035808;1,39337245035808;1,80210959275882;1,98440130679512;0,0683823345553022;1,9668895905544;0,77318963061785;1,00890883061075;13,7683534327794;0,41122852210021;0,41122852210021;0,603705263793402;0,788110416572987;0,0293494310197863;0,97035271434969;0,681174319263413;0,812189634674399;6,29639600799732;50,4988123116076;55,6706414914439;0,977432894326839;0,0589192670108365;31,5669722443538;0,130482206870905;0;0
OVCAR-8 R3;bayesynergy;2.5.1;Bayesian;61;PASS;Idasanutlin (RG-7388);Trametinib (GSK1120212);1,3863735628985;1,3863735628985;1,67666692567565;1,84258278958419;0,0492688005564279;1,73756063735865;0,826862832246681;1,06045031141727;10,179427545028;0,240127533366204;0,240127533366204;0,355930654119295;0,593868399684799;0,0234604708737402;0,858971337291333;0,674646958858795;0,691371613816003;7,20676762209083;22834,0377107098;62,0706935264174;0,814435719291936;0,0494646635979303;12,4143981118942;0,150931548555112;0;0
OVCAR-8 R3;bayesynergy;2.5.1;Bayesian;62;PASS;Trametinib (GSK1120212);Vismodegib (GDC-0449);1,36310716847164;1,36310716847164;1,91117165197763;2,00374397404413;0,0843298620623027;2,1040240267829;0,713231156950834;0,952348246519298;17,4440990790241;1,06711971689917;1,06711971689917;1,50484381838403;1,49219635763701;0,0522223868485161;1,56097897871105;0,709123235157447;0,955936228474495;9,20108040687222;99,3155247499002;70056,7044788184;1,36265362731875;0,0551048879238042;8,62570827250289;0,268480527837498;0;0
OVCAR-8 R3;bayesynergy;2.5.1;Bayesian;63;PASS;Binimetinib (MEK162);Carboplatin (NSC 241240);1,36112903924996;1,36112903924996;1,74624486447745;1,8923861724473;0,0482963945845288;1,87436598295577;0,77946058249813;1,00962192233426;10,6865103492685;0,0997212736564072;0,0997212736564072;0,147811715334867;0,58185956887123;0,0312567645100058;1,03322168964626;0,674650675898653;0,563150749448975;8,52982677265583;14987,9797776783;504196,739220661;1,79550026942235;0,0654873847056525;51,6861460710734;0,313715049062387;0;0
OVCAR-8 R3;bayesynergy;2.5.1;Bayesian;64;PASS;Metformin;Paclitaxel (NSC 125973);1,3597588853236;1,3597588853236;1,86580491926199;2,05528629669841;0,0594578999562657;2,15034640381345;0,728778700970219;0,955800362485361;11,1483597338883;0,352827611751721;0,352827611751721;0,523016451060261;0,934697911307626;0,0373067985220587;1,36368959825883;0,674601364902515;0,685418377100664;12,3371395465761;200311,743973679;10,6437392934528;1,22390494753403;0,0744556875893887;13,8816035716811;0,177700560840479;0;0
OVCAR-8 R3;bayesynergy;2.5.1;Bayesian;65;PASS;Alectinib (CH5424802);Paclitaxel (NSC 125973);1,35768745643049;1,35768745643049;1,91977209867156;2,16165775620169;0,0611128170152611;2,39794806983317;0,707212828736277;0,901467829601066;16,1960728189794;0,176947693466882;0,176947693466882;0,26229287252895;0,738171032294583;0,0267878206513539;1,22673711576125;0,674618763982433;0,601735304826507;9,98432439577235;24363,0380788997;9,103515230205;0,992267919887038;0,0842484409883849;13,5936237879861;0,157756777591087;0;0
OVCAR-8 R3;bayesynergy;2.5.1;Bayesian;66;PASS;Paclitaxel (NSC 125973);Volasertib (BI 6727);1,34075839190323;1,34075839190323;1,81943115744333;2,02291353685614;0,0529528294834191;2,05438291490736;0,736910757199119;0,984688009746844;10,5767081274289;0,381372905275063;0,381372905275063;0,565306403906751;0,919923463829502;0,0310599929525736;1,25818068031792;0,67463043517542;0,731153703295662;9,09076183322913;10,5888484849288;520,719434357398;1,37586000136744;0,0830962436905174;16,0943503532129;0,2105946159773;0;0
OVCAR-8 R3;bayesynergy;2.5.1;Bayesian;67;PASS;Luminespib (NVP-AUY922);Paclitaxel (NSC 125973);1,34023626171851;1,34023626171851;1,96192466468494;2,32546495654482;0,120494862024505;2,50959718490326;0,683123203374241;0,926636693433371;12,4480186542603;1,13067173989376;1,13067173989376;1,5846307184751;1,79681719348212;0,0812910301585982;2,02454575617562;0,713523805080477;0,887516218391783;15,1064723321738;17,4215748831041;10,2653416505761;1,51441218579217;0,0832702200189763;18,3390034690386;0,338487064886961;0;0
OVCAR-8 R3;bayesynergy;2.5.1;Bayesian;68;PASS;Crizotinib (PF-02341066);Trametinib (GSK1120212);1,08247995175846;1,08247995175846;1,50930310042798;1,7614906099447;0,0679493693386825;1,93937045402674;0,717205146833338;0,908287322578527;11,2479089375393;0,298858799499434;0,298858799499434;0,44299271341454;0,695272893107069;0,024715828490221;0,936878501106874;0,67463592616651;0,742116392131573;5,8961340563728;7833,76811671137;206,77288124573;1,02066593291693;0,0566608691485989;24,4082280212676;0,20115974410503;0;0
OVCAR-8 R3;bayesynergy;2.5.1;Bayesian;70;PASS;Paclitaxel (NSC 125973);Simvastatin (MK 733);1,06168221652062;1,06168221652062;1,47438618859992;1,60138298605459;0,0466178058475756;1,71207803379648;0,720084211809386;0,935356926480988;9,79675857403796;1,02118083202144;1,02118083202144;1,49197998402027;1,6866663266475;0,0495641444918937;1,94040359102009;0,684446737194007;0,869234799633001;12,531121425979;11,1917680371804;30945,9142626874;1,04096575725676;0,0740132502713102;12,7542992917625;0,230990284045332;0;0
OVCAR-8 R3;bayesynergy;2.5.1;Bayesian;71;PASS;Dasatinib (BMS-354825);Paclitaxel (NSC 125973);1,05909739874922;1,05909739874922;1,43072487159045;1,67598295138002;0,0398554969869829;1,81065354122854;0,740252315297968;0,925630951158441;11,2952666226146;0,64881354925388;0,64881354925388;0,932378519522084;1,14840376821408;0,030208037607744;1,41022134394479;0,695869258749598;0,814342920808211;11,1892923165229;81,3106003271713;10,8569064581151;1,25655934944541;0,0909901172569587;16,8688230473416;0,159198079943971;0;0
OVCAR-8 R3;bayesynergy;2.5.1;Bayesian;72;PASS;Paclitaxel (NSC 125973);Pertuzumab (anti-HER2);1,0547567537269;1,0547567537269;1,53713907804946;1,68133808234451;0,0590578994175726;1,8729751178371;0,686181731236265;0,897695677587313;11,2272232044775;0,719322725984097;0,719322725984097;1,06105260237911;1,40540682168446;0,0534967946367317;1,78450666759488;0,6779331433439;0,78756042059436;15,025788363086;11,6440810262376;35099,5296244914;1,07470787886599;0,0781601455127368;15,6229966111785;0,212174059653242;0;0
OVCAR-8 R3;bayesynergy;2.5.1;Bayesian;73;PASS;Niraparib (MK-4827);Pictilisib (GDC-0941);1,04787435905347;1,04787435905347;1,49528540827034;1,68312644711656;0,0496729940925329;1,86002542132725;0,700785517773221;0,904903226609876;13,6568485448528;0,158571437368717;0,158571437368717;0,235029675799895;0,533817239516828;0,0205540420234265;0,863722221446969;0,674686874451232;0,618042729782428;6,05238228606259;9478,02699782096;3060,5781388267;0,873273080618602;0,0637899882685202;15,3482790552223;0,128338584938514;0;0
OVCAR-8 R3;bayesynergy;2.5.1;Bayesian;74;PASS;Flunarizine 2HCl;Trametinib (GSK1120212);1,00736461370298;1,00736461370298;1,39332096498569;1,61805960653605;0,044541860285076;1,76002313412504;0,722995375091718;0,919348451310086;12,3067442477135;0,108072327764684;0,108072327764684;0,160180569752712;0,476194708535635;0,0182496306004729;0,791326551107857;0,674690619040296;0,601767636722113;6,87955663832366;215014,386537752;100,413822684921;0,975207655168243;0,0628070938858526;20,4768345149605;0,137993708792302;1;0
OVCAR-8 R3;bayesynergy;2.5.1;Bayesian;75;PASS;Niclosamide (BAY2353);Paclitaxel (NSC 125973);0,991871795727194;0,991871795727194;1,3150866236888;1,48732107264523;0,0367359846475966;1,59743086480556;0,754225446339803;0,93108016183611;10,0695176642926;0,243858391536757;0,243858391536757;0,36143878649771;0,608521412100924;0,0205622541639927;0,889689622746319;0,674687943426631;0,683970450529166;6,88725192132428;2879,82998728824;10,4334127982542;0,80766649349745;0,0679480387024046;19,8488699584397;0,157914020238053;0;0
OVCAR-8 R3;bayesynergy;2.5.1;Bayesian;76;PASS;Paclitaxel (NSC 125973);Trametinib (GSK1120212);0,958511687322483;0,958511687322483;1,2915471474321;1,52172464237241;0,042036877348148;1,6515796914944;0,74214223555697;0,921382804331188;11,4177164955948;0,164122861066169;0,164122861066169;0,243263908428392;0,498176388487943;0,0163861006195808;0,745853140733427;0,674669999863463;0,667928257294816;6,14393678101389;9,80567068565666;109,202442960436;0,789825431332065;0,0599245731333433;45,2900475238403;0,0763694304854028;0;0
OVCAR-8 R3;bayesynergy;2.5.1;Bayesian;77;PASS;Flavopiridol (L86-8275) HCl;Trametinib (GSK1120212);0,936098504364511;0,936098504364511;1,1652670170507;1,39247277948867;0,0617998772472019;1,40115827877737;0,803333906020773;0,993813413489782;8,95162111231086;5,76664772042458;5,76664772042458;4,00968887088309;6,0117510982221;0,163050336057283;3,48301465790459;1,43817834902351;1,72601946551635;17,0487527437609;112,208995900012;127,901116038274;9,11207728987465;0,063115145016622;4,10042357928415;1,0163215204219;0;0
OVCAR-8 R3;bayesynergy;2.5.1;Bayesian;78;PASS;Gedatolisib (PKI-587);Paclitaxel (NSC 125973);0,923191276437954;0,923191276437954;1,26082058127649;1,43452958163487;0,0388663650462897;1,57787993213091;0,732214630810745;0,909160093407309;11,18411667743;0,670339328937301;0,670339328937301;0,977858732593354;1,16760840838837;0,0342634890254796;1,40994156805727;0,685517556466987;0,828125388201153;15,4284357960102;943,9313930434;9,02482315461556;0,979403608031389;0,0736948879936034;32,9458362831924;0,153800783447464;0;0
OVCAR-8 R3;bayesynergy;2.5.1;Bayesian;79;PASS;Adavosertib (MK-1775);Niraparib (MK-4827);0,890123034204847;0,890123034204847;1,30810251828569;1,69446005046124;0,0607094637433449;2,00930343422367;0,680468863687671;0,843316494674159;12,4919981859304;0,452267458070591;0,452267458070591;0,670432427689742;1,0970414060802;0,0374552608755463;1,49329379443137;0,674590666249646;0,734645392735956;10,0895830027586;891,642079746902;8820,27005692708;1,66853321597546;0,0702636960696758;15,6612580052939;0,337237034131106;0;0
OVCAR-8 R3;bayesynergy;2.5.1;Bayesian;80;PASS;Carboplatin (NSC 241240);Gemcitabine (LY-188011) HCl;0,881892944823194;0,881892944823194;1,30626144021174;1,72661283283806;0,0545708708155059;2,22819935784678;0,675127442084062;0,774903004593996;14,307359069272;0,629434552878873;0,629434552878873;0,933103406626365;1,4945642044098;0,0499109356481068;2,07296188638986;0,674560341768115;0,720980069253775;19,2931225145189;4872,7601716705;48,7579641541701;1,27343961328998;0,141322368832665;16,1262545572909;0,283806395482874;0;0
OVCAR-8 R3;bayesynergy;2.5.1;Bayesian;81;PASS;Niclosamide (BAY2353);Olaparib (AZD2281);0,880186856684765;0,880186856684765;1,23830841300263;1,38271074359366;0,0401815158954413;1,49330999648043;0,710797768506236;0,925947426980649;10,1615989779023;0,462047402534918;0,462047402534918;0,684898214840533;0,88650175676376;0,0291912403666563;1,1288092931354;0,674621998602373;0,78534236221727;8,20004993914255;2932,80057068213;300483,550941595;1,49927740703934;0,0592889441133285;12,0240199369607;0,320193051478;0;0
OVCAR-8 R3;bayesynergy;2.5.1;Bayesian;82;PASS;Abemaciclib (LY2835219);Trametinib (GSK1120212);0,871945219414962;0,871945219414962;1,15318398292425;1,32297128512854;0,135411755009264;1,45917333236692;0,756119779953826;0,906667653882594;11,17354221265;0,432151587156834;0,432151587156834;0,640575520207006;0,97035065579535;0,355850098559834;1,29803896219249;0,67463019351283;0,747551255438705;11,3216338137455;13387,7004708187;74,7450442317884;0,638062786447375;0,0671349068335561;15,4219979633655;0,156841827050197;26;4
OVCAR-8 R3;bayesynergy;2.5.1;Bayesian;83;PASS;Adavosertib (MK-1775);Carboplatin (NSC 241240);0,86115076055796;0,86115076055796;1,27611696092992;1,70442570961199;0,0525806484807828;2,0614863782046;0,674821185614859;0,82680478698049;14,4804029078275;0,105070395838279;0,105070395838279;0,155736939337275;0,53718076273571;0,020792956587774;0,939794896683819;0,674665858244021;0,571593615406105;11,0897937721779;894,521764050153;149996,326485025;1,14835818759244;0,0816926623222919;14,4532043660248;0,24887383376535;2;0
OVCAR-8 R3;bayesynergy;2.5.1;Bayesian;84;PASS;Olaparib (AZD2281);Panobinostat (LBH589);0,840393910515345;0,840393910515345;1,21998818047312;1,35059474932469;0,0383314896286081;1,52254372976384;0,688854141348677;0,887079708400848;10,5706114426783;0,521704022474809;0,521704022474809;0,773389914329101;1,39394798453471;0,0558384457559285;1,88314518992891;0,674567915625556;0,74022332000186;12,4103702045486;26122,5297547122;192,150995605427;1,40059486845522;0,0751117388196592;11,0074720808283;0,419686147062438;0;0
OVCAR-8 R3;bayesynergy;2.5.1;Bayesian;85;PASS;Niraparib (MK-4827);Palbociclib;0,821779186926152;0,821779186926152;1,218269118609;1,44666369689663;0,0638736070112237;1,66619168492171;0,67454651388065;0,868264807691581;8,6242318369167;1,43801660231754;1,43801660231754;1,70253958495613;1,9282643003971;0,0550566247024603;1,8611333610269;0,844630348112934;1,03606992426011;13,9302454037939;9940,48372927726;12900,950125739;2,41146113566466;0,0660896656002644;6,42747256195856;0,62204271692049;0;0
OVCAR-8 R3;bayesynergy;2.5.1;Bayesian;86;PASS;Lapatinib Ditosylate (Tykerb);Trametinib (GSK1120212);0,820492733521432;0,820492733521432;1,11658172237746;1,26438379478988;0,0397430942962655;1,33195581968212;0,734825509927222;0,949279116049348;7,91772976933744;0,283554492005639;0,283554492005639;0,414237850574999;0,582009234975419;0,0176244323121258;0,778644227487461;0,684520962080217;0,747464906859264;5,64812979945172;5768,64879720026;62,0284346722688;0,745600542800013;0,0489040296979809;12,185268245299;0,0863084221163294;0;0
OVCAR-8 R3;bayesynergy;2.5.1;Bayesian;87;PASS;Cobimetinib;Paclitaxel (NSC 125973);0,801960577697821;0,801960577697821;1,18542041101843;1,51171858570321;0,0479721785019213;1,79869252155653;0,676519967299058;0,840467277489864;13,0084077962332;1,27000829031147;1,27000829031147;1,68557864262361;1,92235167612193;0,0536097108719645;2,08879157325314;0,753455376211162;0,920317613656405;15,2782730200161;1613,60149068258;11,2769913627872;1,18603048402163;0,0970326614086338;13,8328703989264;0,186948949047804;0;0
OVCAR-8 R3;bayesynergy;2.5.1;Bayesian;88;PASS;Luminespib (NVP-AUY922);Trametinib (GSK1120212);0,794530859415884;0,794530859415884;0,98482640263579;1,12902688920005;0,0396483784004749;1,12107549448653;0,806772500503034;1,00710699518278;6,24332037387725;3,80352856720984;3,80352856720984;2,34003351841265;3,8525243180421;0,0919737444010164;2,29619605730912;1,62541627599845;1,67778544248387;14,3385257631548;18,239688889664;89,7778919248844;3,60001104063774;0,0549071627233035;19,1949552458018;0,394768210684214;0;0
OVCAR-8 R3;bayesynergy;2.5.1;Bayesian;89;PASS;Trametinib (GSK1120212);Vinorelbine ditartrate (Navelbine);0,779522616941781;0,779522616941781;1,09618401162436;1,60550539763741;0,0946029831084591;2,0149775875163;0,711123870331462;0,796792422317284;11,6019561580464;1,24375998805093;1,24375998805093;1,48343995293284;1,61821917517708;0,0547008162086403;1,56673545457647;0,838429614621041;1,03286050650748;14,0108516533861;88,7553806706449;250,61778322593;1,11526538596836;0,0550434501810622;18,6265611221314;0,193410495517766;0;0
OVCAR-8 R3;bayesynergy;2.5.1;Bayesian;90;PASS;Entrektinib (RXDX-101);Niraparib (MK-4827);0,746083890115941;0,746083890115941;1,10599844164193;1,54808183036242;0,0483020384443486;1,97932714880655;0,674579512976825;0,782136704805049;11,6794285617184;0,110627131486179;0,110627131486179;0,163972861258074;0,566484752912849;0,0223193097111224;1,02372758420152;0,674667323832724;0,553354976123545;10,0457217774345;4629,67385606502;9742,55151507238;1,26152864491099;0,0815562635024736;29,6792024406107;0,244991004230796;0;0
OVCAR-8 R3;bayesynergy;2.5.1;Bayesian;91;PASS;Carboplatin (NSC 241240);Gedatolisib (PKI-587);0,744514776119831;0,744514776119831;1,09721596736173;1,38041667099309;0,0425750816862414;1,64493966390817;0,678548980571277;0,839202038622489;10,6844155382264;0,12315972568595;0,12315972568595;0,18254814370005;0,504560352672055;0,023027090666635;0,841287281836959;0,674669833336225;0,599747985694425;9,76929545732566;35963,9616646346;902,548870004986;1,15581838082871;0,0838608484316332;32,6444951643782;0,201607952002503;0;0
OVCAR-8 R3;bayesynergy;2.5.1;Bayesian;92;PASS;Flavopiridol (L86-8275) HCl;Niraparib (MK-4827);0,73672802732886;0,73672802732886;0,980450548979116;1,04665921863767;0,0358564334690362;1,06572301836139;0,75141783346031;0,982131643032641;8,17647892440737;9,5885933850486;9,5885933850486;6,12217626753344;9,04410871916213;0,433573515283396;5,49521536216051;1,56620668305451;1,64581515429567;24,247533995982;105,27191379255;9340,88234593333;6,15979848358993;0,0621780917829451;21,3630938872722;1,74359320697352;0;0
OVCAR-8 R3;bayesynergy;2.5.1;Bayesian;93;PASS;Gedatolisib (PKI-587);Niraparib (MK-4827);0,713080797215718;0,713080797215718;1,05324194631265;1,51402825129486;0,0842086482908115;2,10131089232259;0,67703417976485;0,720526156870298;13,9799079689512;0,373357904268914;0,373357904268914;0,553441827553158;0,876723803528038;0,0323672673724246;1,21479783004123;0,674610926896473;0,721703465257492;8,86294288024584;1098,29223790383;8008,38060366971;0,887899073723905;0,0583044715188675;14,1641491393391;0,19539359571193;0;0
OVCAR-8 R3;bayesynergy;2.5.1;Bayesian;94;PASS;Paclitaxel (NSC 125973);Ruxolitinib (INCB018424);0,703597596351184;0,703597596351184;1,02763303919012;1,18184350552004;0,0351170121199254;1,39280840457681;0,684677866046125;0,848548377492084;10,2322579973807;2,02112030593613;2,02112030593613;2,65957943472402;2,73951508058142;0,0801206070774597;2,76141304818487;0,75993981587764;0,992070013713505;15,3903325175578;11,9207441088646;703246,64054535;1,56464226811954;0,0755561046183883;26,2228754097244;0,30924571828704;0;0
OVCAR-8 R3;bayesynergy;2.5.1;Bayesian;95;PASS;Niraparib (MK-4827);Panobinostat (LBH589);0,698397966460316;0,698397966460316;1,03016843906118;1,32308050787692;0,0404262752137763;1,63571228084399;0,677945411622964;0,808884975174866;9,94774603256464;0,171373398631211;0,171373398631211;0,254010806503182;0,616342532761305;0,0210597894369626;0,971987762928735;0,674669715790476;0,634105239045581;6,74772400268372;10813,753155548;167,344086073703;1,12061032612243;0,0690481601539403;22,2040006755138;0,16450663020785;0;0
OVCAR-8 R3;bayesynergy;2.5.1;Bayesian;96;PASS;Alpelisib (BYL719);Niraparib (MK-4827);0,696868965723303;0,696868965723303;1,02280303142775;1,26210360687461;0,0380277658550557;1,52079760545785;0,681332518882478;0,829910275203486;10,0069630780615;0,198063106996375;0,198063106996375;0,293570822634167;0,610469793312414;0,0231003823873146;0,949621531063906;0,674668910279247;0,642855888733353;8,58830260963931;7266,94971877909;8433,49489715467;1,13446288332335;0,0587329058551172;25,7455198420964;0,1494786465474;0;0
OVCAR-8 R3;bayesynergy;2.5.1;Bayesian;97;PASS;Carboplatin (NSC 241240);Paclitaxel (NSC 125973);0,684964405862463;0,684964405862463;1,01538724003968;1,35430264181404;0,0435496640151815;1,68869514332188;0,674584413563929;0,801996331031206;9,90167677916655;1,00693168954096;1,00693168954096;1,46917016710278;1,79132085971598;0,0669044492564378;2,16460434816381;0,685374446124673;0,827551169448369;12,2638595186384;9976,28683351221;12,2884745694478;1,26907124680702;0,100261835342491;12,6089826755015;0,196685544136912;1;0
OVCAR-8 R3;bayesynergy;2.5.1;Bayesian;98;PASS;Carboplatin (NSC 241240);Flavopiridol (L86-8275) HCl;0,682348624087969;0,682348624087969;0,845822610506949;0,897787326982421;0,0246722077477887;0,907249431439764;0,806727812205209;0,989594373738552;7,59850437043887;21,756210538886;21,756210538886;5,77798509192677;20,7524553170563;0,53613894064304;6,81091914084516;3,76536287178807;3,04693902363392;36,0543487626029;42660165,1860212;99,2197223017158;35,9038835501606;0,0911642235824664;6,00896052763572;4,72102712573069;0;0
OVCAR-8 R3;bayesynergy;2.5.1;Bayesian;99;PASS;Paclitaxel (NSC 125973);Sorafenib (Nexavar);0,677076090684555;0,677076090684555;1,00369968882843;1,20510881451632;0,0410108887144024;1,42255215972799;0,674580353287618;0,847164898981742;10,3634132716678;2,42956838375412;2,42956838375412;2,94102551030568;3,01714979000827;0,105146694736192;2,72587751796683;0,826095651071589;1,10685449735786;21,6123019837908;10,5936873884022;6879,85273147669;1,7182965232801;0,0753020495013491;23,5147488789705;0,343713062649341;0;0
OVCAR-8 R3;bayesynergy;2.5.1;Bayesian;100;PASS;Everolimus (RAD001);Niraparib (MK-4827);0,669667112487962;0,669667112487962;0,976932575993916;1,160314258943;0,0310177591984029;1,36077281761374;0,685479355427013;0,852703947483245;7,69201238855185;0,305591069827672;0,305591069827672;0,452951268013989;0,741470534243083;0,0230322739985629;1,04084204466128;0,674666551144823;0,712375655889626;8,54732557874607;102,331768476286;9453,50299403719;0,97748595552742;0,0523744526262441;12,7246000530748;0,127271516662711;0;0
OVCAR-8 R3;bayesynergy;2.5.1;Bayesian;101;PASS;Carboplatin (NSC 241240);Niclosamide (BAY2353);0,633634018389999;0,633634018389999;0,936144416257673;1,18705406804455;0,0373003261160653;1,43792330579527;0,676854988809325;0,825548232626574;8,95548968875071;0,0976146673275495;0,0976146673275495;0,144678855918878;0,476178567288679;0,0201820503131398;0,836550276288611;0,674698916490483;0,569216914733761;8,01993835562278;16082169,3435575;2838,89731999306;1,27963021761169;0,0805951772514914;47,4820557653771;0,254793939738762;0;0
OVCAR-8 R3;bayesynergy;2.5.1;Bayesian;102;PASS;Paclitaxel (NSC 125973);Vismodegib (GDC-0449);0,631589906606796;0,631589906606796;0,931727899742798;1,14960402362519;0,03720984047286;1,33443434441651;0,677869479685158;0,861507977979817;7,14829357725815;1,07202316758083;1,07202316758083;1,5349545951411;1,69493058738189;0,0486151668001719;1,8612782288114;0,698407087072358;0,910627202932611;11,6260750412336;11,1562911069933;4073,69618936181;1,03903633085027;0,0627918736122728;9,83729540964779;0,159137338774925;1;0
OVCAR-8 R3;bayesynergy;2.5.1;Bayesian;103;PASS;Carboplatin (NSC 241240);Trametinib (GSK1120212);0,618224278993763;0,618224278993763;0,916470465290884;1,47298015475811;0,0586650517970605;1,98069451167116;0,674570869883451;0,743681426824497;13,4540275019959;1,14253349071044;1,14253349071044;1,59287795827323;1,7363188312872;0,0457145369836575;1,85908375060932;0,717276226201918;0,933964825800942;11,7177238068986;19694,0159390851;133,12283230993;1,25505556697855;0,0863154288028557;9,88677635633062;0,227611870562428;0;0
OVCAR-8 R3;bayesynergy;2.5.1;Bayesian;104;PASS;Flavopiridol (L86-8275) HCl;Olaparib (AZD2281);0,615363016239786;0,615363016239786;0,912202191214899;1,11045542361508;0,0533475436097062;1,3467297352985;0,674590592048707;0,824578065940507;8,73916858419287;2,36675474459683;2,36675474459683;3,37172985434441;3,3388775309532;0,160036902706249;3,32717467672207;0,701940797999376;1,00351735492369;15,2240492275675;91,3458944984504;44577,1570673617;3,31907285957199;0,066413941025418;9,84728373691021;0,712527149025889;0;0
OVCAR-8 R3;bayesynergy;2.5.1;Bayesian;105;PASS;Gemcitabine (LY-188011) HCl;Trametinib (GSK1120212);0,585602808719501;0,585602808719501;0,858457196788369;1,16034448367354;0,0314755642460247;1,48148985246153;0,682157259453749;0,7832423036307;11,8190228559737;0,817874736106428;0,817874736106428;1,1921118681298;1,60297876277933;0,0548095583938579;2,02819703399633;0,686072136325193;0,790346665491787;14,9833071248233;48,6192948249148;203,413470500144;1,04990999803839;0,107878669616499;17,1151786890186;0,19188136909854;0;0
OVCAR-8 R3;bayesynergy;2.5.1;Bayesian;106;PASS;Everolimus (RAD001);Olaparib (AZD2281);0,542307959541505;0,542307959541505;0,800922369771317;1,02187701620927;0,0308597026619723;1,2603677834695;0,677104273784171;0,81079444106085;8,9729705137245;0,337377552294599;0,337377552294599;0,500072287720564;0,793417325896629;0,024082840578049;1,09131995183358;0,674657565674031;0,727025401270794;7,95023348003326;282,045240171858;42229,6812602648;0,777180120488589;0,0567689254523921;12,9797158080501;0,144539867031922;0;0
OVCAR-8 R3;bayesynergy;2.5.1;Bayesian;107;PASS;Erlotinib;Trametinib (GSK1120212);0,535803237850678;0,535803237850678;0,763017461120698;0,962339656496181;0,0295560141266805;1,16165977655559;0,702216220666439;0,828431789143471;7,58348402126713;0,193910778182227;0,193910778182227;0,287402108160399;0,485943326176108;0,0177476395672094;0,703806236562146;0,674702003487063;0,690450440663578;5,70699109136443;7548,40372040389;105,325862065425;0,588847180610765;0,0446426484628292;39,9243360911544;0,0666055105306926;0;0
OVCAR-8 R3;bayesynergy;2.5.1;Bayesian;108;PASS;Fludarabine (Fludara);Paclitaxel (NSC 125973);0,523388314264164;0,523388314264164;0,708740254511893;0,685621981807793;0,0243687042740534;0,714082013762219;0,738476911579714;0,960194360455014;4,77471898847287;26,3105730052208;26,3105730052208;4,37748768681091;26,5501010009077;0,11910045549616;4,59335316463987;6,01042764426109;5,78011314376897;46,9297957555786;8593,52877546834;9,72100776642297;518946,546168957;0,0826033323448063;3,9397652592366;1,7339820769296;0;0
OVCAR-8 R3;bayesynergy;2.5.1;Bayesian;109;PASS;Carboplatin (NSC 241240);Volasertib (BI 6727);0,514494455324662;0,514494455324662;0,762736640729063;1,95958248637814;0,143367165928788;2,70724966972687;0,674537484960578;0,723841265463635;19,0060080770787;8,30633082198555;8,30633082198555;2,94377302982512;8,29641856589839;0,0980898136012152;3,16827883231488;2,82166143171677;2,61858851603559;20,5274673975695;184152,945536451;534,090906501396;35,8228345842426;0,0925397992982152;8,77351079531612;1,94712127680932;0;0
OVCAR-8 R3;bayesynergy;2.5.1;Bayesian;110;PASS;Entrektinib (RXDX-101);Trametinib (GSK1120212);0,490121569790753;0,490121569790753;0,726282780489686;1,0465145697053;0,0313583896251748;1,37981573311125;0,674835729218714;0,758460691403146;9,59431918376692;0,268046088270354;0,268046088270354;0,397319346557708;0,768622428570813;0,0260184986025068;1,14366979204733;0,674636386555676;0,67206673981908;8,18024688804;4858,17197051521;119,890759935838;1,00394429610247;0,0761822529558089;24,3478260928881;0,12616231899021;0;0
OVCAR-8 R3;bayesynergy;2.5.1;Bayesian;111;PASS;Carboplatin (NSC 241240);Vinorelbine ditartrate (Navelbine);0,4794186611626;0,4794186611626;0,710648961340592;0,846424838194386;0,0344717358038841;1,05273526305055;0,674620927128647;0,804053335791;9,21295107216892;10,0829020717863;10,0829020717863;3,76361412475115;10,0180410211727;0,159578248835399;3,90944257093041;2,67904778161947;2,56252415514791;24,2896042760218;29890619,2995573;283,041483682797;20,6223867121854;0,081833267963552;2,74701422948146;1,70255776494235;0;0
OVCAR-8 R3;bayesynergy;2.5.1;Bayesian;112;PASS;Flavopiridol (L86-8275) HCl;Paclitaxel (NSC 125973);0,462943621173546;0,462943621173546;0,686222191527129;0,936931537850672;0,0519876781657531;1,26427071588841;0,674626421135265;0,741103818589382;10,6225172652821;1,05159853923158;1,05159853923158;1,43006623541863;1,55165774996847;0,0509027797513539;1,66387632317244;0,735349533599568;0,932555940822563;11,4334790567705;82,8740573163312;8,85819820166787;1,59096239862555;0,081581559362054;17,5305939325432;0,348069346878414;0;0
OVCAR-8 R3;bayesynergy;2.5.1;Bayesian;113;PASS;Cobimetinib;Trametinib (GSK1120212);0,454542331315731;0,454542331315731;0,673798404146048;0,87895661283365;0,0390678306639205;1,12697959162769;0,674596924716384;0,779953159574707;6,941512763726;6,71111676835342;6,71111676835342;4,56663970258093;6,88816434881799;0,128295369484283;4,07394021328157;1,46959629080448;1,69078680299767;20,8817175271777;2006,43841270352;263,006119150139;5,49282432692963;0,0760905974546994;10,1932257835198;0,383280966787577;0;0
OVCAR-8 R3;bayesynergy;2.5.1;Bayesian;114;PASS;Niraparib (MK-4827);Venetoclax (ABT-199);0,439357317569554;0,439357317569554;0,651304256064765;1,04672925344472;0,0329492110133101;1,45357960738162;0,674580756195558;0,720124653110924;13,0439164042793;0,3247826889413;0,3247826889413;0,481446963042524;0,889957048150904;0,0272004884798063;1,25947450033791;0,674597024953326;0,706609818549031;7,88305016606633;8796,42556326879;12825,8669904096;1,08946564622341;0,0567150823870747;13,6890281758605;0,245256899036064;0;0
OVCAR-8 R3;bayesynergy;2.5.1;Bayesian;115;PASS;Mebendalzole;Paclitaxel (NSC 125973);0,435429754206739;0,435429754206739;0,6454651215996;0,96896175530203;0,0333370607339606;1,3252065897874;0,674598424664141;0,731200984798405;10,6766258161813;2,84746594747438;2,84746594747438;3,07858815004218;3,44890902611128;0,0837011693347;2,96674442818775;0,92492591041623;1,16252313254299;22,1191498297568;988,534332431844;9,91129263568919;1,75392814671615;0,0908200957248403;14,9604463479588;0,26387605055476;0;0
OVCAR-8 R3;bayesynergy;2.5.1;Bayesian;116;PASS;Carboplatin (NSC 241240);Temsirolimus (CCI-779);0,433260750635254;0,433260750635254;0,64223819434644;0,900008976320037;0,0562591626376318;1,21718146342603;0,674610688758791;0,739444549713991;9,29814147386119;1,13336402959121;1,13336402959121;1,55372790101071;2,00237895920249;0,0770440968174027;2,2944489867583;0,729448205734064;0,872705809001898;15,1342805623901;75771,2442037387;141,682383755185;1,91738449608908;0,0765150567648906;30,8916136716824;0,548376128721512;1;0
OVCAR-8 R3;bayesynergy;2.5.1;Bayesian;117;PASS;Olaparib (AZD2281);Temsirolimus (CCI-779);0,407586885512028;0,407586885512028;0,604219491277989;0,923617134809722;0,0447234805584828;1,23242891634179;0,674567589089087;0,749458228787547;10,0530579248476;2,27686916503466;2,27686916503466;2,6300572845793;2,6558365816094;0,0849592739136441;2,28047899461856;0,865710864316353;1,16459594141257;11,3935307071089;28011,8006577789;799,524537371253;2,15682139474175;0,0529520251627987;17,1853842966099;0,449399547565177;0;0
OVCAR-8 R3;bayesynergy;2.5.1;Bayesian;118;PASS;Navitoclax (ABT-263);Olaparib (AZD2281);0,400511752782782;0,400511752782782;0,593728698184698;1,21914573271464;0,0455192146504666;1,78524380640258;0,674570311334673;0,682921063739675;11,5770595343184;0,407043605751097;0,407043605751097;0,603408515393742;1,16623578583677;0,0507307090681289;1,69287011425084;0,674573850661503;0,688910375355566;13,1270173095603;52006,681804738;32943,3750547815;1,9427857771241;0,0705997380461687;13,0425706750172;0,337876557481416;1;0
OVCAR-8 R3;bayesynergy;2.5.1;Bayesian;119;PASS;AZD8055;Carboplatin (NSC 241240);0,398926870031274;0,398926870031274;0,591356999287849;0,984346443041951;0,0314911666959875;1,32538031861735;0,674595668118731;0,742708410494766;8,25092446528259;0,304258392574219;0,304258392574219;0,45100147590225;0,820252947557111;0,0298700344872944;1,23283862288653;0,674628374476016;0,665336835113584;10,3334854786366;176,637006398704;42183,1173673568;1,00951081027434;0,0681810662895696;35,2392818037227;0,147242071332842;0;0
OVCAR-8 R3;bayesynergy;2.5.1;Bayesian;120;PASS;Olaparib (AZD2281);Vemurafenib (PLX4032);0,377241345934321;0,377241345934321;0,559247891510198;1,14206665602578;0,0421250188946066;1,5855197002303;0,674551217199256;0,720333587201562;10,6716728974428;0,582304125959034;0,582304125959034;0,863217342875233;1,28866816950902;0,0407060989018095;1,69613202146771;0,674574173891684;0,759768787569911;11,8418491301416;17330,8021487581;24407,1575165761;1,43445570478273;0,0584535939739693;31,8468944508693;0,489185398094742;0;0
OVCAR-8 R3;bayesynergy;2.5.1;Bayesian;121;PASS;Cucurbitacin I (JSI-124);Trametinib (GSK1120212);0,363042058224981;0,363042058224981;0,537104307954343;0,790045178254357;0,0252456624847396;1,05272853764812;0,675924681385803;0,750492613001332;8,14774913254196;0,39221924780927;0,39221924780927;0,581357005235308;0,871736835650155;0,0258973137338156;1,16927834366903;0,674661600835989;0,745534064126054;8,40725170337484;703,14036648199;182,348746840568;0,650608459350972;0,0663100675311852;18,9452590983995;0,099926566739691;0;0
OVCAR-8 R3;bayesynergy;2.5.1;Bayesian;122;PASS;Nutlin-3a;Trametinib (GSK1120212);0,359899262814952;0,359899262814952;0,533468443078468;0,832587949077868;0,0255276597007222;1,11466367316227;0,674640210652561;0,746962242844419;7,64174134159991;0,490700388718604;0,490700388718604;0,727373618688199;1,05650357664205;0,0310282144278772;1,34765744319104;0,674619447435514;0,783955583060053;8,66077254311113;2250,85483536202;76,5894555659883;0,89059942342135;0,0620607042384799;37,4178608505482;0,13721925393217;0;0
OVCAR-8 R3;bayesynergy;2.5.1;Bayesian;123;PASS;Carboplatin (NSC 241240);MK-2206 2HCl;0,350160978416255;0,350160978416255;0,519048265562095;0,903234583068201;0,0330313266844406;1,29582342247588;0,674621228214785;0,697057882606189;12,5779368034993;0,307242446991995;0,307242446991995;0,455400042964142;0,794072415356763;0,0279826501180697;1,20126253606907;0,674664949507233;0,661031532669977;11,1960332310424;12228,1511954204;12109,3604895605;1,43084237093314;0,0985923743581809;64,8504433449993;0,386851194351422;95;0
OVCAR-8 R3;bayesynergy;2.5.1;Bayesian;124;PASS;Binimetinib (MEK162);Olaparib (AZD2281);0,335054082990184;0,335054082990184;0,496645161869278;0,775126040481398;0,0232551311559447;1,069023669364;0,674634746725619;0,72510294880703;7,14826833556301;0,394535026495705;0,394535026495705;0,584820131669709;0,982761594735444;0,034932185643814;1,40637998861023;0,674626274183271;0,698788096172072;10,8326873925407;16299,6359103897;51906,0214471449;0,758479660928311;0,0550216899778619;226,145505420514;0,167602034683054;0;0
OVCAR-8 R3;bayesynergy;2.5.1;Bayesian;125;PASS;Afatinib (BIBW2992);Niraparib (MK-4827);0,334655549750002;0,334655549750002;0,496088812266127;0,847940621402728;0,0298036961018476;1,16873559306917;0,674587979965321;0,725553053088934;7,83655655430387;3,99148490256561;3,99148490256561;2,97427678130346;4,12854550510717;0,0784330162470974;2,77747757667696;1,34200183643177;1,48643702464977;15,8428992296443;4641,92070358494;9063,4966756271;3,78072415368724;0,0720437070025437;13,421974246995;0,554881189423183;0;0
OVCAR-8 R3;bayesynergy;2.5.1;Bayesian;126;PASS;Alectinib (CH5424802);Trametinib (GSK1120212);0,33369440650197;0,33369440650197;0,494646958325618;0,820426936056748;0,0253374569622943;1,11596837562491;0,674611257353177;0,735195967136998;8,22908430101061;0,741352166503669;0,741352166503669;1,08453764640938;1,4614929633242;0,0477035637213606;1,84005555591712;0,683565175407317;0,794265672373009;10,7223664440997;45880,2903464018;87,4148919198425;1,02796800199339;0,0647257575945484;92,8286624823105;0,226076216269471;0;0
OVCAR-8 R3;bayesynergy;2.5.1;Bayesian;128;PASS;Dexamethasone;Niraparib (MK-4827);0,323379398759005;0,323379398759005;0,479329362851473;0,638290414247361;0,0222419045783584;0,83478845973751;0,6746496747774;0,764649844756645;5,72101067950928;5,70958946977871;5,70958946977871;3,65879075371495;5,48630574867541;0,135618432383006;3,41491826510024;1,56051270873621;1,60657014978786;19,0291824825861;43,1721654314842;9153,70859092343;3,78445231314269;0,0531810325520541;8,56164012515236;0,911904439749846;0;0
OVCAR-8 R3;bayesynergy;2.5.1;Bayesian;129;PASS;Carboplatin (NSC 241240);Navitoclax (ABT-263);0,321366424537886;0,321366424537886;0,476413574712717;1,2826665985866;0,0436042224754139;1,97974869439521;0,674553458582019;0,64791011612988;13,9427867222858;0,20708899347517;0,20708899347517;0,306977888134373;0,889297017070047;0,0387359025917345;1,48013273003423;0,674605570888941;0,600822479649836;12,6016951879924;51245,1545932717;33843,5800294581;1,34813007751208;0,0884885604910372;9,35532957423822;0,265517468589011;2;0
OVCAR-8 R3;bayesynergy;2.5.1;Bayesian;130;PASS;Luminespib (NVP-AUY922);Olaparib (AZD2281);0,31946641634249;0,31946641634249;0,473564155266212;0,758241645997665;0,0236226103742509;1,0073378661366;0,674600078553039;0,752751460476818;7,10425957919534;0,740756502648361;0,740756502648361;1,08016442557476;1,30055710935759;0,0408439099212656;1,51986032596859;0,685781243216002;0,855708308938694;8,94628153341162;18,5429815567242;942950,884517195;1,03825048530928;0,0605311320567217;11,8585248471716;0,321325066835953;0;0
OVCAR-8 R3;bayesynergy;2.5.1;Bayesian;131;PASS;Olaparib (AZD2281);Tamoxifen (ICI 46474);0,315398373626599;0,315398373626599;0,467554348413688;1,02925841996995;0,0398492978573381;1,57524831016518;0,674570506501925;0,653417645325172;11,1109388929706;0,288534546790926;0,288534546790926;0,427718314301154;0,959572650201831;0,0297179953661972;1,47262724561545;0,674590114903919;0,651605932905854;10,9644199544306;74345,4873686832;23756,4324158595;0,86164621332015;0,0656081442779506;80,6858683926627;0,301825325008535;0;0
OVCAR-8 R3;bayesynergy;2.5.1;Bayesian;132;PASS;Cerdulatinib (PRT062070, PRT2070);Niraparib (MK-4827);0,307671652161551;0,307671652161551;0,456120673127228;2,14809873279322;0,228204317064192;3,46277746089758;0,674540029181555;0,620351230450842;19,4642904746582;1,6103435867816;1,6103435867816;2,24366806887053;2,33139164621596;0,0736881526789718;2,44836756979696;0,717728085149536;0,95222289127498;16,9831879951253;1452,35991895815;10654,6049566943;1,55063333755789;0,0664780752069537;14,3715400740038;0,649973372242412;0;0
OVCAR-8 R3;bayesynergy;2.5.1;Bayesian;133;PASS;Nutlin-3a;Olaparib (AZD2281);0,307467749728407;0,307467749728407;0,455805958270696;1,2877890944287;0,0674334187182825;1,9700806037755;0,674558425903259;0,653693764733681;12,0111796252375;0,76159396593487;0,76159396593487;1,12816469913291;1,51879363118411;0,0473135092210779;1,92540926104346;0,675073388238632;0,788815999753223;14,8674731625653;12250,8911157377;16189,4469657506;1,77032220116571;0,0616758401156002;16,096516441895;0,553894382002275;0;0
OVCAR-8 R3;bayesynergy;2.5.1;Bayesian;134;PASS;Niraparib (MK-4827);Paclitaxel (NSC 125973);0,300689822604299;0,300689822604299;0,445686635575509;0,603229855554123;0,0257510969082358;0,820665349713389;0,674666455313433;0,735088939663388;6,37051449150402;21,0844573037295;21,0844573037295;4,11306464591548;21,0714229010564;0,118943121077792;4,44889228295728;5,12621588009021;4,73633020556069;37,7518158285507;9741,06108395435;9,55805863908101;1587,43571622075;0,0699347580897419;2,41482412689811;1,69299593524458;0;0
OVCAR-8 R3;bayesynergy;2.5.1;Bayesian;135;PASS;Binimetinib (MEK162);Niraparib (MK-4827);0,299866873604051;0,299866873604051;0,444484451755658;0,756965896652838;0,0336315516423487;1,12286731560727;0,674639736934812;0,674162869172676;8,73587189341799;0,623326689696493;0,623326689696493;0,915928730847056;1,24595543452909;0,0426979145637375;1,5864328444891;0,680540601799921;0,785381769456709;9,91693663195099;22108,252065764;11481,6010678771;0,775436460460766;0,0543603395788871;32,3147357975936;0,139464672398232;0;0
OVCAR-8 R3;bayesynergy;2.5.1;Bayesian;136;PASS;Erlotinib;Olaparib (AZD2281);0,283438992505692;0,283438992505692;0,420134999419284;0,749149124315356;0,023813038220429;1,07585157016932;0,674637897098469;0,69635589192757;8,90238942872081;0,243317064837328;0,243317064837328;0,360661511768519;0,690027121985113;0,02276194913934;1,00125435776657;0,67464106065605;0,689162665443285;7,31958650863484;11407,3140008408;13554,7777173032;0,85706816469292;0,0509047786990273;17,2520001405308;0,165587654212236;0;0
OVCAR-8 R3;bayesynergy;2.5.1;Bayesian;137;PASS;Adavosertib (MK-1775);Paclitaxel (NSC 125973);0,275503584174481;0,275503584174481;0,408384664112959;0,693927004000929;0,0218987230060357;1,00560424743963;0,67461785023905;0,690092472279653;7,65933315610897;0,996114205264127;0,996114205264127;1,41943985140893;1,73419431547848;0,0495233476830753;1,98047600295109;0,701765703052082;0,875645204937791;10,5251801252008;940,689028153338;10,0721196068149;1,05138473210663;0,088460874045598;30,0076217667164;0,204169173849547;0;0
OVCAR-8 R3;bayesynergy;2.5.1;Bayesian;138;PASS;AZD7762;Niraparib (MK-4827);0,273576854508968;0,273576854508968;0,405553054687155;1,08944885706222;0,0531144030677216;1,63350297085138;0,67457722570973;0,666958638040434;10,6879877761009;1,37272646256934;1,37272646256934;2,01291101564317;2,15991186098893;0,0720064359120183;2,33894162251151;0,681960827826619;0,923456934623985;17,2058239989552;284,349349321192;8003,13376944288;1,65745298184274;0,0708043716798707;13,8635975639517;0,433644373117776;0;0
OVCAR-8 R3;bayesynergy;2.5.1;Bayesian;139;PASS;Niraparib (MK-4827);TNKS1/2 inhibitor (OM-153);0,259158147069196;0,259158147069196;0,384179378214122;0,932310147153344;0,0390408299068385;1,43268503073358;0,674575892839189;0,650766993519768;10,4562237234212;1,14464475530124;1,14464475530124;1,67688806461234;1,87074214194944;0,053121433643272;2,1204300692408;0,682600573918367;0,882246563603598;11,5230859169284;12194,1100872798;188,110061573801;1,48454023659718;0,0734807369363917;28,349280984087;0,351211617823136;0;0
OVCAR-8 R3;bayesynergy;2.5.1;Bayesian;140;PASS;Quinacrine;Trametinib (GSK1120212);0,25800034376522;0,25800034376522;0,382431245903979;0,708486297960793;0,0302632794211031;1,07203368842956;0,674631967258238;0,660910797161054;8,5933909258055;0,666082248492396;0,666082248492396;0,966672386679911;1,20692989598181;0,0390695001468397;1,5003156512337;0,689046524624637;0,804450646761803;10,2535353535793;22099,3276084857;61,1299264432067;0,802960977684693;0,0622009144746193;17,3812569328622;0,117540891463051;0;0
OVCAR-8 R3;bayesynergy;2.5.1;Bayesian;141;PASS;Olaparib (AZD2281);Pictilisib (GDC-0941);0,236596465701308;0,236596465701308;0,350708172044101;0,724400454632538;0,0266968484561531;1,09489111873412;0,674624900589875;0,661647098978146;11,1593932449883;0,957540204476891;0,957540204476891;1,39656672041906;1,6881412077809;0,0462286500017175;1,98351273213597;0,685638709899638;0,851086650683105;15,1786368966358;18714,8864139002;3713,5595273437;1,07007077410505;0,0700092277566062;15,4926689878268;0,233131597872152;0;0
OVCAR-8 R3;bayesynergy;2.5.1;Bayesian;142;PASS;Selumetinib (AZD6244);Trametinib (GSK1120212);0,236279930622728;0,236279930622728;0,350226668100004;0,643789316638354;0,0220950078452634;0,916135816105669;0,674648598019558;0,702756760469094;5,59313697920843;1,40671591254253;1,40671591254253;1,70274286301536;1,86551151359941;0,042303440127212;1,82343696148612;0,826147002637496;1,02307431131537;13,3708328731287;12659,5844599879;79,1129921379393;1,12006506444846;0,0632637847178523;13,8898846458907;0,135602533838054;0;0
OVCAR-8 R3;bayesynergy;2.5.1;Bayesian;143;PASS;Dasatinib (BMS-354825);Trametinib (GSK1120212);0,235533524666516;0,235533524666516;0,349122729134482;0,61316308542847;0,0204578078361331;0,882648792112068;0,674643914621179;0,694725849711661;6,70814140563977;1,81999799230904;1,81999799230904;2,21120783202418;2,40119913106605;0,0650257166803709;2,22984349593418;0,8230786658543;1,07684648516558;12,5860726948995;113,142086058483;196,928425830792;1,29750755607474;0,0709003570256604;26,3676013206893;0,11120894522574;0;0
OVCAR-8 R3;bayesynergy;2.5.1;Bayesian;144;PASS;Olaparib (AZD2281);Palbociclib;0,228882401736535;0,228882401736535;0,339288355017271;0,775933009773977;0,0266562800865334;1,16791715592492;0,674595512495216;0,664402767147947;8,06948602302025;0,196799470155618;0,196799470155618;0,291715996035743;0,690307421961409;0,0256157372842943;1,10726153221514;0,674626941374531;0,623436651484145;8,12686576399415;12246,9629611355;12755,1626126891;1,32344659195555;0,0652184843318056;29,9020556663338;0,222804859552993;0;0
OVCAR-8 R3;bayesynergy;2.5.1;Bayesian;145;PASS;Trametinib (GSK1120212);Venetoclax (ABT-199);0,216783844978421;0,216783844978421;0,321320372050268;0,588891429648018;0,0192597440488705;0,836694380861833;0,674665734995809;0,703868815124095;5,42594801128664;0,635616606552902;0,635616606552902;0,924710824137197;1,16618827226868;0,0337812446125003;1,43126125782671;0,687367974897412;0,814797624047666;9,51632674023621;88,7610261830982;14855,6541966924;0,820030345615481;0,0542107312188162;24,9102231691245;0,126339444404858;0;0
OVCAR-8 R3;bayesynergy;2.5.1;Bayesian;146;PASS;Olaparib (AZD2281);Selumetinib (AZD6244);0,21308846682932;0,21308846682932;0,315887996654559;0,763835686123603;0,0301508557681087;1,16204630600416;0,674569686363689;0,657355427681744;7,90316484265868;1,66815442263362;1,66815442263362;2,16616399965082;2,35228842978021;0,0619025673046671;2,44477996514632;0,770096088247484;0,962167746511056;18,5047478842307;23773,0195916182;11928,3183521626;1,44228762728404;0,0653434256567847;14,9071330834356;0,506687834245744;0;0
OVCAR-8 R3;bayesynergy;2.5.1;Bayesian;147;PASS;Niraparib (MK-4827);Vemurafenib (PLX4032);0,202566918670034;0,202566918670034;0,300282068252032;0,811464386288649;0,03187413568764;1,26727593108971;0,674588795292354;0,640352293448824;8,10663382250145;0,737991768903999;0,737991768903999;1,09041129498764;1,40450020041385;0,0412617364007839;1,76264831371794;0,676801288006071;0,79681249485971;13,7637399140084;7789,48778640443;4625553,08935367;1,26307359256305;0,0607902034937841;16,7116763489825;0,296470208893255;0;0
OVCAR-8 R3;bayesynergy;2.5.1;Bayesian;148;PASS;Olaparib (AZD2281);Volasertib (BI 6727);0,201890006919667;0,201890006919667;0,299272019038631;0,823279376269099;0,0434479664938722;1,31837081137302;0,674603685196532;0,624495993099454;9,26792924369296;5,96263268276992;5,96263268276992;3,45922672093747;5,96669455963292;0,123700214491113;3,37050830239283;1,72368947275998;1,77026549835139;18,2080058039222;16244,1464249084;514,737422808653;6,76072676999634;0,0690574444278771;8,29240089133493;1,15130836077479;0;0
OVCAR-8 R3;bayesynergy;2.5.1;Bayesian;149;PASS;Sorafenib (Nexavar);Carboplatin (NSC 241240);0,200406683878411;0,200406683878411;0,297068633871512;0,833556337901339;0,0517500560710487;1,35664801477483;0,674614082498829;0,6144503259418;8,81540399403844;0,334135250962804;0,334135250962804;0,495314770747463;1,02544531661217;0,034911521649823;1,51703693824264;0,67459173579373;0,675952767373;12,029171102621;7132,93245145664;172128,670570364;1,05302873126788;0,076973724049469;12,6104868439408;0,211333621260884;0;0
OVCAR-8 R3;bayesynergy;2.5.1;Bayesian;150;PASS;Cucurbitacin I (JSI-124);Paclitaxel (NSC 125973);0,194160200397436;0,194160200397436;0,287783808393226;0,542345367352849;0,0193965683859369;0,809677243190368;0,674673816715001;0,669872151230762;6,43220860863749;0,716433780439883;0,716433780439883;1,00136715353981;1,35181515561248;0,0351193197027716;1,63839849936702;0,715455642725352;0,825083248144295;9,87611030903215;772,60309768434;9,863556752952;0,782596367301493;0,0768280847217454;1806,80975707334;0,106185094513751;0;0
OVCAR-8 R3;bayesynergy;2.5.1;Bayesian;151;PASS;Fludarabine (Fludara);Niraparib (MK-4827);0,191038583810346;0,191038583810346;0,283135257111247;0,405482855219185;0,0138974517041127;0,540505378957434;0,674725520796885;0,750263554047803;3,89139102729558;12,5095590018148;12,5095590018148;3,66860488214434;12,3461962508626;0,136277219676136;3,88119485688717;3,40989542447068;3,18102973597276;23,4516379069566;13057,4246813306;10329,6830648992;52,3411027197729;0,0590110233323807;4,13294912290938;1,36004867263552;0;0
OVCAR-8 R3;bayesynergy;2.5.1;Bayesian;152;PASS;Alectinib (CH5424802);Niraparib (MK-4827);0,185780891764087;0,185780891764087;0,27539594430186;0,755579941905198;0,030772495113258;1,17910913559887;0,67459559811256;0,640840177586379;12,6977348298169;0,41733352796398;0,41733352796398;0,618667628830102;1,17244427062723;0,0405526517372552;1,70607417659928;0,674568231011466;0,687217640773547;13,9929847352571;41067,5788148357;8620,93682634288;0,809467548561826;0,0660366718305361;15,399568965684;0,176108256694748;0;0
OVCAR-8 R3;bayesynergy;2.5.1;Bayesian;153;PASS;LJH-685;Trametinib (GSK1120212);0,182848810242157;0,182848810242157;0,271033536967104;0,565138319723709;0,020738273406636;0,846888867409166;0,674635369070027;0,667350003422967;7,16655862270602;0,58142339690954;0,58142339690954;0,838526714501791;1,01747548919883;0,0295590575192814;1,21513490372767;0,693386849642581;0,837335415251028;7,78525610556005;3001,84900782262;68,0617657471472;0,645703819732679;0,0521384280236408;27,4632637429937;0,117023113409711;1;0
OVCAR-8 R3;bayesynergy;2.5.1;Bayesian;154;PASS;Carboplatin (NSC 241240);Luminespib (NVP-AUY922);0,181252324928689;0,181252324928689;0,268657110515925;0,588883667897019;0,0237323021674992;0,924660702648502;0,674660442005853;0,63690145081389;7,29878310392637;0,294065260113918;0,294065260113918;0,435898209630017;0,844615226509732;0,0326061691227605;1,23675325230999;0,674619105142724;0,682929456568778;10,2715045802064;35370,2003927888;18,060362189011;0,949648915253128;0,0742529714368423;17,4236004926405;0,168288687653268;0;0
OVCAR-8 R3;bayesynergy;2.5.1;Bayesian;155;PASS;Gemcitabine (LY-188011) HCl;Paclitaxel (NSC 125973);0,17942010816086;0,17942010816086;0,265956239006569;0,562678028395323;0,0196630924754953;0,817580965412704;0,67462267037258;0,688271598723024;6,02683484734843;8,17381519705328;8,17381519705328;5,05064808764396;8,32690321279768;0,168932260834129;4,74002454530984;1,61836957459973;1,75672153871798;25,1444214256331;31,3203572567901;10,3494469700866;10,1907797876077;0,127235404173982;8,37495333945902;0,741490135297199;0;0
OVCAR-8 R3;bayesynergy;2.5.1;Bayesian;156;PASS;Carboplatin (NSC 241240);Vismodegib (GDC-0449);0,171462046010575;0,171462046010575;0,254172805010884;0,979472774578176;0,306298142010472;1,87599846655449;0,674588479295543;0,522126143759049;13,0754070473093;0,507139373484259;0,507139373484259;0,751784019582516;1,34146549417402;0,0809004020332417;1,85564382792912;0,67458120986116;0,722911085620934;12,5596229567888;164921,266940081;13430573,1735268;2,34720488256657;0,085620235370691;9,48637609911427;0,885429222428514;7;0
OVCAR-8 R3;bayesynergy;2.5.1;Bayesian;157;PASS;Dasatinib (BMS-354825);Olaparib (AZD2281);0,166539446283983;0,166539446283983;0,246849434081457;0,621290478973242;0,0224325803806625;1,00688811828031;0,674660028708135;0,617078630492892;8,08655567952468;1,11531619316236;1,11531619316236;1,60508814241377;1,88648026490942;0,0538116939279197;2,14564309817777;0,694862894872001;0,879214379367918;14,3591733670362;88,995595098221;20139,3665880438;0,841435450954156;0,0735738495342446;34,1315771586379;0,142337163182861;0;0
OVCAR-8 R3;bayesynergy;2.5.1;Bayesian;158;PASS;Carboplatin (NSC 241240);Flunarizine 2HCl;0,160789218809905;0,160789218809905;0,23834190554886;0,798111771569051;0,0375200680787476;1,32438239499563;0,674615814787731;0,602658736903855;11,5401234798202;0,376783206454237;0,376783206454237;0,558527533070685;1,07302592297364;0,0356660245615204;1,61461626212739;0,6746009536589;0,664570243805073;12,7945825691371;93241,0934935181;28565,4429970198;1,62359285646791;0,0872146117188571;21,3972392642933;0,477175571888813;0;0
OVCAR-8 R3;bayesynergy;2.5.1;Bayesian;159;PASS;Cobimetinib;Niraparib (MK-4827);0,158224424039112;0,158224424039112;0,234532775153407;0,627818985424008;0,0240785556129536;1,03535857426091;0,674636728003657;0,606414857642156;7,45002946570307;1,0618238435746;1,0618238435746;1,53882720436035;1,84450955409399;0,0482714761374817;2,14167659301387;0,690021492059583;0,86124560548066;12,5842191998972;1814,83612527539;10044,9747651198;0,914394941916259;0,0787137269286819;16,6583566864554;0,123021389381123;0;0
OVCAR-8 R3;bayesynergy;2.5.1;Bayesian;160;PASS;Carboplatin (NSC 241240);Cucurbitacin I (JSI-124);0,156604399103842;0,156604399103842;0,23212850973055;0,581315724530611;0,021649790322707;0,982008028386623;0,674645261306442;0,592001530997704;7,74604339056883;0,62379337286122;0,62379337286122;0,906656736071237;1,16334563666671;0,031583026102525;1,43448329617031;0,688014932271134;0,810985837041487;8,73831440783494;1548451,48077157;736,479492370129;1,05622581528543;0,086306803113109;32,9139736053726;0,173600750646351;0;0
OVCAR-8 R3;bayesynergy;2.5.1;Bayesian;161;PASS;Gemcitabine (LY-188011) HCl;Olaparib (AZD2281);0,148891330269227;0,148891330269227;0,220703452539099;0,724186782606528;0,0268962386709346;1,22995890592482;0,674621663396272;0,588824434420293;10,4632731887009;2,6341294486422;2,6341294486422;3,35520015444808;3,47950054089661;0,0948365708287763;3,30593230169008;0,785088616889237;1,05250205490227;19,0073409142242;59,2063602243894;67586,9826765343;1,55781761778344;0,113651511089219;21,420158613579;0,339805789271913;0;0
OVCAR-8 R3;bayesynergy;2.5.1;Bayesian;162;PASS;AZD8055;Niraparib (MK-4827);0,140874611126365;0,140874611126365;0,208798805128321;0,451525307736637;0,0163731922067334;0,683377137647865;0,674690695858095;0,660777894039334;5,43348641442833;0,656011832481315;0,656011832481315;0,91325960521548;1,09364211551354;0,030486097191135;1,27280881835669;0,718319116201939;0,859235181074188;10,2330045886237;165,7491045636;9794,73590204462;0,826818743647724;0,0481976580445493;18,3394220909766;0,0858970431032021;0;0
OVCAR-8 R3;bayesynergy;2.5.1;Bayesian;163;PASS;Abemaciclib (LY2835219);Olaparib (AZD2281);0,140045224818785;0,140045224818785;0,207582824422653;0,52596138694595;0,0192347609659996;0,833308862256297;0,674647457988352;0,631216736849771;6,00169388529892;0,513667536812417;0,513667536812417;0,761428984545768;1,20967300600908;0,0393890081384582;1,65716022809142;0,674609907473967;0,729967437972055;11,823378285309;13300,0437089096;7974,4329206;1106,17764628797;0,0746816361249853;44,421717520206;0,311250551271645;9;0
OVCAR-8 R3;bayesynergy;2.5.1;Bayesian;165;PASS;Niclosamide (BAY2353);Trametinib (GSK1120212);0,138050946379562;0,138050946379562;0,204612991041934;0,457503300932658;0,0178748581417373;0,724890174494473;0,674692968792334;0,631177846137486;6,38951367945818;0,697366602480746;0,697366602480746;0,958949701177657;1,16766337800138;0,0309637983488663;1,30211875143173;0,727219166578113;0,896741081961599;11,7773615283182;2952,42903626997;111,366378830188;0,874452780286538;0,0561887046850168;28,9526317166595;0,0991751990200353;0;0
OVCAR-8 R3;bayesynergy;2.5.1;Bayesian;166;PASS;Alpelisib (BYL719);Olaparib (AZD2281);0,137448998800936;0,137448998800936;0,203742497751089;0,589336316323991;0,0263931832890112;1,03028921036869;0,674621153260115;0,572049555130824;9,08856956761092;0,949248396100305;0,949248396100305;1,38075731443018;1,74575245792252;0,0455112859457354;2,07479658531744;0,687483880171979;0,841408970053526;14,1557412615311;37978,6630812601;10076074,3485755;1,62757284282352;0,0622177946205123;26,0259258082448;0,331907915095814;0;0
OVCAR-8 R3;bayesynergy;2.5.1;Bayesian;167;PASS;Cucurbitacin I (JSI-124);Olaparib (AZD2281);0,131748149927618;0,131748149927618;0,195290085528834;0,603464853155815;0,0238195669104586;1,02420526599166;0,674627949344439;0,589241122407619;9,93799430242699;0,639938507694385;0,639938507694385;0,947063001371014;1,38987526644401;0,0435332522823585;1,75507480213643;0,675708486941184;0,791917965406451;11,9409858779308;734,823181451223;32769,293894241;1,11689193011068;0,070268161381542;23,2894713018515;0,165088579464288;0;0
OVCAR-8 R3;bayesynergy;2.5.1;Bayesian;168;PASS;AZD7762;Paclitaxel (NSC 125973);0,12949861048568;0,12949861048568;0,191940281615589;0,444574999287855;0,0171450121176022;0,707621590940066;0,674681778080512;0,62831402943941;5,43938644912902;1,32620125310838;1,32620125310838;1,81319648694836;2,09390892401585;0,0537268995299749;2,28197838297949;0,73141618277697;0,917584907742163;13,9390769105763;274,06587015739;11,6578640958067;1,45689684183442;0,0904245612799594;26,8022898817862;0,231600695338479;0;0
OVCAR-8 R3;bayesynergy;2.5.1;Bayesian;169;PASS;Carboplatin (NSC 241240);Everolimus (RAD001);0,128177875217427;0,128177875217427;0,190000747408652;0,677372561421781;0,0298037135140136;1,13647822830827;0,674617742117315;0,596064504313907;8,02523145117679;2,12143774056953;2,12143774056953;2,5339410964034;2,82996718739725;0,0709479384077525;2,66652010163099;0,83720878262744;1,0612960261077;16,5703449948124;86692,2100958608;321,097651411479;2,34673807341198;0,0859742554273743;14,7765403694674;0,515773511539025;0;0
OVCAR-8 R3;bayesynergy;2.5.1;Bayesian;170;PASS;Crizotinib (PF-02341066);Paclitaxel (NSC 125973);0,115609720358706;0,115609720358706;0,171350480431559;0,362790289130119;0,016122160462152;0,578128138635094;0,674697380874183;0,627590855576612;4,49051886727396;15,8711203362757;15,8711203362757;4,14208432352422;15,8460366452857;0,140301159021207;4,41602038203839;3,83167485175;3,58830695386675;32,4262469960128;8118,08394081176;9,24848735086889;226,528554976896;0,0777997550831427;5,32871018901743;1,20694263157735;0;0
OVCAR-8 R3;bayesynergy;2.5.1;Bayesian;171;PASS;Carboplatin (NSC 241240);Idasanutlin (RG-7388);0,111524487236158;0,111524487236158;0,165306371368288;0,682624343309063;0,0298962297497709;1,17200322875269;0,674653289604255;0,582477720131072;8,83915210520262;0,425599791300457;0,425599791300457;0,630909254561328;1,24880450895776;0,0500847056949564;1,830360124116;0,674581626792553;0,682272571667225;15,2873721612626;89622,2297595532;39655,2325494858;1,19439391940781;0,0759351224619798;17,7882879559045;0,31971358361358;0;0
OVCAR-8 R3;bayesynergy;2.5.1;Bayesian;172;PASS;AZD7762;Trametinib (GSK1120212);0,10761388964404;0,10761388964404;0,159488895158105;0,371675376114415;0,0155721233888259;0,607887135381327;0,674742210342355;0,61147531684585;7,35247929918261;1,58448606705795;1,58448606705795;1,91174843248934;2,09154826289309;0,0520804517584155;1,96306928515074;0,828815151685383;1,0654480097642;11,6936666962806;261,808698091616;128,102041286075;1,63243456657241;0,0672460164262445;17,0766465571644;0,263127834879369;0;0
OVCAR-8 R3;bayesynergy;2.5.1;Bayesian;173;PASS;Palbociclib;Trametinib (GSK1120212);0,0967288302586739;0,0967288302586739;0,143373305712565;0,427219173592978;0,0168247775794716;0,716560556818071;0,674664155771059;0,596258502473001;7,27975193555085;0,969421274029239;0,969421274029239;1,3733561932154;1,62868707444333;0,0454278891676679;1,81215576014146;0,70587752748947;0,89875666886173;10,3242033663405;13411,7632703214;94,7367635822321;757,620549501361;0,0606158426467497;876,04222718269;0,190352199722789;0;0
OVCAR-8 R3;bayesynergy;2.5.1;Bayesian;174;PASS;Olaparib (AZD2281);TNKS1/2 inhibitor (OM-153);0,09640349028977;0,09640349028977;0,142885850335203;0,546055170638554;0,0205535539598178;0,968264723273968;0,674688851720534;0,563998658721648;8,53382298065685;0,414520667977588;0,414520667977588;0,614466814719114;1,10237598327736;0,0324142217539745;1,52937408489332;0,674602204786395;0,720802055014717;10,5875468111468;14170,1478354358;1217,12602251227;1,22636335060843;0,0577957205407945;15,837906833293;0,247600013785568;0;0
OVCAR-8 R3;bayesynergy;2.5.1;Bayesian;175;PASS;Abemaciclib (LY2835219);Carboplatin (NSC 241240);0,0957381544020514;0,0957381544020514;0,141897744169843;0,502040685520243;0,0281211400916834;0,87115046517037;0,674698212872633;0,57633887339658;7,78219669176702;0,485689680069099;0,485689680069099;0,719950258467282;1,41200478257732;0,208144743057333;2,04312663176262;0,674615606226873;0,691099984027504;13,1317212262141;7387,22059645251;53946,0335093031;3,24539943833552;0,0774515801890097;19,9426661270355;0,34716077727476;3;2
OVCAR-8 R3;bayesynergy;2.5.1;Bayesian;176;PASS;Entrektinib (RXDX-101);Olaparib (AZD2281);0,0954964219224841;0,0954964219224841;0,141548120038145;0,534897634163958;0,020309985583007;0,924184547844738;0,674656942789135;0,578819983467974;7,34001195552486;0,486647251842607;0,486647251842607;0,721385752852188;1,16563273357787;0,0369689807182781;1,58813134001043;0,6746005863278;0,733964946230586;10,3941637811919;4853,28300364675;11886,2916094581;1,59339168832381;0,0791606696920084;17,2950900068933;0,272937494479539;0;0
OVCAR-8 R3;bayesynergy;2.5.1;Bayesian;177;PASS;Paclitaxel (NSC 125973);Quinacrine;0,0912722481550196;0,0912722481550196;0,135289493729371;0,468464287136844;0,0191095384437107;0,78155195683774;0,674644021786331;0,599461961663658;7,37779794703484;2,54928863115352;2,54928863115352;2,97589064164801;3,23378877407265;0,0802184289540476;2,90130871676131;0,85664728248944;1,1145965802917;15,4339885277339;9,62909536156549;23006,3775318824;1,39770778693859;0,0702404275533781;16,4913092290361;0,232840206205965;0;0
OVCAR-8 R3;bayesynergy;2.5.1;Bayesian;178;PASS;Olaparib (AZD2281);Selpercatinib (LOXO-292);0,091047762493981;0,091047762493981;0,134958617614125;0,536712466348481;0,0213765516656672;0,935898705762692;0,674634670268377;0,573517379342863;6,82087260808857;0,563081243275981;0,563081243275981;0,834699506852489;1,21763050751078;0,0335876078823267;1,63010091554543;0,674591560978951;0,746966335580128;12,0524665529649;21488,0574675682;24250,473059967;1,27502656512909;0,0567487529177062;15,4128459333745;0,255233618147562;0;0
OVCAR-8 R3;bayesynergy;2.5.1;Bayesian;179;PASS;Metformin;Trametinib (GSK1120212);0,0826918406097096;0,0826918406097096;0,122559396961374;0,370490023368516;0,0143836594053657;0,608753507726882;0,674708285614122;0,608669917144661;5,42107618023244;0,728674038782377;0,728674038782377;1,06295079717142;1,34136984910536;0,0401425143307435;1,60393481052581;0,685520007813556;0,836299480691254;12,9364056526914;15944744,3284432;101,285846345943;0,980480070849587;0,057885931140834;18,2781725388804;0,130900945024054;14;0
OVCAR-8 R3;bayesynergy;2.5.1;Bayesian;180;PASS;Erlotinib;Niraparib (MK-4827);0,0790772175588842;0,0790772175588842;0,117206614211514;0,420226187052745;0,0160006507703424;0,722901162735959;0,674682210478152;0,58136510771765;6,85537665769222;0,847351328497496;0,847351328497496;1,19443741472678;1,35115166082474;0,0341761216668496;1,47536787741661;0,709414589705667;0,915806614409029;10,9481223336242;7642,19033607717;9631,70464278485;0,970854475596985;0,0461210691251787;25,6095474035868;0,154785055041129;0;0
OVCAR-8 R3;bayesynergy;2.5.1;Bayesian;181;PASS;AZD7762;Olaparib (AZD2281);0,0742301153002187;0,0742301153002187;0,110028100581169;0,59190687361015;0,0292320617188878;1,04670479527426;0,674646884824287;0,565541149761768;8,17058495246834;5,11723774281964;5,11723774281964;4,57198245396684;5,30766644172314;0,158132218798909;3,89751138094187;1,11926014466213;1,36180909379166;19,4007872295066;286,051369905714;21941,4530555212;5,86215355731107;0,0763271868230211;51,2537438456377;0,912293800360737;0;0
OVCAR-8 R3;bayesynergy;2.5.1;Bayesian;182;PASS;Palbociclib;Paclitaxel (NSC 125973);0,0716961941798331;0,0716961941798331;0,106278744394933;0,748179990559989;0,423483487042072;1,19837512192099;0,674605205283656;0,624371909862456;6,35886970213387;3,17648454709068;3,17648454709068;3,87425118059259;4,06615598283325;0,656399487495523;3,69252391702781;0,819896387462626;1,10118609227755;19,8110300269509;38409,2624611842;11,2067909675298;1,09433732325737;0,0838507596562107;20,9162981863565;0,32221095334699;12;1
OVCAR-8 R3;bayesynergy;2.5.1;Bayesian;183;PASS;Tamoxifen (ICI 46474);Niraparib (MK-4827);0,0699825657947109;0,0699825657947109;0,103730049588403;0,534440237579069;0,0229619938565205;0,977922604553329;0,674660487220429;0,546550764220505;9,15409300380387;0,922051681449434;0,922051681449434;1,35719469015258;1,60912589057906;0,0441583926556743;1,8895910460036;0,679380554713027;0,851573621700994;11,980522955642;37639,2294005183;8797,03728113398;1,4949009714553;0,0636146534093911;21,4158401541088;0,249639566488998;0;0
OVCAR-8 R3;bayesynergy;2.5.1;Bayesian;184;PASS;Niraparib (MK-4827);Vismodegib (GDC-0449);0,0659057977206934;0,0659057977206934;0,0976773757174493;0,489299446140313;0,0235292971299633;0,903398825486844;0,674729406237721;0,541668222256402;8,20464959594801;0,698349941123956;0,698349941123956;1,03298898877192;1,2738306615748;0,0353408519664816;1,48330937746775;0,676047807590084;0,858776113011192;8,46296236488881;9795,42695385955;9332162326,36062;0,882113063549368;0,0488299947210835;12,9213713347252;0,190759735322074;0;0
OVCAR-8 R3;bayesynergy;2.5.1;Bayesian;185;PASS;Carboplatin (NSC 241240);Entrektinib (RXDX-101);0,0645957090449218;0,0645957090449218;0,0957426786804479;0,461587863434487;0,0219236468892279;0,858150748339078;0,674680403088755;0,537931637844986;8,44888155357564;0,510717717824699;0,510717717824699;0,757091944564063;1,15203134661843;0,0381783885759691;1,52575312763105;0,674578195543703;0,755057502918002;13,2863114449516;93611,4987829394;4816,30472687265;1,59472045889329;0,0976034458078806;25,9195568201224;0,416570240258481;15;0
OVCAR-8 R3;bayesynergy;2.5.1;Bayesian;186;PASS;Niraparib (MK-4827);Trametinib (GSK1120212);0,0621896134141541;0,0621896134141541;0,0921734346784157;0,386094889821407;0,0147258936568519;0,67572124716449;0,674702137672614;0,571444075363908;5,11077752612865;0,788549850245011;0,788549850245011;1,12496532947612;1,30463573225339;0,0369344841181803;1,45510543655736;0,700954802413535;0,896591889134869;8,02135495679681;9216,83865101523;65,7568742948608;0,691667248592995;0,0486118732956714;24,3241240806275;0,0907086267635572;0;0
OVCAR-8 R3;bayesynergy;2.5.1;Bayesian;187;PASS;Olaparib (AZD2281);Quinacrine;0,0595149840041046;0,0595149840041046;0,08821552570999;0,516070766400865;0,0216616985969371;0,917454640381473;0,674654302914445;0,562554464278389;6,68472816463285;0,788716636358287;0,788716636358287;1,16802019952277;1,56181498848958;0,0504510304289087;1,98979114957879;0,675259414760585;0,784914029203613;14,9198338597109;15279,5197710043;21593,716922409;1,27982467422546;0,0563760267977188;1164,38613680465;0,312343084924406;0;0
OVCAR-8 R3;bayesynergy;2.5.1;Bayesian;188;PASS;Pertuzumab (anti-HER2);Trametinib (GSK1120212);0,0551312560452604;0,0551312560452604;0,081712402399802;0,347933966485873;0,0146732772995296;0,639750179043469;0,674698753507631;0,543921268545693;9,69855734442441;1,2065167250757;1,2065167250757;1,62213032427677;1,79840634536141;0,0453020672715679;1,87780840446052;0,743785321696406;0,957715569431631;11,5281837368179;68792341,9175952;91,4753585777159;1,08831206599957;0,059399968931651;44,2827319934539;0,15567909890704;0;0
OVCAR-8 R3;bayesynergy;2.5.1;Bayesian;189;PASS;Niraparib (MK-4827);Selumetinib (AZD6244);0,0538164908349903;0,0538164908349903;0,0797639855170281;0,474453804033591;0,0203188023158362;0,934548783507037;0,67469661258967;0,507730130929514;9,52187440855661;1,02282389236101;1,02282389236101;1,49025264850188;1,78744598873074;0,043850927444411;2,05634716038786;0,686342610019333;0,869233572600453;13,2645665118854;10663,7702033281;15611,1964666895;0,968836627535363;0,0668964847903921;15,9154990114868;0,156509751911373;0;0
OVCAR-8 R3;bayesynergy;2.5.1;Bayesian;190;PASS;Niraparib (MK-4827);Nutlin-3a;0,0492152135580977;0,0492152135580977;0,0729449675224844;0,457519320376357;0,0212086817458008;0,857634187087572;0,674689635620548;0,533523568809171;7,84291972879212;1,55939737225932;1,55939737225932;2,14208098447517;2,22110569398405;0,0659837527848102;2,27801779392635;0,727982454240116;0,975016832575219;14,8644108414925;11780,1059832215;2520,12690763522;1,60372970015456;0,0624976447047818;11,6415851398161;0,303784289667389;0;0
OVCAR-8 R3;bayesynergy;2.5.1;Bayesian;191;PASS;Niraparib (MK-4827);Sorafenib (Nexavar);0,0430839746754042;0,0430839746754042;0,0638562814991861;0,388042092750104;0,0174182745899056;0,718087321693865;0,674702216663733;0,540446373247524;4,73494568443968;0,820525804227444;0,820525804227444;1,20150476927045;1,36296250911673;0,0357638724920096;1,5632597083387;0,682915145418576;0,871872089996596;11,1317798681681;8902,5183195545;6907,99085908841;0,776489425490743;0,0512723142276469;15,3187692359727;0,144608982222128;0;0
OVCAR-8 R3;bayesynergy;2.5.1;Bayesian;192;PASS;Niraparib (MK-4827);Selpercatinib (LOXO-292);0,0423450277924393;0,0423450277924393;0,062764126461456;0,388635712929939;0,018426721558414;0,757438090259797;0,674669276540377;0,513153633873797;8,00047261009737;0,895451232475467;0,895451232475467;1,31687083848139;1,54826588072134;0,0476777916712896;1,81346478217486;0,679984100421039;0,853761206691059;12,8130651264116;8834,67881009746;23107,9334810576;1,25109326602582;0,0544638173942376;21,5601908095208;0,211708646667741;0;0
OVCAR-8 R3;bayesynergy;2.5.1;Bayesian;193;PASS;Carboplatin (NSC 241240);Lapatinib Ditosylate (Tykerb);0,0409571134240878;0,0409571134240878;0,0606949047654886;0,310977499793319;0,0155426976510195;0,605096647704756;0,67480315822781;0,514001718714498;4,99901797274696;0,979517942986093;0,979517942986093;1,35405801201429;1,49837242218674;0,0408165494733101;1,62420671151122;0,723394370326104;0,922525693045927;10,5699637718913;60325,062819843;7131,16090623452;1,34898952482822;0,076950703697909;14,7367398131883;0,280230970903633;0;0
OVCAR-8 R3;bayesynergy;2.5.1;Bayesian;194;PASS;Carboplatin (NSC 241240);Olaparib (AZD2281);0,0379751413957921;0,0379751413957921;0,0562854247109455;0,508547311882432;0,0218904923370166;0,963356593472505;0,674688724315645;0,527939941692462;6,91314391267073;0,732937531334041;0,732937531334041;1,08653672963159;1,64151975017743;0,0515140633073505;2,12177501514406;0,67456305097257;0,773654010656722;16,8264249673714;37450,331312104;26201,0602706459;1,17255547187201;0,0814868055313198;26,1490656677319;0,367127143932249;0;0
OVCAR-8 R3;bayesynergy;2.5.1;Bayesian;196;PASS;Carboplatin (NSC 241240);LJH-685;0,0360982482750554;0,0360982482750554;0,0534999509181734;0,421283169664482;0,0211670966612474;0,825892474585411;0,674734231630728;0,510152043239262;7,15626601940475;0,486934266202733;0,486934266202733;0,721834037128936;1,33237723681793;0,0458691041721707;1,85615572663044;0,674579253895387;0,717815438490524;11,2670361534388;60506,8888062575;15542,9822553306;1,49730461604249;0,0796766731877607;11,6289033011204;0,555451002182212;1;0
OVCAR-8 R3;bayesynergy;2.5.1;Bayesian;197;PASS;Dabrafenib ;Olaparib (AZD2281);0,0312426944166883;0,0312426944166883;0,046306689342361;0,499789947409919;0,028000444084125;1,04667463246732;0,67469073821496;0,477550023683691;16,2888787689466;1,16896348752774;1,16896348752774;1,71593018661436;1,96579519683348;0,0529493317583035;2,20317596806377;0,681241869072876;0,892255192199238;13,7879192988342;13443428,5245065;48904,9011315435;1,6791777603339;0,0614849881669923;22,8762498829948;0,388468718295887;0;0
OVCAR-8 R3;bayesynergy;2.5.1;Bayesian;198;PASS;Lapatinib Ditosylate (Tykerb);Niraparib (MK-4827);0,0287161668048261;0,0287161668048261;0,0425564257429157;0,334512767681156;0,0165502976019858;0,673126338795943;0,674778633391373;0,497028054426897;7,64671723098318;1,58245037811021;1,58245037811021;2,01732019472109;2,12790170915119;0,0545520102816297;2,06102379461654;0,784431932149966;1,03244888036195;11,6119080883114;7348,68827837866;9579,22208120502;1,26725355881143;0,0601537197451611;26,4625071400985;0,201244296175228;0;0
OVCAR-8 R3;bayesynergy;2.5.1;Bayesian;199;PASS;Carboplatin (NSC 241240);Metformin;0,0256485459791892;0,0256485459791892;0,0380094107792974;0,390634500123572;0,0210939333794531;0,806789745105892;0,67479462199817;0,48423829846881;8,71411343180063;0,371053895122678;0,371053895122678;0,550036696379325;1,06382880147913;0,0353261133295645;1,56649437639085;0,674598436004689;0,679114344432028;10,9619429248313;1586957,24813417;23110543,8723348;2,07301029133111;0,0799913881565269;18,9690532755631;0,601860729513844;0;0
OVCAR-8 R3;bayesynergy;2.5.1;Bayesian;200;PASS;Carboplatin (NSC 241240);TNKS1/2 inhibitor (OM-153);0,023241420041001;0,023241420041001;0,0344417962601304;0,404847468212164;0,019234640174413;0,790130745959487;0,674802785123757;0,512444618559936;7,31250868528839;0,784048381027687;0,784048381027687;1,16223586300241;1,80822112213612;0,0518356068645495;2,35877620457242;0,674603500017843;0,766592913151717;13,6551040603652;11726,2481852398;1959,93575207742;1,69393347434126;0,0886438928101214;16,5283446465672;0,486404265486504;3;0
OVCAR-8 R3;bayesynergy;2.5.1;Bayesian;201;PASS;Alpelisib (BYL719);Carboplatin (NSC 241240);0,0232048707457635;0,0232048707457635;0,0343885117788418;0,362121983341712;0,0205536754105678;0,739186641927351;0,674785547423449;0,489958986900792;6,4980243765083;1,32215808806548;1,32215808806548;1,85774583658966;2,32334135389079;0,0681380537701372;2,6727334026784;0,711700202484439;0,869275383606359;17,8528531426925;8170,02127276802;406260,467752557;2,22274636073336;0,077446629921785;12,5388001614187;0,505125448939887;0;1
OVCAR-8 R3;bayesynergy;2.5.1;Bayesian;202;PASS;Paclitaxel (NSC 125973);Vemurafenib (PLX4032);0,0209012620255724;0,0209012620255724;0,0309767621827143;0,459989579611671;0,0225291037715606;0,871161859970559;0,67474004875938;0,52808217648725;8,8219290524989;5,1132706320595;5,1132706320595;4,04273541816412;5,46137356361147;0,110685321208933;3,7934961780685;1,26480466890943;1,43966760667522;19,1111336151544;7,88791462016077;4629,99325924035;3,44732911467074;0,0826894080618877;16,1782786070426;0,306868457394435;0;0
OVCAR-8 R3;bayesynergy;2.5.1;Bayesian;203;PASS;Olaparib (AZD2281);Sorafenib (Nexavar);0,0183298629608403;0,0183298629608403;0,0271596592792436;0,289165316834503;0,0137000690818637;0,569339518615307;0,674892964318175;0,507983228480773;4,90619449433303;1,13391579093023;1,13391579093023;1,54400056349363;1,66818821899323;0,0417768867061317;1,7498379234412;0,73440115097141;0,953338704485617;12,235172753446;16505,2260540282;6743,92121371291;1,11765128962138;0,0530878247684373;11,6317997272417;0,22024515998903;0;0
OVCAR-8 R3;bayesynergy;2.5.1;Bayesian;204;PASS;Metformin;Olaparib (AZD2281);0,0156495114656375;0,0156495114656375;0,0231871604727707;0,380985207072464;0,0229410766737298;0,821744688888641;0,674921428348897;0,463690624861386;9,15957209497975;0,879586654484817;0,879586654484817;1,30037775669736;1,61078339272374;0,0420137164780605;1,87626566734209;0,676408566629706;0,858504965880216;9,92771572382251;195634,21874759;33670,9509134075;1,71746136930327;0,0605685672184229;18,2424032353659;0,508858567710058;0;0
OVCAR-8 R3;bayesynergy;2.5.1;Bayesian;205;PASS;Fludarabine (Fludara);Olaparib (AZD2281);0,015573901092012;0,015573901092012;0,0230804328145134;0,410937144296073;0,0197628103672019;0,794304640556123;0,674766423020404;0,517420904092723;6,42996503078329;1,82752366094105;1,82752366094105;2,40366561492184;2,54327675889843;0,0664270242477759;2,57100015168158;0,760306945190656;0,989216884034405;17,9476207668091;12333,9906517525;10445,5018437363;0,588113416869915;0,063743435740136;14,4769596565759;0,192068388583345;0;0
OVCAR-8 R3;bayesynergy;2.5.1;Bayesian;206;PASS;AZD8055;Olaparib (AZD2281);0,0151343091140282;0,0151343091140282;0,0224253298950108;0,275218489891738;0,0146420643240564;0,58098250720472;0,674875651100022;0,47379742281004;6,53843162894291;1,60632774566074;1,60632774566074;1,82550411597192;1,94604515249877;0,0427056671550049;1,70495158163781;0,879936523619129;1,14140786955918;9,21804464621839;181,972447531209;18340,1731157634;1,04877686570082;0,0494786977773951;40,8174563637125;0,16212456645677;0;0
OVCAR-8 R3;bayesynergy;2.5.1;Bayesian;207;PASS;Mebendalzole;Olaparib (AZD2281);0,0142571198975765;0,0142571198975765;0,0211287455432329;0,411182076703309;0,0211490502513305;0,809778918944071;0,674773609649663;0,507840505382364;6,6237152623702;4,26723579501897;4,26723579501897;3,70146982314008;4,64275183560469;0,0906953463433044;3,34721020743607;1,15284900293984;1,38705117034194;18,3120556978667;583,863414191823;37942,19114455;3,65130508732033;0,0818760188258584;87,085051124739;0,490372170459914;2;0
OVCAR-8 R3;bayesynergy;2.5.1;Bayesian;208;PASS;MK-2206 2HCl;Olaparib (AZD2281);0,0122728159960167;0,0122728159960167;0,0181850095627466;0,280494629656638;0,013730430370167;0,59178585180912;0,674886419700238;0,474069043712443;7,4840799355993;1,92734702163552;1,92734702163552;2,51885767360365;2,63856445675446;0,0767217099511204;2,58046379152168;0,765167100083955;1,02251559019106;15,2083107622265;1351,31311156525;33578,5056655442;1,6256174741027;0,0592018379253225;37,0630766769006;0,276178015782867;0;0
OVCAR-8 R3;bayesynergy;2.5.1;Bayesian;209;PASS;Carboplatin (NSC 241240);Dabrafenib ;0,0120564998101209;0,0120564998101209;0,017862243575486;0,34329157939368;0,0223642830950505;0,725876940961781;0,674971190442571;0,473009685654942;6,14672334832216;0,919461986058408;0,919461986058408;1,36291875498477;1,87185361419767;0,0658244679785646;2,29285999214857;0,674627143177499;0,816383739350617;14,4489939119465;123376,743403503;5982,07029833123;1,7853107820329;0,0751801981234164;16,328748595669;0,519790066019081;8;0
OVCAR-8 R3;bayesynergy;2.5.1;Bayesian;210;PASS;Niraparib (MK-4827);Pertuzumab (anti-HER2);0,0105726357845552;0,0105726357845552;0,0156658698880536;0,344558225673383;0,0158801454065191;0,693831062839646;0,674883415993238;0,496678935669222;5,6393038152891;1,03684550643684;1,03684550643684;1,50774430060274;1,77543952404882;0,0508965630422405;2,00582941126651;0,687679937521469;0,885139839946696;13,4959296463697;10923,7770857338;12573,4652607668;1,20277454743545;0,0593563156045079;16,6663803017772;0,258670035475185;0;0
OVCAR-8 R3;bayesynergy;2.5.1;Bayesian;211;PASS;Carboplatin (NSC 241240);Simvastatin (MK 733);0,0104614641285961;0,0104614641285961;0,0155020841860599;0,411904241565284;0,0232807309239684;0,884165676413003;0,67484242783325;0,465927736616833;8,22731926391527;1,57921099073666;1,57921099073666;2,2341567770646;2,59341256248422;0,080084373561508;2,9199047633444;0,706848779346428;0,88818395553209;16,8085553596818;168722,656878199;24765,6160236968;1,52434792630037;0,0889613905036355;11,4328684808216;0,740505297486867;11;0
OVCAR-8 R3;bayesynergy;2.5.1;Bayesian;212;PASS;Carboplatin (NSC 241240);Dasatinib (BMS-354825);0,0102105580280756;0,0102105580280756;0,0151285678286644;0,37015598790268;0,0186182029016559;0,774923309207101;0,674919010425395;0,477739315626066;11,2737020269052;4,64352270009522;4,64352270009522;4,2854543719313;5,08763269565985;0,113088498200207;3,8786002162131;1,08355434385422;1,31171876760921;21,2685352237551;155801,589544937;139,786718226195;1,92344566826597;0,104021202454749;22,2679766191011;0,388264693008356;0;0
OVCAR-8 R3;bayesynergy;2.5.1;Bayesian;213;PASS;Carboplatin (NSC 241240);Pertuzumab (anti-HER2);0,00659958334831946;0,00659958334831946;0,00977637341638068;0,353070556234924;0,0631101017483331;0,782442172069531;0,675054344514052;0,451308663275594;6,19231554480696;1,12451117488221;1,12451117488221;1,63848903354859;2,02011490187471;0,0581598160104686;2,34633672129588;0,686309857348742;0,86096547163913;12,4839771142409;1289819,78060126;15660,8148459771;2,16464128879123;0,0906985260156338;23,1243617582617;0,864458593690515;0;0
OVCAR-8 R3;bayesynergy;2.5.1;Bayesian;214;PASS;Niraparib (MK-4827);Simvastatin (MK 733);0,00539660585876872;0,00539660585876872;0,00799317222437154;0,308605502850836;0,0169324008594077;0,660711391298035;0,675151955604588;0,467163382314988;6,76799559351915;1,42265924805602;1,42265924805602;2,00763511297611;2,15797906529131;0,0600757642531088;2,27599262551624;0,708624410312825;0,948148531369621;13,7045902482179;8387,51572917208;33827,6714705967;1,30691438692846;0,0585223747547453;14,5732198541289;0,231143643100887;0;0
OVCAR-8 R3;bayesynergy;2.5.1;Bayesian;215;PASS;Alectinib (CH5424802);Olaparib (AZD2281);0,00526353906791146;0,00526353906791146;0,00779656807893411;0,296606480588695;0,018790710772568;0,645710585743524;0,675109742469029;0,459435100425473;6,91964365202691;2,18895530736399;2,18895530736399;2,95959475474868;3,12821402076104;0,0869347538875019;3,17548095143856;0,739613186518798;0,985115032525672;15,0469759879443;25460,9389022122;25173,4105035176;2,0841384799094;0,0708897144302805;22,5101724045515;0,590111167731802;0;0
OVCAR-8 R3;bayesynergy;2.5.1;Bayesian;216;PASS;Niraparib (MK-4827);Vinorelbine ditartrate (Navelbine);0,00512904780948131;0,00512904780948131;0,00759328005800241;0,207065825484997;0,012923488505259;0,464926457922006;0,67547196604133;0,445484190327171;4,08657343259643;19,3100033030415;19,3100033030415;3,02251463523214;19,3563911845416;0,0676092049147663;2,95736445764639;6,38872119193507;6,54514905475883;29,2195841786991;9224,29675015571;270,352467896605;2579416,05278712;0,0568918725182213;4,87788091627989;1,65051420711116;0;0
OVCAR-8 R3;bayesynergy;2.5.1;Bayesian;217;PASS;Olaparib (AZD2281);Vismodegib (GDC-0449);0,00456312456846916;0,00456312456846916;0,00676043639064202;0,361230845390222;0,0227984266010648;0,763239122034047;0,674974854402234;0,473357878759412;6,2938555205445;1,18308185955512;1,18308185955512;1,66763874237779;1,77523880485993;0,0534006898184183;1,89484878296419;0,709435340815025;0,936876240901317;11,7649643755375;6017,45254485765;27801,952307939;1,64255392878746;0,0471372873761201;29,3912921440833;0,422073330766789;12;0
OVCAR-8 R3;bayesynergy;2.5.1;Bayesian;218;PASS;Afatinib (BIBW2992);Olaparib (AZD2281);0,00400834969857859;0,00400834969857859;0,00593854683811282;0,412265752624863;0,0225774491127658;0,871036413304438;0,674971471615501;0,473370276563896;9,11069201908375;2,99529873918399;2,99529873918399;3,04186197973888;3,4540957192473;0,0687138615577768;2,8770373318571;0,984692520283617;1,20057382676287;15,9564869732819;4580,04617167575;13024,3116567858;1,87268055480931;0,0812397815504953;16,3645280383781;0,332143692224318;0;0
OVCAR-8 R3;bayesynergy;2.5.1;Bayesian;219;PASS;Idasanutlin (RG-7388);Niraparib (MK-4827);0,00351699734481649;0,00351699734481649;0,00520714149118237;0,291939575421538;0,0152192549062203;0,638334321303318;0,675418048611138;0,457435603748592;5,28213004443834;1,56839499577974;1,56839499577974;2,02794915257711;2,10641878284804;0,0502664581806464;2,04494726642601;0,773389704464056;1,03006019638318;14,191767557893;28364,33639826;9655,66159068859;1,00278903996071;0,0493151665098524;204,926362799622;0,204264179737217;0;0
OVCAR-8 R3;bayesynergy;2.5.1;Bayesian;220;PASS;Carboplatin (NSC 241240);Cobimetinib;0,00310693202097362;0,00310693202097362;0,00459996962375858;0,321832839209718;0,0202360142616531;0,729733526468143;0,6754244647457;0,441104010585367;7,67397288633946;2,82085956805805;2,82085956805805;3,29933588628506;3,53434895146356;0,0892128015769584;3,16242476644676;0,854977991111489;1,11760728317173;16,4312080211844;14994,4150573836;1704,13195971365;1,63667387574187;0,0980868407180051;31,3251209950986;0,249092469629533;0;0
OVCAR-8 R3;bayesynergy;2.5.1;Bayesian;221;PASS;Niraparib (MK-4827);Volasertib (BI 6727);0,00120407253805802;0,00120407253805802;0,00177892310422154;0,271499243824669;0,0222825522807017;0,713774060824037;0,676854741613425;0,380445826394022;9,11074036831529;13,9974938162851;13,9974938162851;3,40281446567374;13,9799743908602;0,0851138536212147;3,30986761441536;4,11350485237629;4,22372614843374;24,0184649177807;9116,86404273963;529,14030705893;610,53420722965;0,0585596316764231;9,30420976445056;1,71830040857274;0;0
OVCAR-8 R3;bayesynergy;2.5.1;Bayesian;222;PASS;Carboplatin (NSC 241240);Ruxolitinib (INCB018424);0,000728760207340036;0,000728760207340036;0,00107598815825032;0,20020364702709;0,0112117629639888;0,461291357024527;0,677293891900337;0,434134449536085;4,62553979826329;0,828895061672372;0,828895061672372;1,22317599833956;1,63627637656847;0,0514572528566092;1,97214534411211;0,677658049861657;0,829693603188841;10,3600817217482;972784,725198147;32454919,4407645;1,87109070326501;0,0774947060082134;16,4199325000401;0,805320951900288;7;0
OVCAR-8 R3;bayesynergy;2.5.1;Bayesian;223;PASS;AZD7762;Carboplatin (NSC 241240);0,000494007689971137;0,000494007689971137;0,000727976244007745;0,18255718610495;0,0122672807537142;0,465868647554528;0,678604135832049;0,391984535770776;6,029865063273;3,5674541421917;3,5674541421917;3,9084473425188;4,09619625400266;0,100991809246895;3,34350008669427;0,912754817848628;1,22512222156171;18,2980472692448;277,089993755658;37682,7294018891;4,07970303543877;0,0833006645182149;73,5496069561008;0,693385912551144;0;0
OVCAR-8 R3;bayesynergy;2.5.1;Bayesian;224;PASS;Carboplatin (NSC 241240);Pictilisib (GDC-0941);0,000372169707467255;0,000372169707467255;0,000549484578042336;0,286117408788802;0,0208597265314816;0,694429975128162;0,677306920593103;0,412100786831884;9,86693546714206;3,96485688294716;3,96485688294716;3,30800314685224;4,31096491882011;0,0812096362549039;3,02911262770992;1,19856502758165;1,42317749408985;15,1380378157073;69780,7212193179;3642,92073365494;3,63141567690504;0,0918351092332043;55,5572387873521;0,412654560537666;0;0
OVCAR-8 R3;bayesynergy;2.5.1;Bayesian;225;PASS;Lapatinib Ditosylate (Tykerb);Olaparib (AZD2281);0,000315207309047739;0,000315207309047739;0,000463194642615392;0,197446343009425;0,013727832846733;0,478794708995817;0,680507242631188;0,412503620411405;7,74446878984641;1,97539879558342;1,97539879558342;2,17932278980314;2,34036444013723;0,0620132242321033;1,94588372821247;0,906427815478338;1,20272573648948;9,91538400351875;6344,94720945328;12014,6806070404;2,46555542663364;0,0542283965428375;20,371858468667;0,292523371812295;0;0
OVCAR-8 R3;bayesynergy;2.5.1;Bayesian;226;PASS;Carboplatin (NSC 241240);Vemurafenib (PLX4032);0,000281672969540653;0,000281672969540653;0,000415128260247674;0,295923418319148;0,0164200737549558;0,701782963848988;0,678520343020253;0,421759035192064;10,4396290694622;1,71962898102031;1,71962898102031;2,41839158049324;2,65502538035789;0,0703118988532283;2,83852888409536;0,711063086263968;0,935352602974846;16,3294051532791;10761736,1633182;49479,5080806543;2,71360931238725;0,0875331391926814;15,6690275240791;0,986811344684786;0;0
OVCAR-8 R3;bayesynergy;2.5.1;Bayesian;227;PASS;Dabrafenib ;Paclitaxel (NSC 125973);0,00021317224837642;0,00021317224837642;0,000314391462137041;0,272707077848856;0,0141466163854261;0,598984283103434;0,6780471929085;0,455383293890461;5,59475698605717;4,41725950624113;4,41725950624113;3,09033749196928;4,67091889323808;0,0874125449920825;2,97784104109511;1,4293777031538;1,56855884138138;17,5710845823241;604,446720984108;8,15572639774312;4,16654644111517;0,0646224979896262;20,7657111969237;0,250122524478262;0;0
OVCAR-8 R3;bayesynergy;2.5.1;Bayesian;228;PASS;Flunarizine 2HCl;Niraparib (MK-4827);0,000207435679563501;0,000207435679563501;0,000304506582494563;0,219319205278043;0,0128802382234139;0,532560522589642;0,681219032653275;0,411928114962032;5,02469664541864;1,99466797929901;1,99466797929901;2,43710981861508;2,51503666546839;0,0576529785474565;2,30354014148047;0,818456338759697;1,0918136915348;11,1840598034008;130369,796745299;8539,07080870656;1,47845148921342;0,0562234830502587;12,5200366675419;0,293964241270662;0;1
OVCAR-8 R3;bayesynergy;2.5.1;Bayesian;229;PASS;Niclosamide (BAY2353);Niraparib (MK-4827);9,8361485687591e-05;9,8361485687591e-05;0,000142065636507543;0,213069747312014;0,0151105521437326;0,541463642619241;0,692366487108715;0,39361531379336;6,33587883315247;2,64813747226946;2,64813747226946;2,60307735413848;2,99573242804432;0,0663021325187402;2,31306401965922;1,01731032620269;1,29513597660201;13,2721261037741;2975,524446981;11424,416577542;2,33697570252166;0,0604652773102995;38,7758741846662;0,300826420432502;0;0
OVCAR-8 R3;bayesynergy;2.5.1;Bayesian;230;PASS;Olaparib (AZD2281);Ruxolitinib (INCB018424);9,82407563264505e-05;9,82407563264505e-05;0,000141710778563552;0,264646690285143;0,0157250185653044;0,621866040340397;0,693248299968891;0,425668099994794;5,95220671481213;2,1287544189969;2,1287544189969;2,81310268713899;2,74174942597367;0,06472703256619;2,60624869988136;0,756728301717953;1,05199071220581;14,7903750603256;61532,6098115593;144250511,900285;2,7846837001426;0,0656325099790858;19,4202434164189;0,832420250758062;0;0
OVCAR-8 R3;bayesynergy;2.5.1;Bayesian;231;PASS;Carboplatin (NSC 241240);Cerdulatinib (PRT062070, PRT2070);9,78660910588148e-05;9,78660910588148e-05;0,000140099283347489;0,26776058998436;0,0136486894955851;0,591398282723425;0,698548120450248;0,452860390932588;4,42114309494895;1,46540314439425;1,46540314439425;2,08348495204682;2,40818106092065;0,0610959114773834;2,6775182903407;0,70334232217739;0,899407884386185;15,7869321651101;7705255493,75383;10977,6989893276;2,59095469075748;0,0746561190871687;16,1945504481128;0,745980967169291;0;0
OVCAR-8 R3;bayesynergy;2.5.1;Bayesian;232;PASS;Carboplatin (NSC 241240);Selpercatinib (LOXO-292);9,65822904454903e-05;9,65822904454903e-05;0,000138225682287472;0,214160634804532;0,0149416100802591;0,539663671775365;0,698728983262498;0,396948690003978;6,49530884942305;1,29865729554995;1,29865729554995;1,89934958777814;2,30731978438969;0,11394033833553;2,5982229342351;0,683737898439815;0,888037648343273;15,8999148896288;66563,5288457518;24323,9638591726;1,99654212789837;0,0724972131997094;18,7761103465146;0,743081287374254;2;0
OVCAR-8 R3;bayesynergy;2.5.1;Bayesian;233;PASS;LJH-685;Olaparib (AZD2281);9,57611554327697e-05;9,57611554327697e-05;0,000133976029805332;0,226005410380453;0,0132377986559216;0,545545609280635;0,714763346636792;0,414389352437924;6,23793593937808;1,49328506068344;1,49328506068344;2,11125415453889;2,28169151144474;0,0554636340233826;2,35100994042083;0,707297630402806;0,970515467508535;12,5868014320278;3729,14235252851;26005,9159787389;1,89112184328705;0,0580923844915161;56,5444785353254;0,477797387581279;0;0
OVCAR-8 R3;bayesynergy;2.5.1;Bayesian;234;PASS;Gemcitabine (LY-188011) HCl;Niraparib (MK-4827);9,54752018513937e-05;9,54752018513937e-05;0,000133734823480239;0,282179902097887;0,0169902773096561;0,615667609555608;0,713914292229961;0,458434934207481;5,67792650753713;10,3057532861054;10,3057532861054;4,940317458476;10,1902308907663;0,142879343566676;4,96795836342004;2,08605082016015;2,05119088070439;28,8473720997426;48,3052232310172;12651,2853397306;12,263396242504;0,112249645892493;21,7083670193101;0,782448330077971;0;0
OVCAR-8 R3;bayesynergy;2.5.1;Bayesian;235;PASS;Dasatinib (BMS-354825);Niraparib (MK-4827);9,53067587119906e-05;9,53067587119906e-05;0,000131494932667665;0,23206491921307;0,0140419116242935;0,533723712256058;0,724794155778344;0,434919853813604;6,34348018612987;3,28959193367811;3,28959193367811;2,99244012552885;3,67973292460681;0,0750639547028218;2,78282090832927;1,09930083666979;1,32230317574264;14,9136483653332;59,1637043842668;9940,00423239506;1,75460574280713;0,0641561967273296;27,3108858768385;0,201605885399549;0;0
OVCAR-8 R3;bayesynergy;2.5.1;Bayesian;236;PASS;LJH-685;Niraparib (MK-4827);9,48773013078365e-05;9,48773013078365e-05;0,00012945010627523;0,226921971642867;0,0136120897703257;0,566922849768595;0,732925634731524;0,400380760172411;7,16128124688058;2,25525493759709;2,25525493759709;2,75977719994228;2,83360789123175;0,0640583305928391;2,57909034273959;0,817187321369371;1,09868500698653;14,4115469923265;164619,27800124;10822,9428471083;2,12837808441201;0,0566984413590698;156,072738200175;0,29830838994658;0;0
OVCAR-8 R3;bayesynergy;2.5.1;Bayesian;237;PASS;Olaparib (AZD2281);Venetoclax (ABT-199);9,19687318450307e-05;9,19687318450307e-05;0,000120312107616272;0,252519277295972;0,0196753576850208;0,677508854802361;0,764417926567787;0,372811791315799;9,6008609699889;2,41107246774703;2,41107246774703;2,89412878691469;2,91216626932898;0,0693033428642567;2,6182780605188;0,833090938678432;1,11224484260925;13,6093936250115;25049,1362150243;17362,4638220982;1,84204311461462;0,0586884326681357;14,1611056478212;0,520497748065772;0;0
OVCAR-8 R3;bayesynergy;2.5.1;Bayesian;238;PASS;Dexamethasone;Olaparib (AZD2281);9,16670194088312e-05;9,16670194088312e-05;0,000119388644285877;0,226276548526346;0,0127182730155494;0,557187567760512;0,767803503902211;0,406221502959609;6,10771455474789;2,86281114289792;2,86281114289792;2,90325687323558;3,24674269284885;0,067959608813368;2,64356818584391;0,986068841957969;1,22816680509128;14,2123093484541;404,295308974568;16418,3903541562;1,93708910685693;0,0554664790350434;23,2027019527998;0,444640820563677;0;0
OVCAR-8 R3;bayesynergy;2.5.1;Bayesian;239;PASS;Ruxolitinib (INCB018424);Trametinib (GSK1120212);9,07834454595001e-05;9,07834454595001e-05;0,000117479882029005;0,180830552277137;0,0123742349971169;0,422886677187808;0,772757376765889;0,42776662716054;4,80501622467405;4,2870565017779;4,2870565017779;2,70531990340639;4,43909134853056;0,0674814947600646;2,48213777776718;1,58467636170491;1,78841456275798;12,8503345830967;26718162613,9134;101,390088503797;3,70756257805727;0,0575863638269637;35,3783814507077;0,315743655387631;0;0
OVCAR-8 R3;bayesynergy;2.5.1;Bayesian;240;PASS;Flunarizine 2HCl;Olaparib (AZD2281);9,07362797236163e-05;9,07362797236163e-05;0,000121500486129675;0,251293312063149;0,0154575371056589;0,61647565234431;0,746797668173734;0,407731313429731;5,635026595192;2,68844953920698;2,68844953920698;3,140307625538;3,23446002677582;0,0736928499014555;2,92328404220787;0,85611024771702;1,1064473995941;16,427795507771;66575,1582969064;24194,5728602412;2,92626627302911;0,0657550704661853;19,0347373441492;0,818394139047339;0;0
OVCAR-8 R3;bayesynergy;2.5.1;Bayesian;241;PASS;Simvastatin (MK 733);Trametinib (GSK1120212);9,01882003490744e-05;9,01882003490744e-05;0,000119035315094033;0,181327743928391;0,0110076285999228;0,442479906760179;0,75765918944163;0,409943664578189;4,254997837976;3,75305585473604;3,75305585473604;2,90376384269887;4,00276940841485;0,0877516626603018;2,73536017766004;1,2924797118652;1,46334272214163;13,4723394818643;36747,5042590059;88,7997474812682;2,42012327057556;0,0569373222686512;27,4398176994756;0,307251399855253;0;0
OVCAR-8 R3;bayesynergy;2.5.1;Bayesian;242;PASS;Carboplatin (NSC 241240);Fludarabine (Fludara);8,96803852627115e-05;8,96803852627115e-05;0,000114065677080014;0,324315047432884;0,0191872742338505;0,801877166185133;0,786217094909306;0,404528014264503;7,50119753425316;3,40496503975356;3,40496503975356;4,09225058349464;4,28740731402671;0,109731178105216;3,98741428006979;0,832051940681949;1,07523498008631;30,5970794850134;437389,771264951;9396,4255827193;1,66171689555736;0,0986009711182275;38,2001914682774;0,32428851050653;0;0
OVCAR-8 R3;bayesynergy;2.5.1;Bayesian;244;PASS;Luminespib (NVP-AUY922);Niraparib (MK-4827);8,74408351138289e-05;8,74408351138289e-05;0,000108955066581422;0,0987957443859593;0,00941439547675909;0,323603956526154;0,80254033022397;0,305488528370555;5,48310186678272;7,11776340067455;7,11776340067455;2,25326481671734;7,0951416480236;0,0630320360679626;2,30248589618359;3,15886679091898;3,08151361959868;14,2103590818634;17,769170634826;9909,80542852655;61,4678167505292;0,0515239368308447;10,4308386115441;0,568483978846867;0;0
OVCAR-8 R3;bayesynergy;2.5.1;Bayesian;245;PASS;Olaparib (AZD2281);Vinorelbine ditartrate (Navelbine);8,72203912904736e-05;8,72203912904736e-05;0,000111124324321925;0,148621526736975;0,0104440255311463;0,371671622101065;0,784890183339141;0,400046191111739;3,82190207138449;5,92186840202356;5,92186840202356;2,42983187513859;5,85697213740991;0,079374041000215;2,52204220950376;2,43715150114483;2,32231328854815;14,8545630157491;25054,6349224207;245,069734006583;18,6940519295913;0,0564455934278838;22,5441557117289;0,577036471142187;0;0
OVCAR-8 R3;bayesynergy;2.5.1;Bayesian;247;PASS;Metformin;Niraparib (MK-4827);8,67829469108644e-05;8,67829469108644e-05;0,000107327995412984;0,157258374621054;0,0105183456060427;0,418155123132691;0,808576984755329;0,37623437638741;4,14992427760687;2,45988035337986;2,45988035337986;2,50510112272809;2,74969481068506;0,0654220425922124;2,23313951212302;0,9819485253757;1,2313134919506;11,597999466823;132914,854213116;9212,90293522681;2,30503735566221;0,0512758946624363;16,2977684887152;0,335922067581223;0;0
OVCAR-8 R3;bayesynergy;2.5.1;Bayesian;248;PASS;Niraparib (MK-4827);Ruxolitinib (INCB018424);8,66941510220976e-05;8,66941510220976e-05;0,000105138764037332;0,148242251809698;0,0111872755593302;0,414379702879063;0,824568862073696;0,357903677281465;5,48321796177614;3,23801614413074;3,23801614413074;3,13914498224341;3,46478822621784;0,109638407977845;2,67670190892889;1,03149620754906;1,29442438646607;14,8685950445892;10692,3412872746;89323,9954158783;3,17689282033885;0,0576875628257898;14,1118148081951;0,455619877697701;0;0
OVCAR-8 R3;bayesynergy;2.5.1;Bayesian;249;PASS;Quinacrine;Carboplatin (NSC 241240);8,64967933226024e-05;8,64967933226024e-05;0,000103364289571232;0,213879609558991;0,0156814286800985;0,56960798078581;0,836815051710816;0,375603257666168;7,47053561329471;3,15148580161393;3,15148580161393;4,22911415857108;3,975031527895;0,112895943372079;3,72608182346111;0,745188160794113;1,06681273150428;18,5738080023329;20514,4122117792;8553035,40427555;3,52374785200695;0,0693434809359286;16,1294688053135;1,12746944507313;0;0
OVCAR-8 R3;bayesynergy;2.5.1;Bayesian;250;PASS;Defactinib (VS-6063, PF-04554878);Paclitaxel (NSC 125973);8,56287316783735e-05;8,56287316783735e-05;0,000102490452437733;0,239718983249664;0,0192833637109475;0,610734227849789;0,835480082697422;0,392622385338469;6,10381833598083;9,34024651644052;9,34024651644052;4,36805594845513;9,52044083171329;0,192777676716388;4,39275688521268;2,13830743622776;2,16730428760169;23,9118126565155;40993,8799606764;9,36765731499981;9,98029506062713;0,0946992173429509;17,032275013663;0,54908433944128;0;0
OVCAR-8 R3;bayesynergy;2.5.1;Bayesian;251;PASS;Mebendalzole;Niraparib (MK-4827);8,44582068980233e-05;8,44582068980233e-05;9,8402684303753e-05;0,125989536667591;0,0101006684177655;0,373405964292885;0,858291696975609;0,337584875742468;4,09557928035089;15,4945676239155;15,4945676239155;3,87114562591688;15,287943807954;0,112656672027125;4,03274556804231;4,00257937086663;3,79095173499266;28,1791025039547;699,967578146307;10202,3601385057;338,317545003652;0,0706345613097227;9,22267962197289;1,43352031508564;0;0
OVCAR-8 R3;bayesynergy;2.5.1;Bayesian;252;PASS;Cerdulatinib (PRT062070, PRT2070);Trametinib (GSK1120212);8,43769193465892e-05;8,43769193465892e-05;0,000101085827549833;0,592416870591631;0,128956536787329;1,78099322687458;0,834705728703596;0,332669855631533;15,3546454366875;6,22700219850488;6,22700219850488;2,98608284984384;6,22839846721788;0,0808293327545706;2,9740914013298;2,08534140264411;2,09421891487026;16,5033829174865;17239,2779574565;85,1510691623138;14,6692883519169;0,0527856026955118;25,3517392718897;0,616181469366615;0;0
OVCAR-8 R3;bayesynergy;2.5.1;Bayesian;253;PASS;Binimetinib (MEK162);Trametinib (GSK1120212);8,4285349385133e-05;8,4285349385133e-05;0,000103376214036189;0,125324912539371;0,0110535398560726;0,353377074802598;0,815326331796476;0,354833276763992;3,83637147041281;4,13187810286754;4,13187810286754;2,42367185098097;4,06686991056157;0,0787971215188419;2,38616270450449;1,70480096189391;1,70435565977304;14,0694307203074;27826,2515991269;92,3480590885374;3,92074318202677;0,0447775290363814;105,116626871768;0,232505610621686;0;0
OVCAR-8 R3;bayesynergy;2.5.1;Bayesian;254;PASS;Carboplatin (NSC 241240);Crizotinib (PF-02341066);8,4019632319309e-05;8,4019632319309e-05;0,000100659734724737;0,188536656813068;0,0152369954531404;0,550447235242617;0,834689586149496;0,342636571261005;8,22581233132579;4,34409527502522;4,34409527502522;3,46831863295885;4,46656004880549;0,101213998255442;3,08636055156078;1,25250755041478;1,44719321485195;16,2834077786356;396471,468531382;8066,968872049;3,42883181847115;0,0843417000289151;13,0637795015558;0,491327848244389;0;0
OVCAR-8 R3;bayesynergy;2.5.1;Bayesian;255;PASS;Carboplatin (NSC 241240);Tamoxifen (ICI 46474);8,15781216156755e-05;8,15781216156755e-05;9,21708498737017e-05;0,169026208349988;0,0140226419584884;0,469018496010794;0,885075072297358;0,36053323748476;5,61314653978723;2,33613604243183;2,33613604243183;3,08210248722441;3,19987630276271;0,0893470850476322;3,05577121854365;0,757968319390845;1,04715833546195;16,1642855504703;1646942,74377987;25946,0005789256;2,09533387009973;0,080617255287114;30,4691196946505;1,11512850794585;8;0
OVCAR-8 R3;bayesynergy;2.5.1;Bayesian;256;PASS;Cobimetinib;Olaparib (AZD2281);8,08892663675253e-05;8,08892663675253e-05;9,16662055913038e-05;0,145705761131562;0,0105063884345254;0,414507258911847;0,882432798933254;0,351685195940264;3,88418503766672;5,34653889566133;5,34653889566133;4,32740071152095;5,57625038499123;0,126831785436651;3,87304055987817;1,23550816115251;1,43976038948754;19,3793516371504;2058,13571730774;14487,4550914234;3,85473177819175;0,0774037994639954;33,0463534600427;0,396025728034745;0;0
OVCAR-8 R3;bayesynergy;2.5.1;Bayesian;257;PASS;Carboplatin (NSC 241240);Alectinib (CH5424802);7,95790211420021e-05;7,95790211420021e-05;8,60864430875734e-05;0,206476572362375;0,0148923669971472;0,612726091806314;0,924408284136546;0,337096445425278;9,03196384683441;3,28515473351612;3,28515473351612;3,80511945740512;3,87104934553107;0,0952517362033839;3,32358443460606;0,863351274589527;1,16472122844982;18,1347639328446;31143,7293783184;85408,761932494;3,17349401660082;0,092075356154461;28,7309031285007;1,15752026422037;0;0
OVCAR-8 R3;bayesynergy;2.5.1;Bayesian;258;PASS;Carboplatin (NSC 241240);Nutlin-3a;7,91968874600401e-05;7,91968874600401e-05;8,58262332667316e-05;0,164771204160647;0,0117299756041771;0,494676192506895;0,92275851386733;0,333232693380323;8,31851473439861;3,14955201414099;3,14955201414099;3,80210350754664;3,83144907690805;0,0966284831336471;3,34205657799297;0,828370928852826;1,14643453439348;16,3340536740868;52625956,2878019;67170,686818838;3,37200636361131;0,0897218934576534;15,6832487761994;1,39310037062027;1;0
OVCAR-8 R3;bayesynergy;2.5.1;Bayesian;259;PASS;Olaparib (AZD2281);Pertuzumab (anti-HER2);7,91104255227822e-05;7,91104255227822e-05;8,35222066641465e-05;0,129150525079348;0,0107813891548493;0,383742147839993;0,947178345525464;0,336741082192953;6,11517022264713;2,92703793409292;2,92703793409292;3,19181981853216;3,34510546600817;0,0718096126689735;2,77979294903009;0,91704359910861;1,20336497262335;14,2130186600404;20846,93851084;14055,7394656315;2,93904645060514;0,057724207907819;17,4272246851643;0,863335059254853;0;0
OVCAR-8 R3;bayesynergy;2.5.1;Bayesian;260;PASS;Carboplatin (NSC 241240);Palbociclib;7,7860432181506e-05;7,7860432181506e-05;8,09671221806856e-05;0,115514167649056;0,00883917636715162;0,33916257314287;0,961630228227122;0,340797763374958;4,75364262527288;3,24179007710273;3,24179007710273;3,60394013790237;4,04563865709854;0,0826228016559561;3,64558379041017;0,899512742459027;1,10973684591772;19,8415296473459;555878179,870643;12892,7878379091;4,03605653843742;0,0848016086082954;43,0216116723306;1,17031715615121;0;0
OVCAR-8 R3;bayesynergy;2.5.1;Bayesian;261;PASS;Afatinib (BIBW2992);Carboplatin (NSC 241240);7,75100349846124e-05;7,75100349846124e-05;8,12188972771314e-05;0,134364377476526;0,0109294396480399;0,398129247896744;0,95433498339846;0,337672105929155;4,90729187800525;4,40694843578606;4,40694843578606;3,78201087522585;4,67798090868607;0,0919328795417937;3,35986947576151;1,16523949326901;1,39231030920504;18,5777215059866;4593,29743875426;275891,470918667;3,00937608982006;0,0822636551824127;39,5450898351401;0,405155783105512;0;0
OVCAR-8 R3;bayesynergy;2.5.1;Bayesian;262;PASS;Carboplatin (NSC 241240);Niraparib (MK-4827);7,72647212949889e-05;7,72647212949889e-05;7,5636777739281e-05;0,130753650336762;0,010957132073512;0,42601800275069;1,02152317436525;0,307095615183665;6,58044996184934;8,39373284760114;8,39373284760114;4,34880033095289;8,10958660349427;0,129667482400571;4,23827114086344;1,93012605979128;1,91341854590316;20,9017059983486;158737,852360231;9628,2696178821;9,10839927498153;0,0754649266054073;26,2963654676371;1,21076013816946;0;0
OVCAR-8 R3;bayesynergy;2.5.1;Bayesian;263;PASS;Idasanutlin (RG-7388);Olaparib (AZD2281);7,5974218987293e-05;7,5974218987293e-05;7,01555811662647e-05;0,0911975429072838;0,0087869521199806;0,343011107052522;1,08293905808062;0,266089469470818;7,61819204041742;6,28359917823814;6,28359917823814;3,06318666292606;6,14375803193438;0,112887702199739;3,03527204804369;2,05132754535952;2,02412104572116;17,0504944369538;22399,5136247881;10498,3554564356;13,6355580036518;0,0478379772675709;16,3792345354546;0,821000053369712;0;0
OVCAR-8 R3;bayesynergy;2.5.1;Bayesian;264;PASS;Niraparib (MK-4827);Quinacrine;7,57336705418283e-05;7,57336705418283e-05;7,57191981691058e-05;0,154920415425622;0,0112462066647912;0,470834200967334;1,00019113214446;0,329188948569386;6,4578872420445;4,52842413038852;4,52842413038852;3,23746397545634;4,74229992158262;0,090412576509195;2,97253392580281;1,39875660848094;1,59537285021965;15,0197888098296;8510,49957619147;21780,1458161514;4,72182859857863;0,0539865726234902;19,2699252885141;0,544472798330371;0;0
OVCAR-8 R3;bayesynergy;2.5.1;Bayesian;265;PASS;Dexamethasone;Paclitaxel (NSC 125973);7,52709312726744e-05;7,52709312726744e-05;7,15303192406475e-05;0,11106031583581;0,0091547363568508;0,335747341987013;1,05229407713731;0,331008218560587;4,6335864024144;7,66331725250809;7,66331725250809;3,3955872102597;7,69574076082939;0,104805958816355;3,42298611231138;2,25684595269811;2,24825357402131;19,9987989505522;540,002273464031;9,45817793386557;11,7428425542001;0,0648139632653881;32,881319631232;0,397259089437275;0;0
OVCAR-8 R3;bayesynergy;2.5.1;Bayesian;266;PASS;Carboplatin (NSC 241240);Mebendalzole;7,08824874325161e-05;7,08824874325161e-05;5,69406131852015e-05;0,08087932467462;0,00720882798786407;0,263182721552987;1,24484938723733;0,307617339363438;3,12831760644377;8,23654782336953;8,23654782336953;3,46754820216446;8,27494524570089;0,14030506504247;3,59491097686309;2,37532323796631;2,30184983688291;20,4671941236931;161926,456418067;648,299304026856;37,465727328736;0,0961193317610536;53,8224892613142;0,803764366842811;1;0
OVCAR-8 R3;bayesynergy;2.5.1;Bayesian;267;PASS;Dabrafenib ;Niraparib (MK-4827);6,96059842007768e-05;6,96059842007768e-05;5,61049753354994e-05;0,0979121568469696;0,00885396079358818;0,346454215414544;1,24063835309691;0,282837480265614;6,02944638598057;6,69033468016542;6,69033468016542;2,99218191433846;6,64548107937533;0,100434297779905;3,05931733128145;2,23593847957757;2,17221045081706;18,5108931287629;293,306875163283;9880,06508869019;14,3354387446948;0,0527096095503197;20,9906238693132;0,739100572750455;0;0
OVCAR-8 R3;bayesynergy;2.5.1;Bayesian;268;PASS;Carboplatin (NSC 241240);Selumetinib (AZD6244);6,86739123042004e-05;6,86739123042004e-05;5,9238569171586e-05;0,101708491858359;0,00964348387079915;0,352360915645705;1,15927702617672;0,288862540270543;4,99300271795509;5,12011831255369;5,12011831255369;4,20419379282275;5,4821158183512;0,106392003240198;3,91499280478656;1,2178597288485;1,40028758460262;23,1156515179669;296396,847090279;14579,6992519158;5,0563434919999;0,0864016468765442;20,4897762910797;0,836841773933999;1;0
OVCAR-8 R3;bayesynergy;2.5.1;Bayesian;269;PASS;Niraparib (MK-4827);Olaparib (AZD2281);6,48645445955223e-05;6,48645445955223e-05;4,66286840515401e-05;0,0739047840377046;0,0111377615158798;0,33319829504843;1,39108675088976;0,22206196773272;6,96399275036966;7,07214426874885;7,07214426874885;3,30163844536391;6,95543628208635;0,0956487199993083;3,25335846127799;2,14201051562124;2,13792496734408;19,4158632710412;8619,90833732517;21700,7913983255;13,6070919492631;0,0563336950965503;22,8585862748505;0,695456430832712;0;2
OVCAR-8 R3;bayesynergy;2.5.1;Bayesian;270;PASS;Carboplatin (NSC 241240);Dexamethasone;6,44712160830501e-05;6,44712160830501e-05;4,72178035263949e-05;0,0768290892890622;0,00713925151243041;0,29147644526616;1,36540057495496;0,2638703183103;3,79057779918437;5,68345683360537;5,68345683360537;4,24607272393096;5,67418406357629;0,134995759859845;3,69436898933333;1,33852084105232;1,5359007397364;17,1965792421578;1302407,63897473;213184,829682704;4,3266490968617;0,0697807396606955;41,2948381916554;1,6773485693438;0;0
OVCAR-8 R3;bayesynergy;2.5.1;Bayesian;4;FAIL;Defactinib (VS-6063, PF-04554878);Niraparib (MK-4827);11,4218527270502;11,4218527270502;5,53319535278618;10,5014390598124;0,362300842554957;5,89925713206768;2,06424172631079;1,78013132146976;27,5071158495863;1,48265890270702;1,48265890270702;1,55237052903557;1,95546977619736;0,0453506698571317;1,7918716478877;0,955093436119367;1,09130013776517;13,5190797199487;14164,4752347495;10099,4011304738;9,62668278727141;0,0827486047046421;10,4218115258655;2,0277848467428;0;666
OVCAR-8 R3;bayesynergy;2.5.1;Bayesian;69;FAIL;Defactinib (VS-6063, PF-04554878);Olaparib (AZD2281);1,07511758838794;1,07511758838794;1,59387442396301;3,58469299322006;0,383406208156627;5,49773831995582;0,674530924283711;0,65203447795849;29,8696479891191;0,202648573048854;0,202648573048854;0,300407734176959;0,880740857946546;0,039284327815352;1,43215153081199;0,674578414580635;0,614977423127281;10,3401830896832;15277,2392434379;7630,97062008884;1,69490919313789;0,0870962785512412;11,0782466702713;0,790125070649184;0;360
OVCAR-8 R3;bayesynergy;2.5.1;Bayesian;127;FAIL;Abemaciclib (LY2835219);Paclitaxel (NSC 125973);0,332169707168782;0,332169707168782;0,492398035141679;0,810006100265041;0,0358931902732746;1,11668848613242;0,674595923343206;0,725396098894547;7,62081467454204;7,55285040500355;7,55285040500355;4,57334881976391;7,48073055639857;0,186556098024582;4,38559836517597;1,65149230960989;1,70574912098646;24,4719540660372;13306,8148005435;9,69021741977772;5,16547882807953;0,0837464391295068;27,8774190713251;0,733776674469194;0;494
OVCAR-8 R3;bayesynergy;2.5.1;Bayesian;164;FAIL;Carboplatin (NSC 241240);Venetoclax (ABT-199);0,139841065027886;0,139841065027886;0,207290570022128;0,725793618558095;0,0281334574831105;1,21536100071293;0,674613731888325;0,597217963790177;9,58063354269079;0,629537503126397;0,629537503126397;0,933249129717233;1,57333868027506;0,0517778493771598;2,13626041264247;0,674565325677981;0,736491988974742;13,8147546120511;54115,7283032861;19496,1108378198;1,65506280427703;0,0842253211760092;23,2658625853638;0,472301345289324;0;518
OVCAR-8 R3;bayesynergy;2.5.1;Bayesian;195;FAIL;Defactinib (VS-6063, PF-04554878);Trametinib (GSK1120212);0,0376386609273556;0,0376386609273556;0,0557786612161916;0,363963824169022;0,019826406573028;0,690802409341243;0,674786022229407;0,526935632902962;6,32069125118541;1,48600218869431;1,48600218869431;1,93118985179658;2,09989510395594;0,0594453947059547;2,12311997406335;0,769474936558874;0,989060971404755;13,447254064566;32266,8311767834;93,5482187056902;0,391842501456751;0,06242367005954;21,9686961296293;0,176383575357485;0;194
OVCAR-8 R3;bayesynergy;2.5.1;Bayesian;243;FAIL;Carboplatin (NSC 241240);Defactinib (VS-6063, PF-04554878);8,75504673083034e-05;8,75504673083034e-05;0,000113323069543146;0,246492558016192;0,0169888009126309;0,633717723358675;0,772574089823522;0,389064155760092;9,25817277605652;1,8334687074245;1,8334687074245;2,63981131648257;2,93879700018067;0,0913804041942533;3,14587180029154;0,694545362381248;0,9341757028714;16,4873818018215;1707683874,78076;434479,869368033;1,85977576580518;0,0979501235904121;48,7838268284378;1,14390307738298;0;531
OVCAR-8 R3;bayesynergy;2.5.1;Bayesian;246;FAIL;Olaparib (AZD2281);Simvastatin (MK 733);8,71669510732674e-05;8,71669510732674e-05;0,000103661230896998;0,202222644959778;0,0151734110469785;0,55118795608409;0,840882848090815;0,367009045797592;7,78179159703576;3,2927618790736;3,2927618790736;3,5939386001649;3,79799215525187;0,0854962854599591;3,18573798535629;0,916198701592322;1,19218597785188;16,5148257721228;14115,4719550173;38784,3467199728;2,19544850143748;0,0629273315255874;15,5798675473712;0,705509704783874;0;38
