Sample;Package;Version;Model;Rank;QC;Drug A;Drug B;Synergy Score;Median (syn);MAD (syn);Mean (syn);SEM (syn);SD (syn);Median/MAD (syn);Mean/SD (syn);Maximum (syn);Antagonism Score;Median (ant);MAD (ant);Mean (ant);SEM (ant);SD (ant);Median/MAD (ant);Mean/SD (ant);Maximum (ant);EC50 (Drug A);EC50 (Drug B);bayesfactor;observation noise;kernel length scale;kernel amplitude;divergent;max_treedepth
OVCAR-8 R2;bayesynergy;2.5.1;Bayesian;1;PASS;Navitoclax (ABT-263);Paclitaxel (NSC 125973);23,3388285669865;23,3388285669865;3,37457553446705;23,1648518382626;0,0915334603318703;3,62729628745455;6,91607828261947;6,38625852494629;35,1288301637722;0,0211609040718095;0,0211609040718095;0,0313546185647633;0,157829187920439;0,00718936163772941;0,268899752985078;0,674889539099367;0,586944339547971;2,21241778683918;11579,4903775622;12,5693642775528;375403,841115761;0,075362268574904;5,02653570095984;2,42499257091437;0;0
OVCAR-8 R2;bayesynergy;2.5.1;Bayesian;2;PASS;Paclitaxel (NSC 125973);Venetoclax (ABT-199);17,8396145112243;17,8396145112243;3,9814074746031;17,6645396510409;0,118237238714412;3,93134022220198;4,48073065241901;4,49326149674903;30,8167281346567;9,8312705144469e-05;9,8312705144469e-05;0,000140262023992716;0,127076032880047;0,00885475366626659;0,324234501905638;0,70092176303954;0,391926313002402;3,93920940721827;12,5976488002642;475325,986480808;2414,18124163712;0,0683912648765597;8,09653115950401;1,42108179751636;0;0
OVCAR-8 R2;bayesynergy;2.5.1;Bayesian;4;PASS;Afatinib (BIBW2992);Paclitaxel (NSC 125973);12,3229422544009;12,3229422544009;3,20398546123258;12,3971021255501;0,0686044863863665;3,26367182986506;3,84612926728456;3,79851369004299;22,345109313458;1,31025811983538;1,31025811983538;1,22869394132853;1,42507874008173;0,0504742210661521;1,23136953833982;1,06638282794709;1,15731199750408;10,7636589995692;4405,37411508963;12,7864881859405;299,508078225777;0,0865345062134512;5,80971663931132;1,74871461913746;0;0
OVCAR-8 R2;bayesynergy;2.5.1;Bayesian;5;PASS;Nutlin-3a;Paclitaxel (NSC 125973);10,402512393327;10,402512393327;4,67752422971269;10,3985336133392;0,161540569324436;4,41064199252514;2,22393554420261;2,3576012257632;25,4518339933699;0,0661816280622153;0,0661816280622153;0,0980987503025475;0,460898805843304;0,0288664697504714;0,825684445074117;0,674642927235095;0,558202117761746;8,30919037310557;1930919,31859921;12,7112017413714;27,2297947534973;0,0668834548514165;11,1138318125802;0,88618313413694;0;0
OVCAR-8 R2;bayesynergy;2.5.1;Bayesian;6;PASS;Entrektinib (RXDX-101);Paclitaxel (NSC 125973);10,3887092832066;10,3887092832066;3,56009642111183;10,2460213384283;0,0998684264129806;3,55487542349227;2,9180977294885;2,88224511347742;21,6222692208172;8,30477711998896e-05;8,30477711998896e-05;9,50937121261275e-05;0,187639310839938;0,0164271417614982;0,537696146374277;0,87332557897981;0,348969045259489;5,94670678919546;5475,55469217429;11,8781556818829;36,9423323875054;0,0874387049335379;62,6732223178348;0,975114973693715;0;0
OVCAR-8 R2;bayesynergy;2.5.1;Bayesian;7;PASS;Paclitaxel (NSC 125973);TNKS1/2 inhibitor (OM-153);9,92921195445549;9,92921195445549;3,46090695599285;9,65854504129249;0,0994524392446907;3,49276504080646;2,86896240803649;2,76530062117841;19,9471691555097;0,00113110649196476;0,00113110649196476;0,00167259438514398;0,171524101469593;0,0108226850720615;0,389706429277222;0,676258692490703;0,440136699278259;3,33350005276219;11,3965144136061;130136,094784169;35,2755252471355;0,0641303605915446;11,6000215018156;0,520264724796239;0;0
OVCAR-8 R2;bayesynergy;2.5.1;Bayesian;8;PASS;Paclitaxel (NSC 125973);Selumetinib (AZD6244);9,7420650185561;9,7420650185561;3,61081330315922;9,6168999799059;0,121156470720958;3,72012845812485;2,6980251263704;2,58509910786076;20,5426573041363;6,79769796775748e-05;6,79769796775748e-05;5,1361493362941e-05;0,100963296737483;0,00994947906769571;0,362966208120797;1,32350084132527;0,278161697917295;4,78353574283893;13,9027821626247;22268,5105265706;42,5204443299637;0,0727112065225725;31,0754040681404;0,582530361241085;0;0
OVCAR-8 R2;bayesynergy;2.5.1;Bayesian;9;PASS;Binimetinib (MEK162);Paclitaxel (NSC 125973);9,58615003411495;9,58615003411495;3,51356440440918;9,25790005360656;0,175238234725762;3,66414025424456;2,72832626095746;2,52662383904126;19,3181754796795;9,02288748392292e-05;9,02288748392292e-05;0,000120120985596275;0,160515645257544;0,0114505966527937;0,437162359115023;0,751149970934199;0,367176271951882;5,97265865908089;26756,1711337057;12,8029550024464;25,6692257334277;0,0669846804093461;28,0971339728343;0,55938971767302;0;0
OVCAR-8 R2;bayesynergy;2.5.1;Bayesian;10;PASS;Fludarabine (Fludara);Trametinib (GSK1120212);9,49884289734575;9,49884289734575;3,48855186503958;9,2729772071666;0,153747877453456;3,65841307948898;2,72286130888238;2,53470092052599;24,4436666212758;1,79246469596954;1,79246469596954;1,39692480404005;2,08509896146371;0,0611649393297528;1,59783184831205;1,28315045361465;1,30495518891203;12,000431025569;4759,36125026288;54,3373867357706;16,1932549157961;0,0664975625661651;2,90163578652565;1,03759553476866;0;0
OVCAR-8 R2;bayesynergy;2.5.1;Bayesian;11;PASS;Sorafenib (Nexavar);Trametinib (GSK1120212);9,19139000268948;9,19139000268948;3,98400526826666;8,88652986822408;0,236176028202366;3,89685381793603;2,30707275311622;2,28043748520696;22,0326001280029;0,487941384408432;0,487941384408432;0,723338311383659;1,06496587771393;0,0606774649255757;1,44737292271968;0,674568700052758;0,735792317927853;9,93734430309819;7913,39057276051;44,2148176292105;12,7736441293297;0,0510266307645508;25,2576743964925;0,992885520235734;0;0
OVCAR-8 R2;bayesynergy;2.5.1;Bayesian;12;PASS;Paclitaxel (NSC 125973);Tamoxifen (ICI 46474);8,21186595594014;8,21186595594014;3,49677259135799;8,24400719418477;0,0896787411661073;3,52814660005834;2,34841292689011;2,33664009617254;21,0069509938063;8,58937100720867e-05;8,58937100720867e-05;0,000109276861048256;0,203449999093318;0,012978762819313;0,493235233878898;0,786019192426805;0,412480668693004;5,08916938315175;13,9481645439779;30387,4893191906;16,1015158185758;0,0767213114293147;25,7567026374075;0,593556871365516;0;0
OVCAR-8 R2;bayesynergy;2.5.1;Bayesian;13;PASS;Gedatolisib (PKI-587);Trametinib (GSK1120212);7,36963442183636;7,36963442183636;2,26530610358363;7,33865678414627;0,101250133606208;2,40727161460432;3,25326206916491;3,04853713675408;16,413949383401;0,235580881836187;0,235580881836187;0,349175564826666;0,493335814768128;0,0198786597406892;0,652626208254413;0,674677456176327;0,755924001409105;4,97781289425626;1408,46709731746;57,6663696407197;83,2507520732757;0,0483888943387655;8,15682608072355;0,58556193541937;0;0
OVCAR-8 R2;bayesynergy;2.5.1;Bayesian;14;PASS;Everolimus (RAD001);Paclitaxel (NSC 125973);7,15519849450545;7,15519849450545;3,84960007521627;7,06799027720544;0,118383403140617;3,62023716846038;1,85868618939682;1,95235673172234;17,878873247086;0,00542296174009207;0,00542296174009207;0,00803444874840466;0,295665293644887;0,0219659376523127;0,701942934415343;0,674963760415904;0,421209872126073;10,7890448024031;201,130647696527;13,2452158822435;7,71715292902425;0,0713334534596904;21,2347111277604;0,429340997284066;0;0
OVCAR-8 R2;bayesynergy;2.5.1;Bayesian;15;PASS;Navitoclax (ABT-263);Niraparib (MK-4827);6,0603758786513;6,0603758786513;4,68761489166316;6,20827540652474;0,130275127059182;4,12977268943576;1,29284849944255;1,50329904544185;20,0898164802646;8,39297586707209e-05;8,39297586707209e-05;9,39492259829332e-05;0,185186051674219;0,0117538545358791;0,501452085100746;0,893352316558388;0,369299594470753;5,33282288277116;47134,0846700578;9228,77170152009;4,2281340206439;0,0731822372179389;17,0274771275066;0,477837903094607;0;0
OVCAR-8 R2;bayesynergy;2.5.1;Bayesian;16;PASS;Niraparib (MK-4827);Panobinostat (LBH589);5,83604948100353;5,83604948100353;4,35331780968123;5,95550224348953;0,126550098338052;3,89223548067328;1,34059807625919;1,53010032172146;17,7523219326342;0,01482229499564;0,01482229499564;0,0219645982974425;0,321182707969858;0,015067522418687;0,660744198928765;0,674826591177218;0,486092361447254;5,89682746962902;11711,6318365974;172,848331768953;3,75185257982958;0,0817166474530689;21,9147365177347;0,491763981838758;0;0
OVCAR-8 R2;bayesynergy;2.5.1;Bayesian;17;PASS;Erlotinib;Paclitaxel (NSC 125973);5,66354445508757;5,66354445508757;3,46248044653016;5,62947709827966;0,113929846238787;3,16789220134531;1,63568994613765;1,77704280063345;16,6676617720484;0,118387112402557;0,118387112402557;0,175485347665839;0,517328138131204;0,0300607569630752;0,845320857046312;0,674626765010549;0,611990268332941;7,44193780009371;14716,0921958075;12,2158730225606;3,54802959335956;0,0632971371716777;9,64249177547957;0,32732713049019;0;0
OVCAR-8 R2;bayesynergy;2.5.1;Bayesian;18;PASS;Pictilisib (GDC-0941);Trametinib (GSK1120212);5,62686921477071;5,62686921477071;3,93887558514741;5,8134766649379;0,115535887990083;3,55482574919742;1,42854707977788;1,63537769516041;19,5240437617642;0,0536296455741992;0,0536296455741992;0,0794895370665126;0,468543783239501;0,0234737690737213;0,84642078158755;0,674675530306897;0,553558931245401;7,38026016358364;1755,89590798994;141,254427919497;4,12226175274569;0,0770719286381358;23,7482597180017;0,352841540151507;0;0
OVCAR-8 R2;bayesynergy;2.5.1;Bayesian;19;PASS;Selpercatinib (LOXO-292);Paclitaxel (NSC 125973);5,23877403230252;5,23877403230252;3,81406651640922;5,30370671729525;0,486736311811684;3,44680502128666;1,37354029085853;1,53873358291653;18,8509754741586;2,40322300881071;2,40322300881071;2,89818118425735;2,62442271303512;0,116152246191213;2,3399494918146;0,82921765618547;1,12157237676097;15,5911335234993;19889,3974574492;12,0390023104652;9,63526201143719;0,0768907055798882;5,58502992858052;0,711962051383126;0;0
OVCAR-8 R2;bayesynergy;2.5.1;Bayesian;20;PASS;Metformin;Paclitaxel (NSC 125973);5,19971630862788;5,19971630862788;3,02708358490687;5,19104044067778;0,0970370329258311;2,93602374790344;1,71773132877923;1,76805348633368;15,5664769783734;0,158057959602931;0,158057959602931;0,234296570963254;0,598176198266519;0,0293018010160752;0,961018114341431;0,674606371544891;0,62244008654971;7,46969961842097;31379867960,764;14,0845096398268;5,33397763613763;0,068613227255288;12,2801322543834;0,402055112874113;0;0
OVCAR-8 R2;bayesynergy;2.5.1;Bayesian;21;PASS;Alectinib (CH5424802);Niraparib (MK-4827);4,98467176906666;4,98467176906666;4,58934476425843;5,22373152383272;0,114489593870353;3,87855034669798;1,08614018451763;1,34682871538934;19,9121728998567;8,64160571097308e-05;8,64160571097308e-05;0,000104948053966984;0,219619992852429;0,0138003020686745;0,566149002963735;0,823417432179514;0,387919066716959;5,95458626815201;132101,417415645;8201,55695077641;3,38309289816437;0,0789505380163535;38,4830837213721;0,451389581726063;0;0
OVCAR-8 R2;bayesynergy;2.5.1;Bayesian;22;PASS;Paclitaxel (NSC 125973);Pictilisib (GDC-0941);4,932075571425;4,932075571425;3,77159737655339;5,13863632218061;0,0985357118037017;3,37814814526881;1,30768877984852;1,52114188085192;17,2311677836608;0,283744634170208;0,283744634170208;0,420625173058844;0,796523691951036;0,031721657671245;1,17754366507398;0,674578347526796;0,676428157677699;9,42295218464784;12,2119711206191;2063,6332946686;3,08377297016856;0,0894182591926697;19,8271685003877;0,389093502774678;0;0
OVCAR-8 R2;bayesynergy;2.5.1;Bayesian;23;PASS;TNKS1/2 inhibitor (OM-153);Trametinib (GSK1120212);4,90723605986732;4,90723605986732;2,05732627399926;4,97395645425807;0,0452962477648852;1,99983938825571;2,38524930240068;2,48717830183672;11,4964755831395;9,56847707353953e-05;9,56847707353953e-05;0,000132029024549399;0,183805749015772;0,0118058022329985;0,434908867239902;0,724725272052544;0,422630493101401;4,35778575940772;306,654449031015;51,6300793800918;17,92048057083;0,0451497882012451;25,9002276449677;0,33652405606691;0;0
OVCAR-8 R2;bayesynergy;2.5.1;Bayesian;24;PASS;Flunarizine 2HCl;Paclitaxel (NSC 125973);4,90571883889089;4,90571883889089;3,8816437791229;5,09903337339293;0,111843797678844;3,36521336269103;1,26382510040614;1,51522043129943;16,6722051536938;0,000705275735400293;0,000705275735400293;0,00104176925742486;0,234540747401081;0,0125522663716456;0,502009966594905;0,676998030392695;0,467203368474839;4,58514774527209;26897,6512594004;11,4193165684834;3,50505719392891;0,0696962119254455;12,4364701356668;0,304111978528702;0;1
OVCAR-8 R2;bayesynergy;2.5.1;Bayesian;25;PASS;Alpelisib (BYL719);Trametinib (GSK1120212);4,69376594917641;4,69376594917641;2,32100196912012;4,73572689540093;0,0945366958742927;2,37990330262927;2,02230157993179;1,9898832869072;13,9293553680513;1,23503707636979;1,23503707636979;1,0993596274125;1,52636099508428;0,0337356567974603;1,27535437229739;1,12341498229894;1,19681323735515;10,8590901006689;18529,4146340156;46,514523642845;7,46557256345613;0,0550025442559546;5,39694922460616;0,691887712582245;0;0
OVCAR-8 R2;bayesynergy;2.5.1;Bayesian;26;PASS;Idasanutlin (RG-7388);Paclitaxel (NSC 125973);4,67859982465333;4,67859982465333;3,21532179498014;4,83902308979213;0,0823174186001731;2,89424319329502;1,45509535995984;1,67194909732727;14,6668813429669;9,09676189318836e-05;9,09676189318836e-05;0,000118514673319544;0,184484781728081;0,0110175085666871;0,455528661459535;0,767564187487682;0,404990502983902;6,03350700520565;12792,2740528316;11,7693691072241;2,83724226367985;0,0607030295870453;18,2830923956196;0,236545913923636;0;0
OVCAR-8 R2;bayesynergy;2.5.1;Bayesian;27;PASS;Gedatolisib (PKI-587);Niraparib (MK-4827);4,65658286883302;4,65658286883302;2,89219754596762;4,81489630974807;0,0734812786002952;2,76445427275472;1,61005007259112;1,74171857243702;16,564592349953;0,0347899424959159;0,0347899424959159;0,0515567343267615;0,296376064526596;0,0137342480948626;0,558395710921591;0,674789490649674;0,530763504679234;6,54098800953893;1629,64059559489;6619,65969497462;4,76936221802624;0,0561942274312515;8,45011841007538;0,399200462994643;0;0
OVCAR-8 R2;bayesynergy;2.5.1;Bayesian;28;PASS;Carboplatin (NSC 241240);Panobinostat (LBH589);4,28868677922121;4,28868677922121;3,53701627330757;4,63146427213178;0,091060219267959;3,23085826399667;1,21251542199175;1,43351136656265;15,7015916454525;0,040419624330392;0,040419624330392;0,0599025386577136;0,333743782801074;0,0154906677189609;0,624257852287358;0,674756449995416;0,53462488549915;6,46078347231315;69423,486953932;179,046225478491;3,56999618656482;0,0887401580625097;21,9580298036737;0,460835870376478;0;0
OVCAR-8 R2;bayesynergy;2.5.1;Bayesian;29;PASS;MK-2206 2HCl;Niraparib (MK-4827);4,08652446480762;4,08652446480762;4,58772525631411;4,60904408992608;0,146939389065108;3,82468180146702;0,890751785796961;1,20508267344191;23,5132845564138;0,254517365922558;0,254517365922558;0,37728660843701;0,777853608850064;0,0299881589356371;1,20421313622408;0,674599522567075;0,645943467523613;9,51946624931778;12606,7825388055;10591,5054608664;3,26858178391125;0,0829761230250913;11,604419852604;0,712885240961074;0;0
OVCAR-8 R2;bayesynergy;2.5.1;Bayesian;30;PASS;Carboplatin (NSC 241240);Paclitaxel (NSC 125973);4,01930449968418;4,01930449968418;3,22238403272087;4,20411920126609;0,0807295690195008;2,87040281973208;1,24730772585489;1,46464675814035;14,6545783705765;0,06296161043467;0,06296161043467;0,0933221027956416;0,462909164420105;0,0242090782110664;0,850326097530831;0,674669864357262;0,54439016486063;7,45821562710758;235676,397850046;14,779107420955;2,780158397996;0,0861288288376346;16,474521913873;0,337458666121506;0;0
OVCAR-8 R2;bayesynergy;2.5.1;Bayesian;31;PASS;Paclitaxel (NSC 125973);Vinorelbine ditartrate (Navelbine);3,91666420788299;3,91666420788299;2,09394968237397;3,95229434110468;0,12673622008161;2,13227716171441;1,87046720408418;1,85355879536598;12,2960244873479;6,6751209355489;6,6751209355489;3,28403716273508;6,302182102445;0,293178613500261;3,60255924269827;2,03259604102336;1,74936251644394;17,2855900784824;13,2627259370923;230,873539491046;8,99709370854174;0,0719388967906278;8,05234115922565;1,18161213137247;0;0
OVCAR-8 R2;bayesynergy;2.5.1;Bayesian;32;PASS;Trametinib (GSK1120212);Volasertib (BI 6727);3,85223711052063;3,85223711052063;3,17958756140959;3,89140859920196;0,138813325522113;2,86015547993336;1,21155245330399;1,36056144479672;17,0551270906389;4,59158185632067;4,59158185632067;2,42029609736924;4,71905441706708;0,0811911683106665;2,57088252788357;1,89711575427136;1,83557761425683;20,7278529624017;61,4202741707045;296,774975497446;11,5445605431897;0,0635076249129899;2,51143179549046;1,06053841281151;0;0
OVCAR-8 R2;bayesynergy;2.5.1;Bayesian;33;PASS;Adavosertib (MK-1775);Niraparib (MK-4827);3,71145686933256;3,71145686933256;3,99433137874684;4,23662593436271;0,0913567045842899;3,51064105717493;0,929181011140085;1,20679883039809;19,4748849461581;0,0085528166130736;0,0085528166130736;0,0126706335385337;0,38502408149154;0,0219438545279261;0,826140109291271;0,675010968241086;0,466051795768449;10,0445321306516;947,828964544414;9931,08017638502;2,06284051251422;0,095226684890987;23,9855239410377;0,389181941352757;0;0
OVCAR-8 R2;bayesynergy;2.5.1;Bayesian;34;PASS;Lapatinib Ditosylate (Tykerb);Paclitaxel (NSC 125973);3,70293196263781;3,70293196263781;3,7455380813016;4,17802371253348;0,0920685655797944;3,28108189610064;0,988624833671698;1,27337022070083;15,5865285037891;0,167975095871307;0,167975095871307;0,248977245418962;0,53401293525776;0,0229485559145419;0,860353803321034;0,674660431673783;0,620689922211569;8,07757638497364;7759,14844342031;11,865827625745;1,84199493542403;0,0796049491075031;15,6807017328926;0,25909858074537;0;0
OVCAR-8 R2;bayesynergy;2.5.1;Bayesian;35;PASS;Paclitaxel (NSC 125973);Trametinib (GSK1120212);3,69408888463503;3,69408888463503;3,14951752680451;3,90528729006866;0,0925789818428635;2,79847920277987;1,1729062795161;1,39550587707593;14,9357599561057;0,0796127539070109;0,0796127539070109;0,118003950536772;0,453996801774091;0,0223096777705324;0,776333568550892;0,674661768058369;0,58479604665495;5,88227942751307;12,2823029588049;56,585604980979;2,0064183071257;0,0655089415561699;26,8283651927951;0,230240380354691;0;0
OVCAR-8 R2;bayesynergy;2.5.1;Bayesian;36;PASS;Temsirolimus (CCI-779);Trametinib (GSK1120212);3,64475694737959;3,64475694737959;3,19207165701349;4,01581071232564;0,105042071993024;2,92034965514973;1,1418155163815;1,37511424207496;16,2157712765453;0,20748520426187;0,20748520426187;0,307574677144173;0,662378028009505;0,0358066666240301;0,970276224303688;0,674584807138117;0,682669544422627;6,22727785106894;31,2283159477319;55,3077119893003;2,20759932008737;0,0592687064381453;19,3732061684446;0,235673289774208;0;0
OVCAR-8 R2;bayesynergy;2.5.1;Bayesian;37;PASS;Navitoclax (ABT-263);Trametinib (GSK1120212);3,6074536443889;3,6074536443889;1,77182219468433;3,69435573905362;0,0576013292074209;1,90169595314456;2,03601335123336;1,94266557205448;14,1183852607493;2,10632063989019;2,10632063989019;2,17286636163164;2,52667437281127;0,0582813390298149;2,0932308115724;0,969374222494072;1,20706916735726;12,2493903973398;16971,0916827364;77,3295423981119;10,0770888549881;0,0621589729042495;4,78928002156074;0,739065176330195;0;0
OVCAR-8 R2;bayesynergy;2.5.1;Bayesian;38;PASS;Olaparib (AZD2281);Defactinib (VS-6063, PF-04554878);3,59061574274942;3,59061574274942;5,32331641380469;6,20344330536885;0,587086823880784;6,40051740116995;0,674507292754205;0,969213636162668;26,6667568354032;0,288015812507798;0,288015812507798;0,426935531431955;0,945097388396549;0,0473776158829518;1,5290730327808;0,674611952633187;0,618085185033825;16,5379617207737;11836,9071517345;32039,4560683255;2,82432222417015;0,0942709452202746;15,6550555197127;1,37937650835244;5;0
OVCAR-8 R2;bayesynergy;2.5.1;Bayesian;39;PASS;Adavosertib (MK-1775);Trametinib (GSK1120212);3,37494821213222;3,37494821213222;2,69606782454816;3,64471371376403;0,0688519031066969;2,5357109372467;1,25180389803355;1,43735538663265;13,9613855185763;0,00663339791755992;0,00663339791755992;0,00982716371470409;0,315089396231236;0,0164674889995918;0,650554658488494;0,675006350777953;0,484339620230094;5,76983821357142;998,514744680422;60,8727044180661;2,81325453723134;0,0686166048651881;28,5286641128869;0,304408681669168;0;0
OVCAR-8 R2;bayesynergy;2.5.1;Bayesian;40;PASS;Paclitaxel (NSC 125973);Panobinostat (LBH589);3,35415865909003;3,35415865909003;3,01379696619959;3,68742938271145;0,0778300248199141;2,69419052225615;1,11293451307692;1,36866199034773;13,4092683894744;0,184633022722396;0,184633022722396;0,273682134446347;0,679533879681876;0,0264732551375859;1,06457563635224;0,674625777440331;0,638314325894486;8,02603362617514;13,3881172245456;198,635756230869;3,05881745913305;0,0850629235238467;12,4841302067973;0,379708537654714;0;0
OVCAR-8 R2;bayesynergy;2.5.1;Bayesian;41;PASS;Paclitaxel (NSC 125973);Temsirolimus (CCI-779);3,26057594808998;3,26057594808998;3,1606751341119;3,71437835780006;0,0776007096700083;2,82444884013912;1,03160742871037;1,31508359487873;14,118929216588;0,177290347595565;0,177290347595565;0,262786431738301;0,592787505407047;0,02238020784428;0,921963474951237;0,674655637366092;0,642962027794431;7,46542105275208;13,846310331214;268,272405198287;1,77387121235035;0,0717931842557208;58,083795492351;0,247602263746465;0;0
OVCAR-8 R2;bayesynergy;2.5.1;Bayesian;42;PASS;LJH-685;Paclitaxel (NSC 125973);3,25895867358535;3,25895867358535;3,26381551123538;3,68142320027259;0,0895779757404868;2,89746529756211;0,998511914158961;1,27056936554536;15,0606568049467;0,0138020297275776;0,0138020297275776;0,0204519461694936;0,316155458028604;0,0155207929303926;0,644657223919582;0,674851655348327;0,490424129751229;5,77888315440859;39277,7180445788;13,1354435306285;1,79888357847368;0,0630601214264197;20,8020973754285;0,214130019308216;0;0
OVCAR-8 R2;bayesynergy;2.5.1;Bayesian;43;PASS;Binimetinib (MEK162);Carboplatin (NSC 241240);3,10118528694587;3,10118528694587;2,34531236964178;3,23670829929775;0,0621405742644768;2,1597666124659;1,32229093535184;1,49864121046421;12,3646788755311;0,00243895559088505;0,00243895559088505;0,00361202731601188;0,234911628432381;0,0172143108354031;0,533702094239742;0,675231768063689;0,440154968413629;6,7912337784629;12991,4193394821;129949,532145215;5,49682034613935;0,0591933517650433;23,5017851132905;0,580061470849185;0;0
OVCAR-8 R2;bayesynergy;2.5.1;Bayesian;44;PASS;Gedatolisib (PKI-587);Olaparib (AZD2281);3,06810281271334;3,06810281271334;3,09609438211253;3,55630462669247;0,0848292513056806;2,87744030296372;0,990959071028033;1,23592955651752;16,6653464686703;0,0109230746405588;0,0109230746405588;0,016182615958705;0,287545159846851;0,0171499283400654;0,576579990377079;0,674988189080956;0,498708183852857;4,49414872891163;1607,17515866368;18670,3711805975;1,8720743339842;0,0626300786502639;17,4044521840804;0,338679122790393;0;0
OVCAR-8 R2;bayesynergy;2.5.1;Bayesian;45;PASS;Paclitaxel (NSC 125973);Pertuzumab (anti-HER2);3,03315784392578;3,03315784392578;3,00963386329745;3,35906620670072;0,0782444142245501;2,597426969562;1,00781622672286;1,29323263579214;12,4631949705575;0,114692080776862;0,114692080776862;0,169995850800186;0,461888604738828;0,017535400522067;0,758380007319204;0,67467576553778;0,609046388724773;7,04034218450409;12,9060260920866;948808255,167594;1,66070292782514;0,0637181712452499;32,6396248885203;0,253828686958774;0;0
OVCAR-8 R2;bayesynergy;2.5.1;Bayesian;46;PASS;Luminespib (NVP-AUY922);Paclitaxel (NSC 125973);2,8976921995614;2,8976921995614;3,12346285638523;3,36166953704917;0,0818988531979015;2,71469607492402;0,927717835234606;1,23832591725213;14,053127573034;0,0856568599479488;0,0856568599479488;0,126958450429658;0,405155591926865;0,0176259079692923;0,701072192512714;0,674684195168304;0,57790851820088;5,03295645327785;19,1154485353987;12,5988373282159;2,06429848025298;0,0710225307143957;13,9026130510211;0,289029125941194;0;0
OVCAR-8 R2;bayesynergy;2.5.1;Bayesian;47;PASS;Paclitaxel (NSC 125973);MK-2206 2HCl;2,88564666117439;2,88564666117439;3,33649900815476;3,48778651049952;0,934015594896058;3,02456945011867;0,864872626702888;1,15315496208111;16,4240062253566;0,2148962848953;0,2148962848953;0,318543397033243;0,685121402813187;0,0279924485386271;1,05006821591042;0,674621690158196;0,652454185768477;8,08359670799253;12,1821090034895;8086,9411759605;1,02054817865167;0,0883676240543871;35,3307065848886;0,225962318255862;0;0
OVCAR-8 R2;bayesynergy;2.5.1;Bayesian;48;PASS;Abemaciclib (LY2835219);Niraparib (MK-4827);2,87179541166712;2,87179541166712;3,21510877022651;3,24227707422252;0,101820791575889;2,7870691312369;0,893218742165543;1,16333511536089;16,8393486258203;1,69608209969608;1,69608209969608;2,27761725821468;2,43579845702996;0,0720216265299241;2,4894118791041;0,744673888283387;0,978463418398474;13,9932395622257;21108,397638293;11322,2058348159;4,15772250886448;0,076085975235669;6,25427714916231;0,968225295602119;0;0
OVCAR-8 R2;bayesynergy;2.5.1;Bayesian;49;PASS;Niraparib (MK-4827);Selumetinib (AZD6244);2,76967738093883;2,76967738093883;3,26106319145711;3,38202021152764;0,0815164080724999;3,00159738067139;0,849317298786008;1,12674527533074;14,8267479137261;0,0008394322867009;0,0008394322867009;0,00124101575269927;0,260703014917551;0,0147293351178607;0,605115864818493;0,676407438725169;0,430831564787596;7,06534612312622;8139,11506923384;25584,1997921109;1,91607008482527;0,0665624934446601;61,9888017974879;0,261188602898438;0;0
OVCAR-8 R2;bayesynergy;2.5.1;Bayesian;50;PASS;Niclosamide (BAY2353);Paclitaxel (NSC 125973);2,46514252111679;2,46514252111679;2,23051894537325;2,68186846956155;0,0665970162716907;1,98642415068515;1,1051878874332;1,35010277932576;10,2043517542305;0,0374895158846275;0,0374895158846275;0,0555594924411188;0,284757587790428;0,0125235708111041;0,512465899633329;0,674763469525183;0,555661533760925;3,83698371357074;2928,37830601506;12,7939705897506;1,98930747024044;0,0576971335390937;35,5103247818765;0,189662012808035;0;0
OVCAR-8 R2;bayesynergy;2.5.1;Bayesian;51;PASS;Dabrafenib ;Trametinib (GSK1120212);2,44540441744581;2,44540441744581;1,71888029598887;2,64835920841777;0,0495004453390572;1,73428610527743;1,42267290116266;1,52706363795102;12,3482285981717;3,52328751518319;3,52328751518319;1,86703536995985;3,55177116214785;0,0655253138388089;1,92994950123631;1,88710271474875;1,84034409183899;11,2852498017096;377,933336098858;49,5279625596501;6,83045152774987;0,0497777760827724;2,98766752972232;0,80375009692061;0;0
OVCAR-8 R2;bayesynergy;2.5.1;Bayesian;53;PASS;Dexamethasone;Trametinib (GSK1120212);2,39556421450973;2,39556421450973;2,09009979474375;2,65792833432125;0,0548266693826376;1,95380970901435;1,14614824638238;1,36038638406717;10,0142859909249;0,00769536656850379;0,00769536656850379;0,0113989507747077;0,235027255651829;0,0108733965700323;0,473598950097521;0,675094288991799;0,496257974396761;4,16560492455979;257,187127783224;54,3373342327065;2,07913938774355;0,0482935076653327;42,000494974132;0,19903053796366;0;0
OVCAR-8 R2;bayesynergy;2.5.1;Bayesian;54;PASS;Cucurbitacin I (JSI-124);Niraparib (MK-4827);2,37601128376744;2,37601128376744;3,44789756119682;4,0672330948131;0,307763492516547;4,355623564292;0,68911887363112;0,933792533733374;23,0443729609853;1,67233156969628;1,67233156969628;2,28941888554625;2,26439647055796;0,109670356650879;2,21002734660233;0,730461157743645;1,02460110913976;11,7332671604929;795,647918013532;11438,5271431418;2,27585215000417;0,0709243355790099;7,38310329346041;0,802950066310681;0;0
OVCAR-8 R2;bayesynergy;2.5.1;Bayesian;55;PASS;Trametinib (GSK1120212);Flunarizine 2HCl;2,33923041043471;2,33923041043471;2,39700980335008;2,67798964567569;0,0692135304905924;2,1686290170985;0,975895220438974;1,23488134777411;13,0670541725369;0,936371922911671;0,936371922911671;1,33960405309812;1,36355645559508;0,042195733467057;1,43762734088994;0,698991557054572;0,948476991784946;8,79705874405028;64,8549789630018;708956,312116644;2,81638035590534;0,055167167452987;6,12001041414546;0,371867228854436;0;0
OVCAR-8 R2;bayesynergy;2.5.1;Bayesian;56;PASS;Selpercatinib (LOXO-292);Trametinib (GSK1120212);2,25300782942752;2,25300782942752;2,4711691947453;2,70315594385125;0,0735671855849688;2,2826689532359;0,911717349916113;1,18421311765085;11,3700997924023;0,252124501558288;0,252124501558288;0,373692651042216;0,548271548004831;0,0181301053687229;0,756540525447906;0,674684131077027;0,724708762534868;6,70254417111705;22612,6856317257;47,7595446027759;1,60889713952053;0,0500451088792542;16,8688466675744;0,291139479848195;0;0
OVCAR-8 R2;bayesynergy;2.5.1;Bayesian;57;PASS;Everolimus (RAD001);Olaparib (AZD2281);2,23913209662814;2,23913209662814;2,65693658014277;2,82714865680081;0,0758246344727045;2,52964080082673;0,842749545985708;1,11761349855787;13,624100439989;0,247034535844961;0,247034535844961;0,366189541007682;0,700101272400332;0,0298729892594659;1,06226444156037;0,674608387681338;0,659064960672078;12,8080124681139;235,055534494191;75579,4165909714;2,78814682006878;0,0676802922250955;11,3250180893629;0,439972911134198;0;0
OVCAR-8 R2;bayesynergy;2.5.1;Bayesian;58;PASS;AZD8055;Paclitaxel (NSC 125973);2,21291839325897;2,21291839325897;2,32227343334554;2,48189817019879;0,0743220268190506;2,01415627705583;0,952910351332301;1,23223230798257;11,2024392434437;2,23585937196569;2,23585937196569;2,12846883345001;2,50631598762858;0,0698383135120704;1,92374969432482;1,05045436269866;1,30282853066715;10,7998073711324;182,515081834436;11,5529362675143;2,29998291981625;0,0694325981501122;15,7303860590079;0,412650345222438;0;0
OVCAR-8 R2;bayesynergy;2.5.1;Bayesian;59;PASS;Gedatolisib (PKI-587);Paclitaxel (NSC 125973);2,19515108863942;2,19515108863942;2,41945080796738;2,71032537201431;0,0620325038479771;2,32059840889863;0,907293126775161;1,16794582991284;11,7041579192553;0,0908065323489657;0,0908065323489657;0,134589575749258;0,41940894226163;0,0161113073736908;0,719340939507982;0,674692165744988;0,583046117948604;6,79000543124906;1668,81800547468;11,1653939639379;1,45863685430752;0,0625470657817852;21,2930459829849;0,155273048167972;0;0
OVCAR-8 R2;bayesynergy;2.5.1;Bayesian;60;PASS;Cobimetinib;Paclitaxel (NSC 125973);2,18047965107282;2,18047965107282;2,58773360097055;2,76920372815185;0,0622356903622747;2,54936531769795;0,842621377353144;1,08623626880038;15,0878155951782;0,198054939514113;0,198054939514113;0,293573239185895;0,641336609456073;0,0266763757871189;1,02589946677399;0,674635535797942;0,625145669948344;8,78805681452602;687,922829000831;15,3872618852071;1,35163599168265;0,0856673917170693;17,1938223617203;0,194093012882065;0;0
OVCAR-8 R2;bayesynergy;2.5.1;Bayesian;61;PASS;Cobimetinib;Niraparib (MK-4827);2,14788296883381;2,14788296883381;2,72213068611496;2,87251429332765;0,0681393400494042;2,7318749800656;0,789044765480853;1,05148608778771;16,3479028466429;0,200547566507253;0,200547566507253;0,297289374162684;0,89142720737461;0,034225030528367;1,43884960874539;0,674587065454646;0,619541612936109;11,7190372551497;1218,15905179677;10720,7601115445;1,26764695905565;0,082537421005902;16,4305855785314;0,267631969813904;0;0
OVCAR-8 R2;bayesynergy;2.5.1;Bayesian;62;PASS;Dasatinib (BMS-354825);Paclitaxel (NSC 125973);2,11154174257385;2,11154174257385;2,56564500533418;2,76122552271896;0,0719318287139275;2,55877692458825;0,823006198512963;1,07912361278721;14,9824332027359;0,446026765135668;0,446026765135668;0,660425129946751;0,881241973188631;0,0293335437366724;1,17727523996126;0,67536310311455;0,748543707771878;9,50418553912966;82,3970812015681;14,0098208873777;1,61325724217214;0,0886559827424346;24,1316642352615;0,282337166023805;0;0
OVCAR-8 R2;bayesynergy;2.5.1;Bayesian;63;PASS;Carboplatin (NSC 241240);Gemcitabine (LY-188011) HCl;2,09420745356901;2,09420745356901;2,88066536189724;3,00075681380854;0,0896304396112372;3,10919862905322;0,72698741105761;0,965127572737764;18,8661784579446;0,58080511118211;0,58080511118211;0,861025161145863;1,53048460580921;0,0710053602577033;2,16681027440718;0,674550683756056;0,706330694424982;15,9918119561478;517634,103972354;22,0142087914024;2,0278609341727;0,139501166111724;14,9851828236353;0,661101937334924;0;0
OVCAR-8 R2;bayesynergy;2.5.1;Bayesian;64;PASS;Niclosamide (BAY2353);Olaparib (AZD2281);2,05002286986736;2,05002286986736;2,17210392816798;2,3337519111651;0,0553183695599708;1,91257524207852;0,943795940554468;1,22022082240109;10,5022434469367;0,0495851820855376;0,0495851820855376;0,0734908904220079;0,345873890282121;0,0138846430535048;0,586185842853285;0,674711951383413;0,590041357188984;3,98887563429269;2926,68860484988;13305,6301823221;1,80605326527775;0,0518361006573312;21,1997637677577;0,333199149246049;0;0
OVCAR-8 R2;bayesynergy;2.5.1;Bayesian;65;PASS;Paclitaxel (NSC 125973);Sorafenib (Nexavar);2,04978299083164;2,04978299083164;2,39380485230727;2,44182181461941;0,0603396020692862;2,09719057420616;0,856286588631463;1,1643365761849;11,8774775024726;0,420668617611586;0,420668617611586;0,623622128312529;1,06821862507236;0,0499413830324469;1,40912574726113;0,674556912773255;0,758071894682657;9,69263934133754;12,2612942865174;7565,63670246694;1,66768745920444;0,0654625427084015;15,4700500241955;0,315911312236457;0;0
OVCAR-8 R2;bayesynergy;2.5.1;Bayesian;66;PASS;Alpelisib (BYL719);Paclitaxel (NSC 125973);2,02307016373481;2,02307016373481;2,49342845592601;2,68967010034208;0,0683157254019058;2,53139695726821;0,811360822856846;1,06252950967187;14,1487840956743;0,242016706391029;0,242016706391029;0,358739076216732;0,667457440135281;0,02705549330758;1,02054716947454;0,674631570508965;0,654019196857844;8,79937278554094;14617,5943952843;14,3072142933241;1,21911768326176;0,0782505598608926;1263,05660193588;0,190864002558858;0;0
OVCAR-8 R2;bayesynergy;2.5.1;Bayesian;67;PASS;Carboplatin (NSC 241240);Erlotinib;2,01216408951191;2,01216408951191;2,18054474137624;2,37987767213689;0,0602299792696827;2,01975116585839;0,922780464592501;1,17830740923015;11,6852876753721;0,0107614055546552;0,0107614055546552;0,0159382505415507;0,189614925132272;0,00932980459768311;0,401217955738962;0,675193649804939;0,472598303291387;4,22860437665286;140568,182740795;12636,5212287871;2,34282491324471;0,0658195907414409;14,8102307210711;0,454125112985771;0;0
OVCAR-8 R2;bayesynergy;2.5.1;Bayesian;68;PASS;Mebendalzole;Trametinib (GSK1120212);1,96478916099805;1,96478916099805;2,31767521890016;2,4266227372151;0,0620278805987203;2,15927998227838;0,84774136815012;1,1238157534202;14,9803915264916;0,071335621259276;0,071335621259276;0,105724697138505;0,334939536449355;0,0130363006333543;0,569572301055979;0,674729965561619;0,588054467937402;4,60440502393692;547,654168368457;256,928140333012;1,09349689087084;0,0624377232329209;17,4877832878294;0,160380214860383;0;0
OVCAR-8 R2;bayesynergy;2.5.1;Bayesian;69;PASS;Crizotinib (PF-02341066);Olaparib (AZD2281);1,95895840735913;1,95895840735913;2,5122295331354;2,52730416976435;0,0788178676779803;2,37274281564835;0,779768879205174;1,06514757322669;11,9201161885381;0,0159857779947468;0,0159857779947468;0,0236884836845286;0,335276433884915;0,0177117315025926;0,701549443365716;0,674833315953751;0,47790848821205;7,08482001027556;7428,78123795596;82630,3263134955;1,87951345817297;0,0688466175362152;14,2694029865049;0,341696078028309;0;0
OVCAR-8 R2;bayesynergy;2.5.1;Bayesian;70;PASS;Olaparib (AZD2281);Paclitaxel (NSC 125973);1,85305966852214;1,85305966852214;2,29833463276439;2,38713167059989;0,0650114374654893;2,23382009820389;0,80626190899509;1,06863793692087;13,3081376863533;0,414695634573118;0,414695634573118;0,614744501953663;1,03499157013645;0,038772253620129;1,4530629402111;0,674582095903602;0,712282683354436;12,2169067789476;25090,6051614136;14,7491021346709;1,64201436250504;0,0799335813218558;14,0067802477795;0,236142534256362;0;0
OVCAR-8 R2;bayesynergy;2.5.1;Bayesian;71;PASS;AZD7762;Niraparib (MK-4827);1,78680357712689;1,78680357712689;2,54081879208237;2,39109156956012;0,0942715368910849;2,34831008091335;0,703239279674284;1,01822699233481;12,7762763302596;5,33543239465781;5,33543239465781;3,83530025613488;5,25538670415258;0,159091848290347;3,55708641046587;1,39113812174766;1,47744139380193;19,0159317020397;348,744166429644;8246,69432180583;4,51911099659491;0,0730868662366908;4,1156664810387;1,27557733259853;0;0
OVCAR-8 R2;bayesynergy;2.5.1;Bayesian;72;PASS;Everolimus (RAD001);Trametinib (GSK1120212);1,76879585393343;1,76879585393343;1,98268146307479;2,18558372134302;0,0637798432327338;1,91996918057215;0,892123060045324;1,1383479129721;11,312033188224;0,406452798016077;0,406452798016077;0,570537659891626;0,680644371357366;0,0225022062669962;0,823144749334489;0,71240310077565;0,82688296549017;5,86037118653076;50,9208776042096;43,6752517271902;1,10264860880491;0,0526924830362127;12,6827048920254;0,170030796594854;0;0
OVCAR-8 R2;bayesynergy;2.5.1;Bayesian;73;PASS;Everolimus (RAD001);Niraparib (MK-4827);1,76527847497889;1,76527847497889;2,37779275379627;2,64957261351994;0,0706620119323681;2,77427695039342;0,742402159381019;0,955054583481073;17,8715049607201;0,115316682835552;0,115316682835552;0,170922940281069;0,536064832074234;0,0248952417101535;1,02392409108077;0,674670600949896;0,523539622462062;14,2217079364227;202,647051789564;8663,17246724529;1,56920691983221;0,0779638692818434;26,0525455343042;0,22051928960916;0;0
OVCAR-8 R2;bayesynergy;2.5.1;Bayesian;74;PASS;Olaparib (AZD2281);Trametinib (GSK1120212);1,76000457607052;1,76000457607052;2,03700009481855;2,28081603731341;0,0535513619254417;2,11086218132414;0,864017915633578;1,08051931401658;11,9442901759701;0,242921250218932;0,242921250218932;0,360099128122493;0,789646333177121;0,0331920701926486;1,12902975405289;0,674595496760821;0,699402589119125;7,29600171386598;26724,0669244803;97,3087994648694;1,29097198958977;0,0613090984031492;13,7073983977661;0,212050463277288;0;0
OVCAR-8 R2;bayesynergy;2.5.1;Bayesian;75;PASS;Trametinib (GSK1120212);Vinorelbine ditartrate (Navelbine);1,65298122806853;1,65298122806853;1,99145603485812;2,22830987924322;0,0946090039165489;2,09809857643609;0,83003651556199;1,06206680515061;13,3258610629934;0,673040616809999;0,673040616809999;0,940839882309211;1,01179707705372;0,0366877985986889;1,10502415746333;0,715361486545488;0,915633445857312;8,60501791118625;48,5015403870716;191,526464702911;1,3358776076603;0,0529502169286551;11,0571601953751;0,211613825302445;0;0
OVCAR-8 R2;bayesynergy;2.5.1;Bayesian;76;PASS;Carboplatin (NSC 241240);Niclosamide (BAY2353);1,62997818208197;1,62997818208197;1,77676482944711;1,92506276596255;0,040020521918652;1,64880142806244;0,917385438448365;1,16755914038766;10,3377347146901;0,00181097798578923;0,00181097798578923;0,00267713789996892;0,178417332880935;0,00964719172612864;0,40678009055219;0,676460478860746;0,43860881352069;3,76370507646987;16162194,4650569;2873,5678907002;1,94117956833621;0,0667363174727366;25,9060281927993;0,269037087981777;0;0
OVCAR-8 R2;bayesynergy;2.5.1;Bayesian;77;PASS;AZD8055;Trametinib (GSK1120212);1,62137019510433;1,62137019510433;1,84710923516528;1,99328534439559;0,0513378819128828;1,74736444391813;0,877787931670026;1,14074273396431;9,44447678245799;0,237760919960424;0,237760919960424;0,352409771987293;0,579526729237332;0,0237851616640561;0,838245464042676;0,674671756744013;0,691356832928627;6,85759682923383;166,519582266366;50,9305868523045;1,1412927613219;0,054341146916026;20,3015878157784;0,0914007855657862;0;0
OVCAR-8 R2;bayesynergy;2.5.1;Bayesian;78;PASS;Olaparib (AZD2281);Panobinostat (LBH589);1,55620190370443;1,55620190370443;1,96765493648116;1,97634909541794;0,0525774200421722;1,88348811393584;0,790891672544705;1,0493098573186;14,3746026955044;0,312655608460653;0,312655608460653;0,463474189629126;1,0259254910678;0,0390101937506332;1,51735060518661;0,674591197216055;0,676129490152757;11,5353808949436;35639,277250013;194,544002328158;1,48111684469802;0,0765481312098081;20,1146971912259;0,512385374884466;0;0
OVCAR-8 R2;bayesynergy;2.5.1;Bayesian;79;PASS;MK-2206 2HCl;Trametinib (GSK1120212);1,53664947221355;1,53664947221355;2,14150891913173;2,49448219348073;0,111355252148476;2,69254097507663;0,717554551599337;0,926446330753457;15,0234578512342;0,232362958560164;0,232362958560164;0,344428862965161;0,667001050952918;0,0303003317430711;0,965479258086917;0,674632655811042;0,690849694973842;6,0640054015944;12571,0709241364;54,8589527777616;1,27053459304952;0,0616217560380055;20,5296085984;0,332853985083722;3;0
OVCAR-8 R2;bayesynergy;2.5.1;Bayesian;80;PASS;Erlotinib;Niraparib (MK-4827);1,443494429318;1,443494429318;1,89234223615961;1,96207644265383;0,0589335713776906;1,95223479218358;0,762808334420248;1,00504978603858;11,5723271494305;0,142299001426347;0,142299001426347;0,210917682134559;0,444471079605903;0,0173763176803064;0,712884057871363;0,674666059223826;0,623482983941416;7,08665287078716;10786,0632822216;4220,09760632262;1,47367632331615;0,0455250356009809;12,300683434266;0,191107082254802;0;0
OVCAR-8 R2;bayesynergy;2.5.1;Bayesian;81;PASS;Dabrafenib ;Paclitaxel (NSC 125973);1,39202183087261;1,39202183087261;1,84009897691782;1,83690694430887;0,0651196595260963;1,80643184852025;0,756492910617372;1,01688403354866;12,295304005844;3,23138240997825;3,23138240997825;3,04905878214374;3,4707435691299;0,103971750900222;2,68593153658852;1,05979669165523;1,29219361024302;15,0375094020773;152139,729049459;10,7003705891293;2,47235145612363;0,0622070847663937;9,20631959971159;0,425676297427983;0;0
OVCAR-8 R2;bayesynergy;2.5.1;Bayesian;82;PASS;Nutlin-3a;Trametinib (GSK1120212);1,36160152890844;1,36160152890844;1,35309346300809;1,64435585523501;0,0386738779644942;1,41471018217736;1,00628786268868;1,16233311535749;8,59629846355125;0,736068368942759;0,736068368942759;1,09118622729706;1,48401064286847;0,065492979197806;1,74187921696282;0,674557972350927;0,851959555184325;9,88254250280037;4038,44006208799;53,9640030316254;1,76082149697239;0,0480086842813133;9,3175829409355;0,260790890794918;0;0
OVCAR-8 R2;bayesynergy;2.5.1;Bayesian;83;PASS;Niraparib (MK-4827);Trametinib (GSK1120212);1,35790401396857;1,35790401396857;1,72528747261063;1,85777995919796;0,0535324641408006;1,83959219281893;0,787059568637483;1,00989369713083;11,1733956093536;0,194831527993328;0,194831527993328;0,288799151992838;0,712591518253435;0,0298899602663742;1,17180740988249;0,674626385323182;0,608113169658907;8,86854869184409;7608,83524745438;67,6422944942046;1,02651861478485;0,0603720453215202;14,7623499973667;0,183099575873147;0;0
OVCAR-8 R2;bayesynergy;2.5.1;Bayesian;84;PASS;Panobinostat (LBH589);Trametinib (GSK1120212);1,32949970977197;1,32949970977197;1,74828879503368;1,92675250105475;0,0525038790167509;1,93220405843345;0,760457719313108;0,997184650045509;10,9739070332195;0,229905501035953;0,229905501035953;0,340770694717125;0,672835909688925;0,0258888706007213;1,01061717676998;0,674663357501439;0,665767340150865;8,96421682567951;178,846103890156;65,4257272766173;1,28755047579287;0,0717340288817163;20,3426788097346;0,20502791471801;0;0
OVCAR-8 R2;bayesynergy;2.5.1;Bayesian;85;PASS;Olaparib (AZD2281);Selumetinib (AZD6244);1,25872348979103;1,25872348979103;1,80669402426888;1,89203400507996;0,0483473351284628;2,08679861405358;0,69669986886706;0,90667855944804;13,5727723725371;0,111054764560617;0,111054764560617;0,164611675128679;0,609875883330216;0,0284421403553621;1,09949813459022;0,674646950004024;0,554685691720174;10,181929140084;26928,2675316938;22061,4881115294;1,58799080438193;0,0610785042644754;22,9949755624629;0,317163224045108;0;0
OVCAR-8 R2;bayesynergy;2.5.1;Bayesian;86;PASS;Trametinib (GSK1120212);Vemurafenib (PLX4032);1,24331165770958;1,24331165770958;1,83250201467218;1,56144103199218;0,0905629980684303;1,58967173173326;0,678477648458139;0,982267315640416;8,97351998256524;4,4091415209895;4,4091415209895;2,35463367985731;4,52530015937109;0,0641589770310564;2,40418682091942;1,87253820358871;1,88225811737896;13,5487722307187;60,4777762742047;555364649,846677;10,031939436973;0,0584101310340799;11,6140684073129;0,609351468738498;0;0
OVCAR-8 R2;bayesynergy;2.5.1;Bayesian;87;PASS;Niraparib (MK-4827);Temsirolimus (CCI-779);1,19554019255255;1,19554019255255;1,7015406052294;1,9709348573577;0,0510050495836211;2,13802705131655;0,702622193603994;0,921855870963031;15,2871100845316;0,14333513318424;0,14333513318424;0,212467455051743;0,610176200264024;0,0237719703729994;0,991461696444942;0,674621593925208;0,61543093641632;6,52640137309905;11705,727726677;703,782145947675;1,28712957652467;0,0663650988794762;17,9821377671598;0,183855049162961;0;0
OVCAR-8 R2;bayesynergy;2.5.1;Bayesian;88;PASS;Alectinib (CH5424802);Paclitaxel (NSC 125973);1,19355130037033;1,19355130037033;1,72894682890675;2,03721706028458;0,0620244462261692;2,37932496415345;0,690334300867445;0,856223623248076;16,9492662596972;0,170845085047169;0,170845085047169;0,25324193070393;0,674165116096127;0,0258635204590651;1,1231496037466;0,674631900697786;0,600245162218145;10,3584740070513;2419835,77743862;12,272545415184;1,02307623034671;0,0852106380607279;26,5616914780305;0,166833879535537;1;0
OVCAR-8 R2;bayesynergy;2.5.1;Bayesian;89;PASS;Paclitaxel (NSC 125973);Ruxolitinib (INCB018424);1,19268208369838;1,19268208369838;1,45871558401937;1,54885397350807;0,0456456198238055;1,47131326428327;0,817624831574116;1,05271414889848;9,46347783608505;2,95393298863346;2,95393298863346;3,45523544329347;3,46569627708105;0,11287434027247;3,04960365111749;0,854915109871012;1,13644154243162;13,8955831995552;13,4522170189534;2325243300,43046;2,46416703722796;0,0708500715528198;6,81996664513146;0,52612354995649;0;0
OVCAR-8 R2;bayesynergy;2.5.1;Bayesian;90;PASS;Paclitaxel (NSC 125973);Volasertib (BI 6727);1,18742910352841;1,18742910352841;1,53897235073126;1,75782459413823;0,0445250539690221;1,82132227527966;0,771572733560927;0,965142787091672;13,4264564853634;0,241574678601491;0,241574678601491;0,358063512815286;0,617549556358644;0,0225166675291237;0,90351602010521;0,674669911776552;0,683495967549898;6,6906584356129;13,4219701713208;285,110655077841;1,27059221477242;0,0830114121966164;15,7178954518245;0,188804290829042;0;0
OVCAR-8 R2;bayesynergy;2.5.1;Bayesian;91;PASS;Entrektinib (RXDX-101);Niraparib (MK-4827);1,16871750990566;1,16871750990566;1,7272303580608;2,15849740408183;0,0741020108194472;2,59117084852975;0,676642524519898;0,833028120590812;19,4514336332627;0,16139949711629;0,16139949711629;0,239239511616297;0,631051763934576;0,0238873180940086;1,05793568594334;0,674635623630388;0,596493503640424;10,3283610951578;5638,46114535876;10312,835730183;1,55331792195202;0,0882674587311859;31,4489706992899;0,351755551759825;0;0
OVCAR-8 R2;bayesynergy;2.5.1;Bayesian;92;PASS;Adavosertib (MK-1775);Paclitaxel (NSC 125973);1,16291772016628;1,16291772016628;1,60221216605877;1,81135778453831;0,0441884676113968;1,93113186702536;0,725820053549401;0,937983233208586;11,0640378782191;0,0941161975946718;0,0941161975946718;0,139499100733388;0,513906299152474;0,0209062956596173;0,905700112703239;0,674672432294367;0,567413310371156;8,73791413626094;1004,93756011779;12,8941633844688;1,22229481683093;0,0858637978734361;14,3397817056672;0,248831363399018;0;0
OVCAR-8 R2;bayesynergy;2.5.1;Bayesian;93;PASS;Paclitaxel (NSC 125973);Simvastatin (MK 733);1,15428441652544;1,15428441652544;1,59623436172589;1,83568181511905;0,0502108929405258;1,97878459116202;0,723129663289165;0,927689424390747;12,0580131363977;0,251571606103165;0,251571606103165;0,372908607399445;0,780419998845392;0,0321090728234961;1,19306106528835;0,674620003698899;0,654132484540325;8,41192226853884;14,425273350749;45610,5509993741;1,14535722599223;0,074480022733455;16,3099857541149;0,174251925045149;0;3
OVCAR-8 R2;bayesynergy;2.5.1;Bayesian;94;PASS;Trametinib (GSK1120212);Vismodegib (GDC-0449);1,02930584532309;1,02930584532309;1,17296932048893;1,28426782328322;0,0416291755539279;1,2095671292646;0,877521540711782;1,0617706770429;7,38766990993497;2,36548848464574;2,36548848464574;2,18290651560546;2,43880209169926;0,0659835163984009;1,89782957887064;1,08364168036286;1,28504799316625;10,3267649820603;51,0797317880547;533434,019885408;2,0742972703305;0,046787460225292;4,64288660981267;0,324100409296235;0;0
OVCAR-8 R2;bayesynergy;2.5.1;Bayesian;95;PASS;Cerdulatinib (PRT062070, PRT2070);Trametinib (GSK1120212);1,01931429362817;1,01931429362817;1,51121096155463;3,58943800050328;0,400937514225569;4,16774108494651;0,674501654341874;0,861254705769536;19,2935141903357;6,90624153920167;6,90624153920167;3,50511985127608;6,81377127803156;0,171748595101266;3,5054601258317;1,97032964127814;1,94375945908526;18,4523641855716;20658,1974072651;50,1310789830073;6,40656822671017;0,057847845834526;81,7245116383625;1,97394336536386;0;0
OVCAR-8 R2;bayesynergy;2.5.1;Bayesian;96;PASS;Flavopiridol (L86-8275) HCl;Niraparib (MK-4827);0,987426794674982;0,987426794674982;1,46254628896244;1,81288916473431;0,0629734450955956;2,10884106318327;0,67514225165173;0,859672809174404;14,0447830223919;0,313710767606787;0,313710767606787;0,465036909073653;1,45673634525265;0,15868727319633;2,48688899789807;0,674593266654241;0,585766532597108;18,5810088216322;149,95627708324;11863,8672337274;1,54686427319817;0,0729240865071924;11,5725341926971;0,468226676726146;0;0
OVCAR-8 R2;bayesynergy;2.5.1;Bayesian;97;PASS;MK-2206 2HCl;Olaparib (AZD2281);0,986251934789741;0,986251934789741;1,43186897112255;1,7361475837271;0,0535142394779687;2,01058986562679;0,688786442530801;0,863510851767751;12,0041873928669;0,103753585413528;0,103753585413528;0,153780363477557;0,471179384303701;0,0211285601668714;0,870921581107609;0,674686826505454;0,541012410904402;10,9831645053538;12779,3209713515;19896,408086245;144,623436928714;0,0774159862717562;51,5703044916716;0,366656137062771;3;0
OVCAR-8 R2;bayesynergy;2.5.1;Bayesian;98;PASS;Cerdulatinib (PRT062070, PRT2070);Paclitaxel (NSC 125973);0,984910709996066;0,984910709996066;1,42804069108288;1,69774142266669;0,0480361693762785;1,90785184880586;0,689693729419722;0,889881019356145;12,0608793188129;0,280955320117202;0,280955320117202;0,416466945598433;0,730538712312574;0,0231287026538466;1,09412806256266;0,674616132412356;0,667690316434723;7,99579812918585;111043,426379373;11,9305041884314;1,08862071082203;0,0734665767776441;16,2919663254128;0,128090771968208;0;0
OVCAR-8 R2;bayesynergy;2.5.1;Bayesian;99;PASS;Mebendalzole;Paclitaxel (NSC 125973);0,915939259147076;0,915939259147076;1,32337758575447;1,44072736022185;0,0461392958957063;1,59028594697857;0,69212239122585;0,905968922006014;10,225988921064;1,359535456118;1,359535456118;1,77333349877583;1,90568471430969;0,0539227352716879;1,92908416269218;0,76665526087254;0,987870177551073;11,0499704162311;593,933089378647;12,4166512547988;1,62055656000035;0,0839157554952263;29,3965447069073;0,257363316952831;0;0
OVCAR-8 R2;bayesynergy;2.5.1;Bayesian;100;PASS;Afatinib (BIBW2992);Trametinib (GSK1120212);0,897439891678624;0,897439891678624;1,31989412173078;1,61087553746377;0,0514086352793892;1,87864157642462;0,679933243813384;0,85748035112748;11,7771701851191;0,866271484944145;0,866271484944145;1,23142367061908;1,42186562069145;0,0408211424473351;1,5918843844071;0,703471522931373;0,893196537775594;10,3410961005979;4523,2936399222;56,4791986308988;1,29879415686615;0,069030710178842;25,3157162963024;0,251158487256067;0;0
OVCAR-8 R2;bayesynergy;2.5.1;Bayesian;101;PASS;Crizotinib (PF-02341066);Trametinib (GSK1120212);0,89215200226421;0,89215200226421;1,22812236757345;1,36185385406569;0,0492542839957547;1,46723849796845;0,726435757396829;0,928187459501209;8,63464994457202;0,43396403836194;0,43396403836194;0,643256688018878;0,803349751308991;0,0296088014283499;0,999030168181372;0,674635874674659;0,804129621802516;6,42503457184705;7379,9042319342;42,7851806928044;1,15876981666497;0,0523129343984563;12,4030915791962;0,143697668911821;0;0
OVCAR-8 R2;bayesynergy;2.5.1;Bayesian;102;PASS;Binimetinib (MEK162);Olaparib (AZD2281);0,878453931437016;0,878453931437016;1,21021085816717;1,34622985036483;0,0385131058489813;1,47905161122331;0,725868492675245;0,910211011296852;10,9765856004707;0,182590377796259;0,182590377796259;0,27063542736354;0,566692230701807;0,0202553329609329;0,871161053366968;0,674672859998436;0,650502256169036;6,53061058411604;17455,7438433548;33314,979983544;1,13001336450205;0,0535798728008491;16,0852379198421;0,276835821283493;0;0
OVCAR-8 R2;bayesynergy;2.5.1;Bayesian;103;PASS;Abemaciclib (LY2835219);Trametinib (GSK1120212);0,795451465234305;0,795451465234305;1,12130407443657;1,45437854639072;0,0922511151587462;1,89827979054298;0,709398532805656;0,766164701450455;13,1507693582133;1,34315126085537;1,34315126085537;1,66665733729672;1,73219538230174;0,0532503734846262;1,66395969213471;0,805895267610277;1,04100801869755;11,3200011019321;30005,3884615471;57,3636342286553;1,51007671898064;0,0593784677163824;8,94684622994622;0,247051816557953;0;0
OVCAR-8 R2;bayesynergy;2.5.1;Bayesian;104;PASS;Olaparib (AZD2281);Flunarizine 2HCl;0,77325790909931;0,77325790909931;1,1458455492343;1,39912448292542;0,0441635946608753;1,69391147720961;0,674836071594493;0,825988555040428;9,08461658412402;0,150796434098321;0,150796434098321;0,223526864907859;0,714629290510287;0,0353750197455817;1,20929443492683;0,67462331277487;0,590947307678238;9,12893957233179;19563,311163101;2727820,07509445;1,41458850175487;0,0528557424445014;15,9608530756365;0,487878989088457;0;3
OVCAR-8 R2;bayesynergy;2.5.1;Bayesian;105;PASS;Paclitaxel (NSC 125973);Vismodegib (GDC-0449);0,722346980593004;0,722346980593004;1,06474250497994;1,22820530717464;0,0347716378076591;1,39141024251716;0,678424104621062;0,882720229035599;7,36382265369785;0,33996220165501;0,33996220165501;0,503939689923659;0,917153705038306;0,0330353626003615;1,36351440287275;0,674608903510875;0,672639543158457;11,7306586652105;14,7222030712824;769915,952640361;0,963180176120008;0,0641687023242838;50,9550296759542;0,137473264724324;1;0
OVCAR-8 R2;bayesynergy;2.5.1;Bayesian;106;PASS;Tamoxifen (ICI 46474);Trametinib (GSK1120212);0,718439805772214;0,718439805772214;1,04809712831749;1,29364337412047;0,0427442153722824;1,50824552433821;0,685470636605527;0,857724730181387;9,92036384368253;0,111276792828362;0,111276792828362;0,16491966714098;0,44023257339382;0,0167051959445594;0,749459040329641;0,674733309601204;0,587400444459498;8,17406616758719;38627,669211039;49,8233686163056;0,771852483009737;0,0522201292763924;51,0651480100002;0,115211588340704;0;0
OVCAR-8 R2;bayesynergy;2.5.1;Bayesian;107;PASS;Alpelisib (BYL719);Niraparib (MK-4827);0,714823548449284;0,714823548449284;1,05775750496095;1,45496403151601;0,0428261214803038;1,83918813083409;0,675791516577964;0,791101525861998;11,2118510903024;0,108405432308276;0,108405432308276;0,16068664946125;0,566504957893718;0,0234865232023081;0,996584780340018;0,674638700052168;0,568446326965214;9,08787950594716;14443,7602780267;10014,6760326112;1,01760815036915;0,0663090750880671;303,807804113228;0,171628399771325;0;0
OVCAR-8 R2;bayesynergy;2.5.1;Bayesian;108;PASS;Olaparib (AZD2281);Selpercatinib (LOXO-292);0,703569614687724;0,703569614687724;1,04299101991475;1,5232636317354;0,0485423427418908;1,95274161262653;0,674569196909512;0,780076765391014;12,4359997294235;0,0219541637268809;0,0219541637268809;0,0325332528483881;0,388572760690251;0,017973375153422;0,747467241115228;0,674822275817054;0,519852562515646;6,76057745671132;16307,5943348187;22918,4742372777;1,42276781322015;0,0530839081506751;22,0480822716803;0,283207733934969;0;0
OVCAR-8 R2;bayesynergy;2.5.1;Bayesian;109;PASS;Cucurbitacin I (JSI-124);Trametinib (GSK1120212);0,695717132632693;0,695717132632693;0,925856026044165;1,07020139925276;0,0287985897224438;1,13802473703169;0,751431230193782;0,940415926651893;6,77097783105446;0,313056511399344;0,313056511399344;0,463993695455254;0,595011829446348;0,017495769494751;0,72979484120452;0,674699924731056;0,815313833219602;3,83693319317347;809,914380571439;52,4456823773117;0,716875916856804;0,0496719359868647;11,3259312843145;0,113408733722858;0;0
OVCAR-8 R2;bayesynergy;2.5.1;Bayesian;110;PASS;Cobimetinib;Trametinib (GSK1120212);0,69068053508719;0,69068053508719;0,913922196467446;0,975358906991292;0,0442014399930064;1,02777263226374;0,755732312615729;0,94903143633344;7,76877613638077;10,2088371664899;10,2088371664899;3,29844735117832;10,192248786881;0,106352333697505;3,34513031702896;3,09504323688626;3,04689139762226;22,1240879683808;2357,87555506743;85,0400065604469;147,38723210501;0,0599935276533463;23,0472898858676;0,72816708999516;0;0
OVCAR-8 R2;bayesynergy;2.5.1;Bayesian;111;PASS;Niraparib (MK-4827);Pictilisib (GDC-0941);0,638455639687748;0,638455639687748;0,946426749563115;1,3881704264302;0,0427243507278046;1,79907844411684;0,674595936751015;0,771612843033496;15,5635692074672;0,205141833841333;0,205141833841333;0,304088541808581;0,737305237443375;0,0255768907910652;1,14964165965768;0,674612179141122;0,641334829204881;8,74468492138148;10139,178058027;2284,52505844524;0,879431041238004;0,079770088632634;85,8417507932776;0,125908935039164;0;0
OVCAR-8 R2;bayesynergy;2.5.1;Bayesian;112;PASS;Paclitaxel (NSC 125973);Quinacrine;0,637120251844599;0,637120251844599;0,944462998061027;1,19389227203406;0,048782037145663;1,43348313444519;0,674584661498227;0,832880738681531;7,56730872269128;1,17688840681295;1,17688840681295;1,64516403299036;1,87842617563414;0,0626046522003269;2,10924629220477;0,7153623488071;0,89056748971247;13,651873775539;12,3389184629586;20273,0348512487;1,05445543877653;0,071929636705751;28,7907803850806;0,250966602105844;0;0
OVCAR-8 R2;bayesynergy;2.5.1;Bayesian;113;PASS;Entrektinib (RXDX-101);Olaparib (AZD2281);0,623349528512062;0,623349528512062;0,924058722049085;1,23663704225468;0,0477039583806484;1,58676790870232;0,674577831081769;0,779361632837007;12,240648651782;1,69436412570559;1,69436412570559;1,94590401300661;2,15324909677247;0,0564514500720336;1,99352743477176;0,870733661259909;1,08012012235939;12,0894470750413;6231,69215248974;23482,2906305029;2,58651642499119;0,0735280242051354;9,36889917167288;0,792303912108845;0;0
OVCAR-8 R2;bayesynergy;2.5.1;Bayesian;114;PASS;Idasanutlin (RG-7388);Niraparib (MK-4827);0,622419802078279;0,622419802078279;0,922711675947228;1,41045119507579;0,0457577069906812;1,85745900061124;0,674555029813968;0,759360900382637;13,4617484402784;0,215236520659758;0,215236520659758;0,319052610076249;0,753320226012856;0,0255422124696402;1,20449065531187;0,674611377127803;0,62542637644441;12,5897468419806;21498,2135746757;9286,72470433999;1,15214590473664;0,0632242219701288;21,6225763716615;0,21013104751326;0;0
OVCAR-8 R2;bayesynergy;2.5.1;Bayesian;115;PASS;Fludarabine (Fludara);Paclitaxel (NSC 125973);0,619436829189785;0,619436829189785;0,67182187934046;0,783599996323441;0,0188314208158395;0,750657483047559;0,922025388333434;1,04390649380108;7,12564395035881;18,458490230766;18,458490230766;3,98499640547436;18,6015381051288;0,0889418031404348;3,99847078881835;4,63199670780349;4,65216306122522;32,1411459269619;5143,16143515644;13,1015540954139;4942,32918396495;0,0788539356077788;2,26112761865825;1,22781020155871;0;0
OVCAR-8 R2;bayesynergy;2.5.1;Bayesian;116;PASS;Carboplatin (NSC 241240);Trametinib (GSK1120212);0,609187466025014;0,609187466025014;0,903051848979902;1,28473827859113;0,0527583213506849;1,60398487806314;0,674587474366128;0,800981686989749;11,7638697473343;1,67086290929654;1,67086290929654;2,07343699999123;2,09365039366742;0,0607185619547501;1,95900308166891;0,805842140033002;1,06873256773226;11,29095778506;3162,06175545551;52,5758646199633;1,43085376729001;0,0747623010980391;8,52754129163729;0,277632814941118;0;0
OVCAR-8 R2;bayesynergy;2.5.1;Bayesian;117;PASS;Adavosertib (MK-1775);Olaparib (AZD2281);0,59289710669662;0,59289710669662;0,878957433305855;1,67831060982332;0,0598511696258673;2,31822682222112;0,674545870175612;0,723976895029009;15,1554017281987;0,384044045377641;0,384044045377641;0,569307466914038;1,2201069863375;0,0486395584071238;1,84272144548219;0,674581079112439;0,662122313347383;17,8629063118664;929,690253467181;46759,1143788885;1,37840939717375;0,0836111454663185;15,5968404844626;0,325742928127913;0;0
OVCAR-8 R2;bayesynergy;2.5.1;Bayesian;118;PASS;Alectinib (CH5424802);Trametinib (GSK1120212);0,583837357163331;0,583837357163331;0,864874764016679;1,12883039729877;0,0378064959272353;1,37068868589797;0,675054217620889;0,82356546010094;9,55004120676185;0,451291881420568;0,451291881420568;0,668937998091066;0,964834217416074;0,0334982003794136;1,2562421535166;0,674639327872553;0,768032034839156;7,69336400376792;3153078,41778982;57,4430458943003;1,02493515156916;0,0637532731320407;15,2803046490768;0,223749616533271;0;0
OVCAR-8 R2;bayesynergy;2.5.1;Bayesian;119;PASS;Binimetinib (MEK162);Niraparib (MK-4827);0,583073434530715;0,583073434530715;0,864068584440125;1,19995595222122;0,0356273923207786;1,52184650819072;0,674799946474756;0,788501101032447;9,39394584422591;0,34585537033161;0,34585537033161;0,512679326821417;0,958572502625352;0,0337098270068613;1,40378882203153;0,674603699111282;0,682846655836827;11,2355676370686;17583,8975932693;11778,8539786607;1,2346380536485;0,0655964467154525;24,7594647031503;0,174181181347823;0;0
OVCAR-8 R2;bayesynergy;2.5.1;Bayesian;120;PASS;Idasanutlin (RG-7388);Trametinib (GSK1120212);0,575046124858638;0,575046124858638;0,821459696993878;0,933362419243544;0,025490869906468;1,05743288558125;0,700029626484431;0,882687235029459;7,88322295695678;0,338320504493907;0,338320504493907;0,501495519020962;0,851639971806608;0,0324859488740748;1,18651502200223;0,674623185376389;0,717765857165026;7,11975014779126;8047,69192241717;65,804298367713;0,766689383882514;0,046162617615732;38,9869948793934;0,108269104573416;0;0
OVCAR-8 R2;bayesynergy;2.5.1;Bayesian;121;PASS;Cerdulatinib (PRT062070, PRT2070);Niraparib (MK-4827);0,573248447642903;0,573248447642903;0,849824012283905;1,81615810259475;0,116689831895013;2,80129120112524;0,674549600101667;0,648339131841424;23,4960974726501;0,861064092880436;0,861064092880436;1,27648735822709;1,70618573042253;0,0478944350769886;2,14813227848505;0,674557477855768;0,794264742218671;12,4355620343057;36554,3435581677;13426,5117933504;2,17879934145934;0,0751289102386876;70,8494563737809;0,456149054531355;0;0
OVCAR-8 R2;bayesynergy;2.5.1;Bayesian;122;PASS;Gemcitabine (LY-188011) HCl;Paclitaxel (NSC 125973);0,565249726323105;0,565249726323105;0,828792427119539;0,998143805602005;0,0298269727086354;1,20850766524949;0,682016036618029;0,825950361123353;7,41786276480948;3,27557445435675;3,27557445435675;3,53114215385082;3,80206758572984;0,112930634417595;3,17603322980088;0,927624635780985;1,19711202957666;18,6347599393137;17,989550470081;13,4488999136886;4,09794636363926;0,111098839336207;54,0911177944448;0,707066125242119;0;0
OVCAR-8 R2;bayesynergy;2.5.1;Bayesian;123;PASS;Gemcitabine (LY-188011) HCl;Trametinib (GSK1120212);0,546456301224464;0,546456301224464;0,806456554155214;1,17295017724684;0,0433875338993236;1,59057819910196;0,677601661749643;0,737447104476679;11,1165827418102;0,274797788380719;0,274797788380719;0,407314060564107;0,821425482726603;0,0461351998163457;1,51180861012559;0,674658242831439;0,543339598164061;17,3427426140246;3,65878112643461;89,7332552244074;1,00253596910356;0,0841925840697264;45,6903301984206;0,180969668229631;0;0
OVCAR-8 R2;bayesynergy;2.5.1;Bayesian;124;PASS;Binimetinib (MEK162);Trametinib (GSK1120212);0,532825569044462;0,532825569044462;0,651099546962666;0,771320313254647;0,0256285433518938;0,883220784321111;0,818347319591999;0,873321642645069;7,17175452189701;4,20268915149287;4,20268915149287;2,59587975749021;4,25563920528693;0,120945860051019;2,44034928815715;1,61898452321081;1,74386479260951;12,8322448713641;16489,9902518576;68,5012453089995;3,99186510131612;0,0457503128736497;5,86781782082939;0,531992276846286;0;0
OVCAR-8 R2;bayesynergy;2.5.1;Bayesian;125;PASS;Adavosertib (MK-1775);Carboplatin (NSC 241240);0,531557913214933;0,531557913214933;0,787992707548299;1,40710242694318;0,0517758939873328;1,89846015738736;0,674572122461364;0,741195424540029;10,8265259845349;0,149753789020007;0,149753789020007;0,221981206840752;0,665364705854211;0,0245801516034654;1,12562127365794;0,674623726716827;0,59110885821478;9,35780550348457;930,913353394026;34347963,6002087;1,13029269920211;0,0774727578519124;10,9587305965567;0,227835872430937;0;0
OVCAR-8 R2;bayesynergy;2.5.1;Bayesian;126;PASS;Olaparib (AZD2281);Vemurafenib (PLX4032);0,522062225860253;0,522062225860253;0,773917396651241;1,27197906764946;0,0486357124457079;1,70378848895942;0,674570991838701;0,746574710706765;12,9871771729808;0,0831267575897601;0,0831267575897601;0,123215384355024;0,583288260691155;0,0273992553365617;1,09540714625016;0,674645930172524;0,532485352763939;11,6539437900324;21526,6967881891;374184,041527119;1,47353458128596;0,0611029683143387;14,8356504580065;0,391936723765055;0;0
OVCAR-8 R2;bayesynergy;2.5.1;Bayesian;127;PASS;Defactinib (VS-6063, PF-04554878);Trametinib (GSK1120212);0,500634847651376;0,500634847651376;0,742147943838609;1,4076906107986;0,110209455923286;2,05422807763904;0,6745755368693;0,685279153718327;13,1071049285152;1,36256099534213;1,36256099534213;1,96990759714941;2,1512143679296;0,15928315683044;2,46918305621946;0,691687771199956;0,871225145706003;14,8420207384764;20668,9768159787;56,5908141736858;1,41560601228115;0,0829370877687302;12,3061086997113;0,376875106800752;0;0
OVCAR-8 R2;bayesynergy;2.5.1;Bayesian;128;PASS;Olaparib (AZD2281);Temsirolimus (CCI-779);0,494873579237609;0,494873579237609;0,730021258315217;0,975042888632263;0,0291273736888876;1,24626750650442;0,677889271854502;0,782388934762608;8,99123168099327;0,654954337081091;0,654954337081091;0,969501541118479;1,29789684975851;0,0464657676046454;1,64310431623061;0,675557809145402;0,789905325509687;14,2648676366087;30366,9252568378;1559,58357675536;1,39459046848657;0,0646564293276999;11,7700734706461;0,276101610409634;0;0
OVCAR-8 R2;bayesynergy;2.5.1;Bayesian;129;PASS;Paclitaxel (NSC 125973);Palbociclib;0,486748405083739;0,486748405083739;0,721527113413715;0,957848585151175;0,0300498314943321;1,19867200534747;0,674608612808487;0,799112982455935;8,9801137483833;1,27130431978358;1,27130431978358;1,81994622904449;1,97458807720992;0,0624724345949653;2,13576207341771;0,698539495010817;0,924535603373707;12,3852557863281;11,7427983466459;13101,9035279894;1,18329249248844;0,068357803670667;15,7280761183519;0,253826267856145;0;0
OVCAR-8 R2;bayesynergy;2.5.1;Bayesian;130;PASS;Palbociclib;Trametinib (GSK1120212);0,451876413580464;0,451876413580464;0,649104003076639;0,709932333012518;0,0211185055272817;0,832402646905009;0,696154100789163;0,852897465631307;5,96481335516811;0,829236751354632;0,829236751354632;1,16724737931179;1,35159033159515;0,0413034571931328;1,52885344633885;0,710420743753183;0,884054867935056;10,1996538387656;12914,5669660067;56,7699953122386;0,928813150066376;0,0523560126528899;29,9739990705983;0,247597403152533;0;0
OVCAR-8 R2;bayesynergy;2.5.1;Bayesian;131;PASS;Flavopiridol (L86-8275) HCl;Trametinib (GSK1120212);0,43800584182451;0,43800584182451;0,632210262068683;0,703699230871583;0,0239452453874368;0,802679863889692;0,692816722701229;0,876722792827488;7,09802187137367;10,4381164727054;10,4381164727054;2,87009559656992;10,4605321669661;0,0790636277983783;2,90602729018039;3,63685324111856;3,59959873821996;19,7757520384206;159,222656250647;61,6030952269871;414,052355300963;0,0601139581181286;4,93832375884043;1,22177247302225;0;0
OVCAR-8 R2;bayesynergy;2.5.1;Bayesian;132;PASS;Niraparib (MK-4827);Paclitaxel (NSC 125973);0,410693986707365;0,410693986707365;0,608765343088235;0,78470248955435;0,0287107938466033;1,024356601969;0,67463430921336;0,76607107733247;7,75892685279024;13,4558653375798;13,4558653375798;4,82728593447492;13,1511830919391;0,220837151783241;5,1039070762205;2,78745976936694;2,5766893667033;30,6189150100622;12265,8459550692;12,774013135861;20,0849508212596;0,0870299165712669;3,65611334311724;1,06504719644371;0;0
OVCAR-8 R2;bayesynergy;2.5.1;Bayesian;133;PASS;Niraparib (MK-4827);TNKS1/2 inhibitor (OM-153);0,397117873443117;0,397117873443117;0,588688643108338;1,07383118253694;0,0349770103741653;1,46501345264036;0,674580490199868;0,733004096350574;9,58871022148826;0,643565539915518;0,643565539915518;0,954034221160556;1,47347910109893;0,0452713576313324;1,90127184053988;0,674572804246621;0,774996541620539;10,7395122271696;12450,4950226886;279,667211381305;1,60125636221469;0,0636780185107221;37,4287734982098;0,333028051994123;0;0
OVCAR-8 R2;bayesynergy;2.5.1;Bayesian;134;PASS;Carboplatin (NSC 241240);Flavopiridol (L86-8275) HCl;0,389999025880129;0,389999025880129;0,578115327813908;0,949534064804908;0,0297314371691824;1,25896862961149;0,674604195939374;0,754239651597805;7,53972408970106;0,336905538894624;0,336905538894624;0,499412685556308;1,01277788059282;0,0456115410624813;1,54795653288672;0,674603486532058;0,654267648397166;16,2090832469345;473673,032225064;165,505841880344;1,85772449178494;0,0868437367450377;23,2421236484267;0,430661361831137;0;0
OVCAR-8 R2;bayesynergy;2.5.1;Bayesian;135;PASS;Afatinib (BIBW2992);Niraparib (MK-4827);0,361127044651622;0,361127044651622;0,535337445175328;1,00659323744851;0,0389266511939907;1,46728288603034;0,674578339150832;0,686048120317138;10,0422014575671;0,876637675535703;0,876637675535703;1,29956502869767;1,61162610064953;0,047972286718425;1,97299755787692;0,674562377547361;0,816841406729238;13,6987946534799;4525,91861368608;10479,7542051093;1,19427291086403;0,0791839591802386;16,3827975803469;0,262078998864699;0;0
OVCAR-8 R2;bayesynergy;2.5.1;Bayesian;136;PASS;Entrektinib (RXDX-101);Trametinib (GSK1120212);0,35153720345005;0,35153720345005;0,52109783054268;0,733817722971344;0,0269799534949134;0,958302941252616;0,674608840884933;0,765777180485598;7,39637754259254;3,90337514833482;3,90337514833482;2,37564700856826;4,09191971040707;0,0669391642596642;2,41079965194931;1,64307876307233;1,69732881249524;13,5820510428163;6361,98458460033;48,0762295663353;5,42284799177684;0,0624580056045746;8,91915778324964;0,617505118643346;0;0
OVCAR-8 R2;bayesynergy;2.5.1;Bayesian;137;PASS;Olaparib (AZD2281);Pictilisib (GDC-0941);0,351267454107796;0,351267454107796;0,520691798840494;0,927147868144741;0,031404399153328;1,32643860077796;0,674616836466444;0,698998431357146;9,17110902663564;0,67017877485623;0,67017877485623;0,975682207204322;1,28471270292894;0,0399172377520288;1,61738455287951;0,686882234715063;0,7943149331071;12,5676602380689;21580,6576405942;2427,00499721617;1,31844778938227;0,0766143356004131;53,2585069620642;0,217372914995803;0;0
OVCAR-8 R2;bayesynergy;2.5.1;Bayesian;138;PASS;Flavopiridol (L86-8275) HCl;Paclitaxel (NSC 125973);0,347767151266827;0,347767151266827;0,515486949159621;0,773872211815331;0,027625345567317;1,01342275806396;0,674638129701981;0,763650649217712;8,062532228952;1,02870477903486;1,02870477903486;1,4776806490994;1,99568615164001;0,0941661418064877;2,42721978265084;0,696161771937543;0,822210730937789;13,8910680776037;151,924064421976;12,1663349688409;1,21260154743771;0,0739060985958255;21,6434183395547;0,296318885289516;0;0
OVCAR-8 R2;bayesynergy;2.5.1;Bayesian;139;PASS;Dexamethasone;Niraparib (MK-4827);0,33456888555385;0,33456888555385;0,495949274133273;0,794191324499169;0,0275922993283867;1,1607420224593;0,67460303503528;0,684238688152289;9,31574842884618;1,86557965843617;1,86557965843617;2,54210319590619;2,44963784032514;0,0669953958462945;2,36195353369699;0,733872512115363;1,03712363743706;12,0228005978965;892426,561657543;10167,2388728644;2,23022810233211;0,056792607309654;14,2895845836078;0,585877381375178;0;0
OVCAR-8 R2;bayesynergy;2.5.1;Bayesian;140;PASS;Niclosamide (BAY2353);Trametinib (GSK1120212);0,333290253588061;0,333290253588061;0,494026885257335;0,764883184717059;0,0346937884325193;1,04399591443841;0,674639910365309;0,73267533658559;9,27761246286215;0,828662250109423;0,828662250109423;1,03846851220593;1,15477701346033;0,0323326788859668;1,17658795765668;0,797965696956148;0,981462546803729;7,97446557883088;3073,03587879121;45,8601381403892;0,831590827152809;0,0489326138075464;522,162643273729;0,112535330013459;0;0
OVCAR-8 R2;bayesynergy;2.5.1;Bayesian;141;PASS;Olaparib (AZD2281);Sorafenib (Nexavar);0,322722782277425;0,322722782277425;0,478359212989041;0,782912202821359;0,0241464131762095;1,08368868735978;0,674645273916401;0,722476938187013;7,05149351698104;0,134224531465604;0,134224531465604;0,198950265296565;0,521512005295444;0,0190854012314124;0,855583586691976;0,674663747070267;0,609539515959879;7,41804170903498;20913,5003747305;7778,79777662966;0,877485948956881;0,0473782526931029;48,7534808497907;0,129785649242579;0;0
OVCAR-8 R2;bayesynergy;2.5.1;Bayesian;142;PASS;Carboplatin (NSC 241240);Entrektinib (RXDX-101);0,320389854947011;0,320389854947011;0,474899971833244;0,783241748538244;0,0260461513355478;1,09075916869134;0,674647028742112;0,718097056650653;7,93381867705398;0,116973447405295;0,116973447405295;0,173370098797038;0,490184456252694;0,0194369773150948;0,82166276199008;0,674703701601016;0,596576209764527;5,77327864162081;874789,481420505;6158,15094090572;1,42184211316079;0,0854376977833477;12,4197699498974;0,371797000558055;0;0
OVCAR-8 R2;bayesynergy;2.5.1;Bayesian;143;PASS;Carboplatin (NSC 241240);Idasanutlin (RG-7388);0,316336281960257;0,316336281960257;0,468938240513212;0,959779427739627;0,0339425262895472;1,40493779503782;0,674579837238385;0,683171074254915;10,1273032492255;0,209907296477548;0,209907296477548;0,31115163936173;0,770865417705269;0,0286485342181844;1,20056096551371;0,674614142828024;0,642087690545081;9,28425235966727;134384,920856112;15680,3384822722;1,48613243569846;0,0715687635626434;13,6167603203701;0,32859775575296;3;0
OVCAR-8 R2;bayesynergy;2.5.1;Bayesian;144;PASS;AZD8055;Carboplatin (NSC 241240);0,313523883552795;0,313523883552795;0,464734573989406;0,828627072211589;0,0289722384241933;1,16271983415878;0,674629995486288;0,712685829498906;7,30543106433647;0,369079956001591;0,369079956001591;0,547080324162136;0,815652107466044;0,0286421961021308;1,08676300391456;0,674635770472725;0,750533561161022;8,30963460853433;161,967875933816;2908752,24486797;0,830990396372099;0,0646629375215991;18,6163489763773;0,129444504881637;6;0
OVCAR-8 R2;bayesynergy;2.5.1;Bayesian;145;PASS;Erlotinib;Trametinib (GSK1120212);0,311664480071466;0,311664480071466;0,461333745948061;0,647817302241421;0,0205094605632812;0,824716019729372;0,675572690723029;0,785527675456275;5,59757323764857;0,223100180640256;0,223100180640256;0,330649715404864;0,518346307938799;0,0151726251729439;0,696711950945398;0,67473271636445;0,743989402270813;5,13356497021441;7344,41686301131;55,9586616024047;0,535843105503796;0,0389687664501649;22,9058810771636;0,0584232000883698;0;0
OVCAR-8 R2;bayesynergy;2.5.1;Bayesian;146;PASS;Carboplatin (NSC 241240);Everolimus (RAD001);0,308763948610657;0,308763948610657;0,457690549838288;0,897429868946581;0,0359510737461147;1,28753426462199;0,674612898867478;0,697034513315304;9,45077156611893;0,413817247656535;0,413817247656535;0,613246035727175;0,964139716633019;0,0279411431054466;1,28917980582925;0,674798080293889;0,747870632376875;8,61821353909828;82511,5891649181;198,33980747929;1,32407896566579;0,076701562981496;14,3775637738753;0,352053209791111;1;0
OVCAR-8 R2;bayesynergy;2.5.1;Bayesian;147;PASS;Carboplatin (NSC 241240);Gedatolisib (PKI-587);0,307669215342452;0,307669215342452;0,456041288495879;0,765645095383326;0,0289441833838493;1,10418345470135;0,674652105201286;0,693426205940399;9,03934311737034;0,143554375594444;0,143554375594444;0,212760105815409;0,502640884238492;0,0180641001129252;0,820059706247514;0,674724122007121;0,612932058982035;9,53529683026883;340173,217531171;1703,1860106011;0,942188519838508;0,0681304272834039;13,0231881787374;0,17902471096124;0;0
OVCAR-8 R2;bayesynergy;2.5.1;Bayesian;148;PASS;MK-2206 2HCl;Carboplatin (NSC 241240);0,300348984211396;0,300348984211396;0,445191956758296;0,782922174544669;0,0279931592847839;1,18845741858038;0,674650517943794;0,658793251812067;9,35981270196822;0,144078421949797;0,144078421949797;0,213530328108079;0,50453325717374;0,0184922681011516;0,822250539750177;0,674744535009897;0,613600396452195;6,0744974091442;12841,9835915242;72100,3891668451;1,50730211607734;0,0772991247198002;12,869527761688;0,36992478868442;21;0
OVCAR-8 R2;bayesynergy;2.5.1;Bayesian;149;PASS;Olaparib (AZD2281);Volasertib (BI 6727);0,298872661341455;0,298872661341455;0,443042177269842;0,987481854232469;0,0498756115644434;1,4981739936815;0,674591893672962;0,659146954014831;9,88969305502122;2,91649255820499;2,91649255820499;3,46572671943278;3,45203716212222;0,10615759178385;3,01662637482378;0,841524099938937;1,14433699543712;15,2662323292256;26309,9285906247;277,234040889981;2,85589321655355;0,0778803395325887;12,8013101925616;0,574445547224173;0;0
OVCAR-8 R2;bayesynergy;2.5.1;Bayesian;150;PASS;Flavopiridol (L86-8275) HCl;Olaparib (AZD2281);0,29742651806473;0,29742651806473;0,440889293836797;0,915902484362497;0,0403618627430144;1,3653269015615;0,67460589817549;0,670851655077749;10,6107855208673;0,334764995481055;0,334764995481055;0,496241231695599;0,908502637409175;0,0343045464738784;1,2944623762575;0,674601331165493;0,701837808554779;11,5283438230944;148,403020270248;35614,1240697641;0,77100743789345;0,0576633644339601;65,2557818862126;0,208396108720939;0;0
OVCAR-8 R2;bayesynergy;2.5.1;Bayesian;151;PASS;Carboplatin (NSC 241240);Cucurbitacin I (JSI-124);0,29370189439566;0,29370189439566;0,435329034509198;0,682417895251889;0,020233491981554;0,900133781826343;0,674666450232954;0,758159195158233;6,12586707757335;0,138078239752483;0,138078239752483;0,20463815137378;0,471107680289043;0,0169262823191422;0,75019125094644;0,674743388881953;0,627983437149786;5,24577119048677;143457,517592903;873,773548197331;0,841459857428396;0,0655235010411871;12,8474865328254;0,13686050458061;5;0
OVCAR-8 R2;bayesynergy;2.5.1;Bayesian;152;PASS;Abemaciclib (LY2835219);Paclitaxel (NSC 125973);0,291385990635534;0,291385990635534;0,431935741072645;0,702600026381085;0,0320382139764816;0,982270643452187;0,674604953764471;0,715320366062452;7,20170909833722;11,4910077619328;11,4910077619328;3,65398412163553;11,5845532099837;0,104821862330113;3,66993356329258;3,14478864149782;3,15661115118125;25,8338805992401;54215,8440542863;12,3699637515514;113,699257521504;0,0758583127726032;10,7791028911638;0,989013683688385;0;0
OVCAR-8 R2;bayesynergy;2.5.1;Bayesian;153;PASS;Luminespib (NVP-AUY922);Olaparib (AZD2281);0,285078532707338;0,285078532707338;0,42258991650393;0,75284546107523;0,0269259151964492;1,0410876033498;0,674598521104767;0,723165199686242;10,0073057314377;0,733008744688918;0,733008744688918;1,08563069386205;1,29276110988397;0,040448944581646;1,51110232372948;0,675191617953705;0,855508650594465;10,9938820621355;19,7946151106052;39511,6954518864;1,43174366700875;0,0607026983943712;28,4084739332087;0,384210671833196;0;0
OVCAR-8 R2;bayesynergy;2.5.1;Bayesian;154;PASS;Metformin;Trametinib (GSK1120212);0,284635857106125;0,284635857106125;0,42190314112673;0,678315551117215;0,0221923724902276;0,931397777901965;0,674647399746728;0,728303801523298;8,02568636219143;0,44893903569836;0,44893903569836;0,665450569257594;0,924890458367809;0,0348574283115411;1,1996046775327;0,674639194011383;0,770996042021181;10,0278090801424;315615036,340722;71,5944219956681;1,03335501576753;0,0526486328130301;18,7607082100535;0,151842071343448;0;0
OVCAR-8 R2;bayesynergy;2.5.1;Bayesian;155;PASS;Niraparib (MK-4827);Nutlin-3a;0,281330310922603;0,281330310922603;0,417049134351333;1,02040469485105;0,0346002465539659;1,53046305018529;0,674573540022273;0,666752749425776;9,98047538312266;0,656616713244918;0,656616713244918;0,973386374451631;1,378112737933;0,0439338161357369;1,80261274396661;0,674569452048094;0,764508485000773;11,7355612735832;12009,5580428221;871512,487937305;1,58901337227362;0,0606880352448517;23,3660015394622;0,346583525980821;0;0
OVCAR-8 R2;bayesynergy;2.5.1;Bayesian;156;PASS;Paclitaxel (NSC 125973);Vemurafenib (PLX4032);0,269062856303857;0,269062856303857;0,398849171728736;0,777525954138226;0,0272711421379862;1,12999561282257;0,674598006904855;0,688111506191736;8,48594836942059;1,72538809580975;1,72538809580975;2,17286394251492;2,34646044544566;0,0607028272136635;2,34881479994152;0,794061727497193;0,998997641493097;16,7701046188166;11,549643237309;349227,267885663;1,09277850710674;0,0720938693507675;14,8185175737269;0,20593742975468;0;0
OVCAR-8 R2;bayesynergy;2.5.1;Bayesian;157;PASS;Dexamethasone;Olaparib (AZD2281);0,254650944591571;0,254650944591571;0,377475012303754;0,775682681486076;0,0266090347684768;1,15576552392788;0,674616693267774;0,671167678338189;8,80116172301811;0,101616848728276;0,101616848728276;0,150616112777193;0,53335481801685;0,0201750347896949;0,919420432510191;0,674674487706358;0,580098939677347;6,71976799939997;2587065,40930118;17893,4300798821;1,01496157684233;0,0475278529646697;107,231628485032;0,231243377876512;0;0
OVCAR-8 R2;bayesynergy;2.5.1;Bayesian;158;PASS;Navitoclax (ABT-263);Olaparib (AZD2281);0,247962012012855;0,247962012012855;0,367581028346918;0,966699464659408;0,03644442809796;1,52327569242386;0,674577828806856;0,634644069262391;12,3084568051049;0,452679543199823;0,452679543199823;0,671051810205688;1,27959780084605;0,0431343733973535;1,81546016201883;0,674582105755844;0,704833863951663;11,1222313149863;96909,4887490128;40984,3766862677;1,44570139891878;0,0672616591798482;11,291142568215;0,371835574253549;0;0
OVCAR-8 R2;bayesynergy;2.5.1;Bayesian;159;PASS;Lapatinib Ditosylate (Tykerb);Niraparib (MK-4827);0,246593572647134;0,246593572647134;0,365534812142508;0,797537872257226;0,0275050276787388;1,25189911710898;0,67461036392615;0,637086594253994;8,70800953615857;0,558688475998015;0,558688475998015;0,828188040378515;1,26440343412562;0,0361347301895146;1,65286638515429;0,674591335251197;0,764976192559925;11,1243697267216;6513,68044649039;11443,9518253279;1,03286113876023;0,0773542565589434;40,1673223922904;0,184191312924856;0;0
OVCAR-8 R2;bayesynergy;2.5.1;Bayesian;160;PASS;Niclosamide (BAY2353);Niraparib (MK-4827);0,231468811234882;0,231468811234882;0,343108007136421;0,737805910574792;0,0241510903835572;1,1017478197844;0,674623752347608;0,669696406412598;7,83901759946854;0,324595670901882;0,324595670901882;0,481163423820662;0,869362839133812;0,0281835572383561;1,23355049485168;0,674605871586084;0,704764695699255;10,0820957531188;2906,88406248686;13053,3430010617;0,790207891722702;0,0596798653361452;50,3006508538746;0,16712531112662;0;0
OVCAR-8 R2;bayesynergy;2.5.1;Bayesian;161;PASS;Alpelisib (BYL719);Olaparib (AZD2281);0,22945740929593;0,22945740929593;0,340118747886163;0,792499005918256;0,0309263448680093;1,30729852917371;0,67463910978741;0,606232993270115;11,9329466275398;0,337833253239346;0,337833253239346;0,500762611348137;0,915228619241223;0,0345998753102191;1,34354180109579;0,674637534000076;0,681205912979237;11,6603715151802;15530,8314609218;23624,3984149044;1,0832048942757;0,0605732510244777;12,2199416966308;0,273236095535489;0;0
OVCAR-8 R2;bayesynergy;2.5.1;Bayesian;162;PASS;Dasatinib (BMS-354825);Niraparib (MK-4827);0,227848774183056;0,227848774183056;0,337757580827739;0,81231373700566;0,0291034639986229;1,26301639745606;0,674592628312502;0,643181319548665;10,483687113293;0,82276159452264;0,82276159452264;1,20224156966787;1,54132449799627;0,0471622591762783;1,9199437303615;0,684356301828705;0,802796703685716;12,6274905512765;52,8384271226555;10962,207192939;0,97545051310625;0,0825751847280051;17,9142703229348;0,117741464926638;0;0
OVCAR-8 R2;bayesynergy;2.5.1;Bayesian;163;PASS;Dasatinib (BMS-354825);Trametinib (GSK1120212);0,224506355123127;0,224506355123127;0,332795634418688;0,62148887602191;0,0218918279703562;0,917130623952543;0,674607272163544;0,677688876949238;6,45636787659536;2,94325445931295;2,94325445931295;2,59151699471901;3,34752921286319;0,0662410563778786;2,57313866704639;1,13572647422753;1,30095173483429;15,7141015871952;147,41462487114;53,3428918601319;1,6836275260736;0,0685366009748628;17,254137729784;0,186211052215007;0;0
OVCAR-8 R2;bayesynergy;2.5.1;Bayesian;164;PASS;Carboplatin (NSC 241240);Volasertib (BI 6727);0,218935743344631;0,218935743344631;0,324524564752604;0,582204227262081;0,0215357763044592;0,821590176871753;0,674635350059042;0,708673619842261;7,40681776572066;2,94662010274615;2,94662010274615;2,91494034870072;3,19943686274676;0,0793199763580752;2,53163911039946;1,01086806255214;1,26378078518542;13,3979558473485;30556801,372203;392,706937085932;4,16674167968745;0,0858412088703908;17,5742468955804;0,769293024622525;0;0
OVCAR-8 R2;bayesynergy;2.5.1;Bayesian;165;PASS;Luminespib (NVP-AUY922);Niraparib (MK-4827);0,215805622883976;0,215805622883976;0,319880229855459;0,695134381639689;0,0224192134828625;1,04756704977216;0,674645078820563;0,663600697003951;6,56827433103162;0,278768742772917;0,278768742772917;0,41322059361187;0,734607429559317;0,0223629587240137;1,04321767162019;0,674624515531185;0,704174641154633;7,04991549196389;19,6685165392465;10497,5787626143;0,965795477800687;0,0635657756777862;16,9820450833396;0,162136982826917;0;0
OVCAR-8 R2;bayesynergy;2.5.1;Bayesian;166;PASS;Olaparib (AZD2281);Palbociclib;0,213290299493503;0,213290299493503;0,316165176348272;0,711120752901619;0,0251617123069401;1,08300308065217;0,674616673338345;0,656649149393729;9,64367431425423;0,132228379732725;0,132228379732725;0,195991844311915;0,547212551242113;0,0198475615069108;0,913915787912573;0,67466266362741;0,598755988767819;7,10464462269182;27342,1310711266;12593,9879126258;1,01172440122412;0,053803277904662;76,6413667980801;0,190785426723381;0;0
OVCAR-8 R2;bayesynergy;2.5.1;Bayesian;167;PASS;Niraparib (MK-4827);Sorafenib (Nexavar);0,210077089687129;0,210077089687129;0,311408103432861;0,750290450933822;0,0275183046579999;1,16949328238114;0,674603799231002;0,641580269471156;9,88898331420028;0,350322783179016;0,350322783179016;0,519314992489466;0,998987196370437;0,0362264028776039;1,44997370128654;0,674586307434832;0,68896918301625;11,4682465813215;9676,26694751272;7996,80870807114;0,854618964694182;0,0608989612615213;16,1713715378597;0,145342069808009;0;0
OVCAR-8 R2;bayesynergy;2.5.1;Bayesian;168;PASS;AZD7762;Trametinib (GSK1120212);0,208418014589491;0,208418014589491;0,308895264894827;0,536962835882673;0,020747652774786;0,821464085141148;0,674720652194047;0,653694931254582;9,80414758540007;0,858555496945038;0,858555496945038;1,14061383672292;1,23062944403555;0,0362231551467552;1,2868396340295;0,75271355589701;0,956319195875295;8,84131856753925;279,777831677687;56,6692477749985;1,17916498840874;0,0548014603791662;19,6850883595058;0,188138712245228;0;0
OVCAR-8 R2;bayesynergy;2.5.1;Bayesian;169;PASS;Carboplatin (NSC 241240);Venetoclax (ABT-199);0,204521716685275;0,204521716685275;0,303169041164271;0,760386658414989;0,0311964625343853;1,1918419149292;0,674612803140593;0,638019952454778;9,28282795864979;0,187139724263181;0,187139724263181;0,277383263137298;0,646535382008957;0,026598632327465;1,03892013900369;0,674661196737569;0,6223148033582;8,68055424347215;984159251,01125;37542,3574852271;1,64233087519433;0,0660674805251899;18,2921665895848;0,518069369469349;8;0
OVCAR-8 R2;bayesynergy;2.5.1;Bayesian;170;PASS;Niraparib (MK-4827);Venetoclax (ABT-199);0,203393433281453;0,203393433281453;0,301503796918872;0,826390137868267;0,0295202379377317;1,30306624679131;0,674596590026298;0,634215555880026;9,37471238673217;0,288154788803054;0,288154788803054;0,427158603749188;0,9515871116255;0,0318586007415828;1,3975953860643;0,674585004899604;0,680874537161444;11,1169379961374;9422,0949549408;131557,039499171;1,33653457759617;0,0600434652854548;46,7379698545405;0,210969938213196;0;0
OVCAR-8 R2;bayesynergy;2.5.1;Bayesian;171;PASS;Cucurbitacin I (JSI-124);Paclitaxel (NSC 125973);0,200085800287322;0,200085800287322;0,296559333011593;0,555815319700935;0,0176984735927968;0,817279068002334;0,67469062010434;0,680111566874555;7,00221957057153;0,541463524252178;0,541463524252178;0,783298443685912;0,995427104687383;0,0272394089745235;1,20363585341367;0,691260819700154;0,827016827277301;7,64538654555706;856,833813358443;13,1207550398253;0,567483234617608;0,0602784993503901;28,3722284859199;0,0927283777481074;0;0
OVCAR-8 R2;bayesynergy;2.5.1;Bayesian;172;PASS;Erlotinib;Olaparib (AZD2281);0,199343606406593;0,199343606406593;0,295455776876868;0,551403935594472;0,0192206984655355;0,823455050023824;0,674698624998184;0,669655665869444;6,22629339230189;0,143786015446666;0,143786015446666;0,213111085191967;0,504261093674554;0,0185812248969132;0,796252804324295;0,674699841714689;0,633292706708234;6,62768347406684;8136,70112602674;21475,8823296404;1,02968812413253;0,0415214257248432;58,9787794637381;0,155434751784468;0;0
OVCAR-8 R2;bayesynergy;2.5.1;Bayesian;173;PASS;Carboplatin (NSC 241240);Sorafenib (Nexavar);0,188005685049238;0,188005685049238;0,278686150553321;0,698637855708737;0,0262871852396435;1,09541451262205;0,674614381360393;0,637817636693225;7,86425911509931;0,271867098264897;0,271867098264897;0,403000114485359;0,855757289766312;0,0284007276409108;1,27267747365391;0,674607992635629;0,672407037510764;8,93310312743648;582788,551216161;7933,413474804;0,742762221750149;0,0771230956146337;15,1849927086058;0,184586408889543;1;0
OVCAR-8 R2;bayesynergy;2.5.1;Bayesian;174;PASS;Niraparib (MK-4827);Pertuzumab (anti-HER2);0,18615391597826;0,18615391597826;0,275931391806722;0,704076430393319;0,025023250674077;1,10797314156703;0,674638411959493;0,63549881697235;6,79080057830191;0,29474455574458;0,29474455574458;0,436922635405009;0,906769853946393;0,027072775283607;1,32703971593428;0,674592094482275;0,683302724898477;8,40936925572976;10272,6067269861;5774048,35635573;1,17507466389122;0,05823088830988;16,893379566969;0,194656561030833;0;0
OVCAR-8 R2;bayesynergy;2.5.1;Bayesian;175;PASS;Luminespib (NVP-AUY922);Trametinib (GSK1120212);0,185304538107522;0,185304538107522;0,274662501507086;0,516942762038844;0,0187129039005171;0,747353660380524;0,674662675431659;0,691739707562691;6,49170805789082;0,875146393791363;0,875146393791363;1,14457254973527;1,24050770164053;0,03085638086689;1,2625965718174;0,764605436320986;0,98250520342767;8,09420857775749;19,157756743488;43,4436969137065;0,951242165744082;0,0511108890887019;24,8037634341305;0,151383615861653;0;0
OVCAR-8 R2;bayesynergy;2.5.1;Bayesian;176;PASS;Gemcitabine (LY-188011) HCl;Olaparib (AZD2281);0,180609235644716;0,180609235644716;0,267723391206829;0,720217479304078;0,0300397661192811;1,19679573228552;0,674611339825689;0,601822805969787;8,54707140844173;3,56266901295761;3,56266901295761;3,80853714453438;4,16901213680016;0,103083864137186;3,52105921844151;0,935442895199377;1,18402215872002;21,9668549637071;37,5558247743091;32147,6756222235;3,45255141560612;0,107786006098357;13,1434911605003;0,560483278422102;0;0
OVCAR-8 R2;bayesynergy;2.5.1;Bayesian;177;PASS;Pertuzumab (anti-HER2);Trametinib (GSK1120212);0,178503078926742;0,178503078926742;0,264582079255138;0,556759895997063;0,0213706862720874;0,839067459585376;0,674660503951252;0,663585195107077;5,99125564344673;0,945626153583062;0,945626153583062;1,3692394604579;1,54641825203191;0,0440163033452934;1,71233783679064;0,690621458767209;0,903103475731339;11,9365941307147;2312094,49143595;55,3878872082617;1,00264414785783;0,0524283962457852;26,0085382471743;0,175540310675996;0;0
OVCAR-8 R2;bayesynergy;2.5.1;Bayesian;178;PASS;Dasatinib (BMS-354825);Olaparib (AZD2281);0,177330344662243;0,177330344662243;0,262861594674926;0,76717966492069;0,037499784340754;1,27992218495647;0,67461488575972;0,599423564555756;10,1198745669134;1,62408008652822;1,62408008652822;2,0801745404611;2,29947477090973;0,0612820600915983;2,3406182495264;0,780742218952558;0,982421961110067;17,1900790943758;69,5096551810401;37834,3261403482;0,824916392823745;0,0806075698439282;14,0210965154107;0,180324129724331;0;0
OVCAR-8 R2;bayesynergy;2.5.1;Bayesian;179;PASS;Niraparib (MK-4827);Vemurafenib (PLX4032);0,176832354459191;0,176832354459191;0,262137530203933;0,745891376157394;0,0304541555795615;1,21414420452356;0,674578547839457;0,614364233201478;11,5898629857915;0,395924702218867;0,395924702218867;0,586927576274722;1,13043572663282;0,0357498956668093;1,63164229584483;0,674571647718164;0,692820803623202;11,0325758319896;9363,80603652387;424426,63551986;1,35039909758133;0,0728130206579473;20,4174393328691;0,271606288919147;0;0
OVCAR-8 R2;bayesynergy;2.5.1;Bayesian;180;PASS;Defactinib (VS-6063, PF-04554878);Paclitaxel (NSC 125973);0,176213842836844;0,176213842836844;0,261213458515482;0,814395960534107;0,0363202095387002;1,31291167125319;0,674597104752164;0,620331571196667;12,0389016077359;6,81069615133802;6,81069615133802;4,22761644239593;7,04533283244688;0,121560298643863;4,19098570650475;1,61100143405587;1,68106820825276;25,1569966069103;23546072,2455179;11,2401914148766;4,33460002388252;0,101949299317714;12,3657041914695;0,583171015617521;0;0
OVCAR-8 R2;bayesynergy;2.5.1;Bayesian;181;PASS;Carboplatin (NSC 241240);Navitoclax (ABT-263);0,174599824883489;0,174599824883489;0,258813198914362;0,741945926834316;0,0274045713725372;1,19938666848125;0,674617158691595;0,618637776637032;9,5994222606613;0,284445333373161;0,284445333373161;0,421656693797167;0,993322450207721;0,0354878899596336;1,53482577018212;0,674589867912757;0,647189061785075;10,6146363001927;453845,215891038;21108,4302156458;1,15292472574778;0,0771615462164182;122,879789413901;0,285924357259226;2;0
OVCAR-8 R2;bayesynergy;2.5.1;Bayesian;182;PASS;Olaparib (AZD2281);Tamoxifen (ICI 46474);0,170621761244007;0,170621761244007;0,252922883639101;0,714978130882275;0,0285881111270745;1,16144573017521;0,674599936506613;0,615627869353685;9,75582557886329;0,448728313983944;0,448728313983944;0,66517431441345;1,16217990392334;0,0389109690629168;1,63899088058466;0,674602588014289;0,709082593253213;11,3102467666237;40119,1087444461;21224,7138929316;1,83131758609478;0,0598740459810902;64,1577947390477;0,363993777875567;0;0
OVCAR-8 R2;bayesynergy;2.5.1;Bayesian;183;PASS;Carboplatin (NSC 241240);Selpercatinib (LOXO-292);0,15759779593289;0,15759779593289;0,233609501153044;0,678710092611189;0,025814505040246;1,14087484315496;0,674620660354233;0,594934454072209;9,57335477806608;0,135075637853638;0,135075637853638;0,20021460596806;0,634173626491994;0,0233203224489339;1,03805239797817;0,674654265109841;0,610926411544524;7,3506340605458;1372008,78834614;23487,4909122871;1,50649350822824;0,0654149557384206;32,4237119185348;0,396834948902597;0;0
OVCAR-8 R2;bayesynergy;2.5.1;Bayesian;184;PASS;Lapatinib Ditosylate (Tykerb);Trametinib (GSK1120212);0,156128806608791;0,156128806608791;0,231403930434492;0,431339849367495;0,0151099113562019;0,618288744572633;0,674702483728941;0,697689485100002;5,49212373424422;0,965729592761713;0,965729592761713;1,20734200662869;1,35118313402255;0,0320314000858408;1,33338509648652;0,799880719348411;1,01334800995071;7,26920152050291;5343,2631510178;54,5433311549181;0,810669312325175;0,0462140450363663;13,2383338072847;0,088843879488396;0;0
OVCAR-8 R2;bayesynergy;2.5.1;Bayesian;185;PASS;Abemaciclib (LY2835219);Carboplatin (NSC 241240);0,154816159442552;0,154816159442552;0,229466611860874;0,514671310141223;0,0207698427809271;0,854776046510324;0,674678369053609;0,602151810994086;8,41686662505672;0,246914632348545;0,246914632348545;0,36598867921084;0,792327616004478;0,0326909570108635;1,24822081725518;0,674651010738782;0,634765583982806;8,29738756142823;285376,036782121;5107806,48556724;1,50058000297356;0,0638557699738839;16,7243231077411;0,413227412899989;6;0
OVCAR-8 R2;bayesynergy;2.5.1;Bayesian;186;PASS;AZD7762;Paclitaxel (NSC 125973);0,148703720484968;0,148703720484968;0,220397846304295;0,50210292376295;0,0194198842084188;0,781575129626825;0,674705869310802;0,64246563847551;5,43684063597176;0,644256021560977;0,644256021560977;0,925123854455548;1,20377203439837;0,0346732351631693;1,45847358323102;0,696399750647586;0,825364304323973;9,66931836525938;292,740595852352;12,9042813784439;0,955891203501228;0,075253486944527;42,1187535558041;0,16639970751323;0;0
OVCAR-8 R2;bayesynergy;2.5.1;Bayesian;187;PASS;Crizotinib (PF-02341066);Paclitaxel (NSC 125973);0,147486206794574;0,147486206794574;0,218576512237004;0,394210737988337;0,0163470946080096;0,59039188466007;0,674757801216322;0,667764158529104;6,5590026362972;17,8995851406419;17,8995851406419;3,88397573024222;17,7627255880967;0,109012102842589;4,12520990654671;4,60857286034731;4,3058961823754;32,4714548730379;8034,87167069799;12,9634650327999;336,640867241317;0,0771558516256709;2,88518786424704;1,60618127301242;0;0
OVCAR-8 R2;bayesynergy;2.5.1;Bayesian;188;PASS;Niraparib (MK-4827);Volasertib (BI 6727);0,137061452514747;0,137061452514747;0,203167187072817;0,617726343914438;0,0343999302147296;1,0845038357985;0,674623961130214;0,569631527944265;11,3430798806674;7,07905331991289;7,07905331991289;5,94772261392937;7,32587829660245;0,208670550337927;5,03938815627713;1,1902124190079;1,45372375959515;22,4066163105045;11084,3269690158;321,725152007035;4,22069245081763;0,0803457989024041;11,1975186431563;0,814231618033571;0;0
OVCAR-8 R2;bayesynergy;2.5.1;Bayesian;189;PASS;Dexamethasone;Paclitaxel (NSC 125973);0,13535720661613;0,13535720661613;0,200633801226867;0,540489123671916;0,0218595009786335;0,864060930846053;0,674648069210805;0,625563553654448;6,72066591235476;1,37998221176836;1,37998221176836;1,71357611423018;1,86307373978877;0,0529655684629561;1,81407802438918;0,805322973580495;1,02700860422808;10,8965715853515;600830,400103862;11,1268400700501;1,04618444461598;0,0559260495686316;21,4589705969248;0,165183194444817;0;0
OVCAR-8 R2;bayesynergy;2.5.1;Bayesian;190;PASS;Quinacrine;Trametinib (GSK1120212);0,128664304968237;0,128664304968237;0,190708474942082;0,464929576231644;0,0159909477109648;0,736162143125819;0,674664851718375;0,631606474230208;6,66403086328495;0,630337696754928;0,630337696754928;0,925621683052108;1,22931884134146;0,033232660626237;1,45785846479973;0,680988473256674;0,843236069223175;9,09362946558813;22997,6965665415;54,3138435151617;0,84884519388611;0,05417059413917;34,3693652990212;0,129884895079239;0;0
OVCAR-8 R2;bayesynergy;2.5.1;Bayesian;191;PASS;Cucurbitacin I (JSI-124);Olaparib (AZD2281);0,126545956731451;0,126545956731451;0,187566919075508;0,534651914246988;0,0204112085132853;0,864176232239429;0,674670977991104;0,618725163992677;6,84033543784593;0,543470888679175;0,543470888679175;0,793018849846525;0,990004083336995;0,0281971217096974;1,21586023858459;0,685319004440253;0,814241680021938;7,7677793644757;896,003645002943;43513,1399124777;0,954639805601792;0,0552525141131592;15,6680453549145;0,161552969143142;0;0
OVCAR-8 R2;bayesynergy;2.5.1;Bayesian;192;PASS;Olaparib (AZD2281);Vismodegib (GDC-0449);0,124765899244702;0,124765899244702;0,184941924027804;0,686105541432258;0,0311102252216337;1,13516032748458;0,674622046356265;0,604449338223563;11,1248977671954;0,537013625122213;0,537013625122213;0,796048409080711;1,18719891085284;0,0371574675514806;1,53647388854616;0,674599206526102;0,77267757018389;9,55530732233763;24782,5632131661;75037,6989748695;1,85437854206494;0,0555388143007508;13,1752087217338;0,551646466684862;0;0
OVCAR-8 R2;bayesynergy;2.5.1;Bayesian;193;PASS;Niraparib (MK-4827);Vinorelbine ditartrate (Navelbine);0,124469600783325;0,124469600783325;0,184505959299296;0,664906953022836;0,0336603454840856;1,1308365140364;0,674610192841611;0,588018081609986;9,5334701848703;16,4681631952813;16,4681631952813;3,18689759575647;16,6574052974202;0,0799810004804778;3,24578919233904;5,167459166937;5,13200467138664;27,1742979486718;10757,5856934671;209,544869730352;61258,6051828866;0,0694437982995592;4,86647869067635;1,64487128246687;0;0
OVCAR-8 R2;bayesynergy;2.5.1;Bayesian;194;PASS;Idasanutlin (RG-7388);Olaparib (AZD2281);0,123837401366054;0,123837401366054;0,183565429838618;0,603581927384628;0,0236560730465339;1,01625459305877;0,674622675276742;0,593968442574003;8,72961550912781;0,530958671864655;0,530958671864655;0,787089691545514;1,195233991292;0,0394012101404646;1,5849493625008;0,674584710698059;0,754114938666628;8,92847230757635;13890,1575900789;22442,7422744758;1,08963024530815;0,0507602428018787;18,1781039157699;0,258984960151443;0;0
OVCAR-8 R2;bayesynergy;2.5.1;Bayesian;195;PASS;Carboplatin (NSC 241240);Flunarizine 2HCl;0,119546664791788;0,119546664791788;0,177194485129249;0,599592934285595;0,0262796289760719;1,08807410013932;0,674663574910861;0,551095962762511;12,3967892844934;0,283381128312773;0,283381128312773;0,420070572983593;0,861337687173337;0,03134466842108;1,28513945969625;0,674603617911225;0,670228962837167;9,78977252088367;60845,9234158337;323172,807517128;2,29982488967335;0,077502750340741;89,3929222392066;0,544629011946488;1;0
OVCAR-8 R2;bayesynergy;2.5.1;Bayesian;196;PASS;AZD7762;Olaparib (AZD2281);0,114318843611646;0,114318843611646;0,169449513211911;0,662782892588859;0,0499806105203711;1,28546207719905;0,6746484037914;0,515626442104294;10,3663726498058;1,43159932847553;1,43159932847553;1,95608296921132;2,01516471313123;0,0585116335526759;2,02908639757655;0,731870452843185;0,993138939543458;11,2669791866142;305,572952098763;23593,342132048;2,66376069367031;0,0672541962766808;23,7652833819901;0,470048936303937;0;0
OVCAR-8 R2;bayesynergy;2.5.1;Bayesian;197;PASS;Afatinib (BIBW2992);Olaparib (AZD2281);0,110039779951148;0,110039779951148;0,163117930208927;0,679657394554278;0,0256436585715313;1,17748838478495;0,674602600769919;0,577247258167498;8,37428559331854;1,21382640022178;1,21382640022178;1,77336623582508;1,9752280494283;0,0549583427194257;2,29050174927552;0,684475871763193;0,862356053669492;14,0028256662483;4556,37756851032;42984,6086670542;1,16636831247383;0,0769812750731138;13,9030482662199;0,243629602179257;0;0
OVCAR-8 R2;bayesynergy;2.5.1;Bayesian;198;PASS;Carboplatin (NSC 241240);Temsirolimus (CCI-779);0,104941593989135;0,104941593989135;0,155550366718823;0,516758002492812;0,0228780799511152;0,87320529180273;0,674647036858681;0,59184110145994;8,21076202807837;0,922955648299914;0,922955648299914;1,29477012882082;1,60574108241458;0,0476525489208569;1,91588240184259;0,712833597065195;0,838120899732816;12,3867723047709;28270432,5640976;127,532804074602;1,77014598519733;0,0781501352287274;15,1430849613109;0,414427735527522;0;0
OVCAR-8 R2;bayesynergy;2.5.1;Bayesian;199;PASS;Mebendalzole;Olaparib (AZD2281);0,102204223128094;0,102204223128094;0,151491907495447;0,571510105280613;0,0263024892088525;0,964950756959153;0,674651371269883;0,592316955819985;6,93810154652339;3,37813892055859;3,37813892055859;2,85036399248225;3,56631730967853;0,0789565797998972;2,6276667302626;1,18516053720449;1,35721827604908;15,971007864648;493,072534837584;119489,977505909;2,74498038055006;0,0733682813036099;10,8146008232033;0,453533214266777;1;0
OVCAR-8 R2;bayesynergy;2.5.1;Bayesian;200;PASS;Carboplatin (NSC 241240);Vinorelbine ditartrate (Navelbine);0,0977168126073327;0,0977168126073327;0,144814274168903;0,324997119282155;0,0140543071390954;0,525860734950155;0,674773347918461;0,618093995083973;4,70682042789444;5,52235502663861;5,52235502663861;2,22415194393195;5,5351232577646;0,0707796798875874;2,31330497939009;2,48290367108461;2,39273390542044;14,2674700098818;4881726,56843195;206,44891586726;13,9826562957345;0,0703843940239952;8,14731985974291;0,819649494346345;0;0
OVCAR-8 R2;bayesynergy;2.5.1;Bayesian;201;PASS;Niraparib (MK-4827);Vismodegib (GDC-0449);0,0902185509086513;0,0902185509086513;0,133725949991996;0,532565209508458;0,0218776685562959;0,956201837858512;0,674652533139984;0,557004179619262;8,88633150120128;0,793848039380309;0,793848039380309;1,17681448828245;1,57287227640006;0,0419586514969797;1,9523151093745;0,674573645451054;0,805644677361529;13,5593213186749;9851,06006803078;501744,229835033;1,33759304870822;0,0630220302462502;18,4296404159005;0,280775589083608;0;0
OVCAR-8 R2;bayesynergy;2.5.1;Bayesian;202;PASS;Carboplatin (NSC 241240);Lapatinib Ditosylate (Tykerb);0,0847320390211201;0,0847320390211201;0,125575393030811;0,377074108834434;0,0162768052533936;0,676238929947429;0,674750339028046;0,557656385265834;6,86023089872076;0,362453340924823;0,362453340924823;0,535787661983342;0,791668099043647;0,0228647421266508;1,03799787319008;0,676486911966427;0,762687592615783;8,44291791593333;136012,293900829;5702,96966915542;1,08843188130264;0,0735202912702596;23,0206048041825;0,211541469525531;2;0
OVCAR-8 R2;bayesynergy;2.5.1;Bayesian;203;PASS;AZD8055;Niraparib (MK-4827);0,0763725127120089;0,0763725127120089;0,113192144618207;0,437691391865301;0,0168026795160785;0,740158288862422;0,674715661317408;0,591406676897276;5,65097770072641;0,95615938204606;0,95615938204606;1,36776623874862;1,53784012620442;0,0412708278423265;1,6446493701799;0,699066371839135;0,935056525778625;10,3693389111692;171,093177942487;8520,99972291733;1,0465159941179;0,0565037274608124;53,7696365531237;0,112069463956529;0;0
OVCAR-8 R2;bayesynergy;2.5.1;Bayesian;204;PASS;AZD8055;Olaparib (AZD2281);0,0752278920317935;0,0752278920317935;0,111497184519183;0,454322368682255;0,0221581948851001;0,799312524655371;0,674706651618188;0,568443375432859;6,46894212633401;1,32403081637967;1,32403081637967;1,65667544800057;1,77064513936826;0,0429535716443631;1,67237592039253;0,79920953616934;1,05876024509649;8,53880426129257;168,793180063014;24088,3301479956;0,938537015536818;0,0531693222692605;15,7603660351764;0,136794811910144;0;0
OVCAR-8 R2;bayesynergy;2.5.1;Bayesian;205;PASS;Fludarabine (Fludara);Olaparib (AZD2281);0,0719603180502412;0,0719603180502412;0,106666986520238;0,595289778323709;0,0272244688026933;1,10055897518777;0,67462595876924;0,540938556485854;10,248658740172;1,1167749402379;1,1167749402379;1,64512412611115;1,87788621292071;0,0561551964361545;2,15610941217926;0,678839318269435;0,870960537676361;14,7803215746669;4802,07054354723;43515,6507608869;1,52517084691345;0,0675217238114072;40,7122730463956;0,21329830052461;0;0
OVCAR-8 R2;bayesynergy;2.5.1;Bayesian;206;PASS;Crizotinib (PF-02341066);Niraparib (MK-4827);0,0672413201984029;0,0672413201984029;0,0996674672942321;0,516197328289163;0,0248406771990813;0,94538510100266;0,674656656016925;0,546064302191352;7,21680586973084;1,06066861962637;1,06066861962637;1,52140645238369;1,70785188768906;0,0468690968407636;1,93964147236635;0,697163218917964;0,880498747846164;12,4391944123034;7980,67210763668;8155,40008528723;1,28008716372993;0,062719682311602;15,0683717031124;0,215311596788223;0;0
OVCAR-8 R2;bayesynergy;2.5.1;Bayesian;207;PASS;Carboplatin (NSC 241240);Defactinib (VS-6063, PF-04554878);0,0658905233757592;0,0658905233757592;0,0976596290665905;0,676915946949206;0,0951342907049807;1,34851914304192;0,674695613791762;0,502002708704907;9,72758177925333;0,399993094494788;0,399993094494788;0,592930373941799;1,25458786439416;0,0595568952142755;1,81804473126137;0,674603818717593;0,69007535558474;12,7020176381373;199835,983487331;367638,275946382;1,81691031791378;0,103328106588046;14,4397121838919;0,72210182617554;5;0
OVCAR-8 R2;bayesynergy;2.5.1;Bayesian;208;PASS;Dabrafenib ;Olaparib (AZD2281);0,0631574415785895;0,0631574415785895;0,0936155976862721;0,483168422000227;0,0210898268713732;0,864188747372455;0,67464656680658;0,55915481532999;9,51167543081199;0,694751172905604;0,694751172905604;1,02990046353867;1,56763986157862;0,0483403230161812;1,98814651976684;0,674580891553814;0,788493124622662;11,1018122716839;7222,49010937889;32472,6498470534;1,29461307781035;0,0579850766084715;20,9725550622457;0,353556185251747;0;0
OVCAR-8 R2;bayesynergy;2.5.1;Bayesian;209;PASS;Flunarizine 2HCl;Niraparib (MK-4827);0,0625894007576027;0,0625894007576027;0,0927673950386117;0,550528810571442;0,0265928537678576;1,02501767079715;0,6746918001907;0,537134378019372;10,1106951811198;0,880649891546496;0,880649891546496;1,30501807604877;1,619846623751;0,0493556773188006;2,03014816833844;0,674818155939154;0,797895763971139;14,733568110352;13959254,5219015;11368,8074578825;1,19791215100647;0,0675524339860114;21,6237051553933;0,314863983221888;0;0
OVCAR-8 R2;bayesynergy;2.5.1;Bayesian;210;PASS;Carboplatin (NSC 241240);Luminespib (NVP-AUY922);0,0623406615183722;0,0623406615183722;0,0923953151972751;0,445533669861592;0,0225811907793492;0,774304691498214;0,674716692997555;0,575454358014522;5,52562777506979;1,07723066579929;1,07723066579929;1,42306550829875;1,75710735260714;0,118023689800126;2,43571318908271;0,756978972167697;0,721393372784117;21,7199721515331;255978,122475537;19,9666488344935;1,50747454352229;0,0737335951122701;16,4620447235935;0,4292976656159;4;0
OVCAR-8 R2;bayesynergy;2.5.1;Bayesian;211;PASS;Olaparib (AZD2281);Venetoclax (ABT-199);0,0583985533813144;0,0583985533813144;0,0865595004383122;0,531220083426533;0,0257657530592266;0,977178037692329;0,674663706301458;0,543673016584602;9,20417305290467;0,616737730700819;0,616737730700819;0,914265140581731;1,40675551838528;0,0452463058721422;1,84275413778378;0,674572072504481;0,763398377212244;14,7861593895732;28490,0896300404;433812,705603011;1,66770896000649;0,0604002901044571;14,5169418773758;0,396301766350413;0;0
OVCAR-8 R2;bayesynergy;2.5.1;Bayesian;212;PASS;Lapatinib Ditosylate (Tykerb);Olaparib (AZD2281);0,0583667735174318;0,0583667735174318;0,0865026352548987;0,391013480189191;0,0176272068923307;0,725797873365418;0,674739831283076;0,538793697041974;6,90048517436341;0,694188191633545;0,694188191633545;0,983971764607206;1,27458811206958;0,0385507569203105;1,46942593379492;0,705496048365432;0,86740548315889;8,00850753721167;6165,28312382347;9180728,89897134;1,28840943618413;0,0642188202084574;17,288677101524;0,26163061003528;0;0
OVCAR-8 R2;bayesynergy;2.5.1;Bayesian;213;PASS;Niraparib (MK-4827);Tamoxifen (ICI 46474);0,0559369005901469;0,0559369005901469;0,0829121152911672;0,530827620293106;0,0236993347062608;0,988661272987978;0,674652918861256;0,536962342915595;9,07715519729158;1,04830044846196;1,04830044846196;1,54568203809152;1,84781079449916;0,0527757961002864;2,16287306581442;0,678212221289909;0,854331594259959;14,4594505538571;9471,85804229121;32641,0490890062;1,36773654771776;0,0667475275466193;23,2565861860169;0,289582790286936;0;0
OVCAR-8 R2;bayesynergy;2.5.1;Bayesian;214;PASS;Niraparib (MK-4827);Quinacrine;0,0554735063639099;0,0554735063639099;0,0822224731747196;0,513677553831385;0,0229233137900509;0,999098451179095;0,674675720906994;0,514186986866046;7,70784374025523;0,868880522066775;0,868880522066775;1,28745450554768;1,62268068205574;0,0484299636195059;1,98902717176742;0,674882505224644;0,815816246800616;13,1662633385946;9751,72906959801;24029,4207873865;1,40848618422805;0,0569769617152431;23,484441277558;0,261467515712445;0;0
OVCAR-8 R2;bayesynergy;2.5.1;Bayesian;215;PASS;Niraparib (MK-4827);Palbociclib;0,052245440127001;0,052245440127001;0,0774406499591072;0,647218495355846;0,0323763272160455;1,18580459254545;0,674651364039292;0,545844239716377;10,5429763710254;1,24734608424546;1,24734608424546;1,75932398932289;2,01264726251974;0,058736595528421;2,26573136097197;0,708991687611518;0,888299159021366;16,4725896625886;9145,33900779037;12998,9683660827;1,57087271972192;0,0704130752130484;13,3444696262984;0,384704900906465;0;0
OVCAR-8 R2;bayesynergy;2.5.1;Bayesian;216;PASS;Gemcitabine (LY-188011) HCl;Niraparib (MK-4827);0,0507999321091425;0,0507999321091425;0,0752954853892503;0,452972759194452;0,0202768463175322;0,835032383196358;0,674674342645184;0,542521936708846;10,5549148507965;5,15260920074163;5,15260920074163;5,68439211689811;6,04214103782556;0,21020575507953;5,05590199954089;0,906448586722996;1,19506688190836;25,618422900237;20,2354940142414;9939,46584673931;2,22950911477369;0,126548381960163;12,7405599383307;0,595208480934545;0;0
OVCAR-8 R2;bayesynergy;2.5.1;Bayesian;217;PASS;Alectinib (CH5424802);Olaparib (AZD2281);0,0466952959608521;0,0466952959608521;0,06920892435469;0,424752698969214;0,0198958885607027;0,835271780373859;0,674700501362261;0,508572683586283;8,41562977240088;0,579329246669723;0,579329246669723;0,858783011480654;1,34500101459621;0,0421085398956295;1,80867439562769;0,674593277841958;0,743639108204124;12,2994780123998;297146,615994468;27965,9042255805;2,00632584552804;0,0685370314763946;16,2875314711326;0,509928793218368;1;0
OVCAR-8 R2;bayesynergy;2.5.1;Bayesian;218;PASS;Carboplatin (NSC 241240);Fludarabine (Fludara);0,0445168403188538;0,0445168403188538;0,0659813809013761;0,559049545007114;0,0256282275171818;1,10710777584675;0,674687915146762;0,505008361413092;7,80429511285337;1,13639938899453;1,13639938899453;1,66134649737503;1,91595691339695;0,052585823220963;2,23723006048523;0,684023104626321;0,856396911179264;15,2432896575078;30030489,5957572;4507,37564267521;0,789195554848377;0,0891380465379972;35,9139585415826;0,179788383674542;0;0
OVCAR-8 R2;bayesynergy;2.5.1;Bayesian;219;PASS;Carboplatin (NSC 241240);Pictilisib (GDC-0941);0,0444624099454847;0,0444624099454847;0,0658945198749345;0,381140456963193;0,0160724833965255;0,7277171196896;0,674751254427117;0,523810469915437;8,14576580103883;1,56151508043333;1,56151508043333;2,1305623422901;2,31038307039795;0,0618392999861599;2,32132152371538;0,732912175080919;0,995287833587172;14,6459682933136;235488,50937358;2893,01134843895;1,25856579399972;0,0904057798393178;19,1088090374486;0,204148679954229;0;0
OVCAR-8 R2;bayesynergy;2.5.1;Bayesian;220;PASS;Metformin;Niraparib (MK-4827);0,0413581389221927;0,0413581389221927;0,0612954940727051;0,399189981685441;0,0176991652007889;0,755988350056167;0,674733755684163;0,52809918097532;6,51920303495523;1,25293052359295;1,25293052359295;1,81739185125809;1,9821890072859;0,0495726465449191;2,18264925068053;0,689411324654948;0,908157371903836;11,5043190572165;31967737,950168;10601,1970459241;1,79060146940297;0,0592729118189533;25,473201554249;0,385677681562519;0;0
OVCAR-8 R2;bayesynergy;2.5.1;Bayesian;221;PASS;Simvastatin (MK 733);Carboplatin (NSC 241240);0,0407871247840198;0,0407871247840198;0,0604457746817772;0,42406348271312;0,0214503910802343;0,866348288507211;0,674772140794749;0,489534878018656;7,96547129583422;0,432207210536057;0,432207210536057;0,640679352116211;1,17224506646193;0,0442451703582421;1,68352253387529;0,674607678721726;0,696304945656741;10,9541247810045;45255,0810953042;81744,2219687576;2,23297311746124;0,0700767969653989;15,5053835175465;0,56433209653239;0;0
OVCAR-8 R2;bayesynergy;2.5.1;Bayesian;224;PASS;Carboplatin (NSC 241240);Mebendalzole;0,0343829712275766;0,0343829712275766;0,0509515142321596;0,351499422296091;0,0166656765804931;0,675927377632445;0,674817456276397;0,520095810639533;5,46257632513628;3,72245964436364;3,72245964436364;3,38460381283981;3,94617184238972;0,0810257407606888;2,88280074436363;1,09982138241473;1,36886735932241;14,7063789633714;653861,944147694;536,686868834583;3,01801961817676;0,0834396720747754;27,5118429408577;0,556087447252214;0;0
OVCAR-8 R2;bayesynergy;2.5.1;Bayesian;225;PASS;Mebendalzole;Niraparib (MK-4827);0,0294300245339526;0,0294300245339526;0,0436153497511511;0,379705754194169;0,0208335635594203;0,74089515282344;0,674763006644832;0,512566365544776;9,37772277978858;12,6712216982073;12,6712216982073;5,30109758071711;12,5042309273136;0,160963317882528;5,10260065921258;2,39030153760973;2,45056036371132;30,5873738167757;561,488222569442;11698,3090018347;35,6090589367122;0,0783838620213145;11,6335481046383;1,32921694043821;0;0
OVCAR-8 R2;bayesynergy;2.5.1;Bayesian;226;PASS;Carboplatin (NSC 241240);LJH-685;0,029217419972637;0,029217419972637;0,0432954941583877;0,370107539546274;0,018788894855724;0,74966113111785;0,674837429173369;0,49376029945033;6,57324718651874;0,311063158500632;0,311063158500632;0,461088681102599;0,892246837878829;0,0302200158273613;1,314951470602;0,674627617743267;0,678539746771298;8,99619197504952;459868777,660155;993536,347745493;1,81085338676812;0,0689373385104752;22,6687002668601;0,592207161325522;2;0
OVCAR-8 R2;bayesynergy;2.5.1;Bayesian;227;PASS;Carboplatin (NSC 241240);Dasatinib (BMS-354825);0,0286064127274553;0,0286064127274553;0,0423968676306483;0,382378010025855;0,0166255082270147;0,713275052105202;0,674729392196323;0,536160053290939;6,31751123374815;2,53731171459074;2,53731171459074;2,78856898157104;3,18194505580756;0,0744150160441574;2,84777282621286;0,909897417406279;1,11734511493288;17,0475570703;475113,511239574;162,058074542514;1,64717624226618;0,0903199854470557;159,27840741589;0,197757823628146;0;0
OVCAR-8 R2;bayesynergy;2.5.1;Bayesian;228;PASS;Afatinib (BIBW2992);Carboplatin (NSC 241240);0,0266415692419789;0,0266415692419789;0,0394805440651324;0,395386769429661;0,0179203215225242;0,779225500894805;0,674802484941123;0,507471544311188;6,09763725466475;0,957391825483163;0,957391825483163;1,41549721604363;1,79657480855137;0,0528046050021436;2,10420323873523;0,676364329531574;0,853802891032156;14,4003996150939;4687,63194731319;640845,890393542;1,36661986718478;0,0743341224801207;18,4539124334827;0,24727065910965;0;0
OVCAR-8 R2;bayesynergy;2.5.1;Bayesian;229;PASS;Carboplatin (NSC 241240);Olaparib (AZD2281);0,0260519930744168;0,0260519930744168;0,0386082711576471;0,386049858135571;0,0184846208138759;0,747120863513746;0,674777509928897;0,516782695881935;6,14046232798538;0,503848194990523;0,503848194990523;0,746893819681081;1,23470235927804;0,0370513581304286;1,71103146587479;0,674591463624191;0,721612889010654;13,5912807584323;193226,789458258;28235,7147603261;1,47027755789787;0,0711245821517826;24,278359877062;0,448962965241842;0;0
OVCAR-8 R2;bayesynergy;2.5.1;Bayesian;230;PASS;Selumetinib (AZD6244);Trametinib (GSK1120212);0,0233657238498642;0,0233657238498642;0,0346258753119036;0,305257063712027;0,015346338955812;0,597605632972419;0,674805290534607;0,510884579060268;6,59481103078079;4,40754552648427;4,40754552648427;2,47612277062728;4,43792495712545;0,0911096646283086;2,44842044226002;1,78001897917514;1,81256653494896;14,0519634918385;24216,5622674187;47,5631391330309;5,95589328350552;0,0533060261022748;19,3935258584455;0,26590318805677;0;0
OVCAR-8 R2;bayesynergy;2.5.1;Bayesian;231;PASS;Nutlin-3a;Olaparib (AZD2281);0,0202960267108846;0,0202960267108846;0,0300774322390941;0,928755906073197;0,184049665743749;2,29643911580823;0,674792533802277;0,404453590888421;14,2595308750634;1,10841590734801;1,10841590734801;1,60209297122997;1,8405021773456;0,0551335438757286;2,08085328769402;0,691854921813343;0,884493966119649;11,1312100963177;4963997,23428873;21139,4857611302;1,89870895590654;0,0501268566207237;21,4918273804096;0,762470634114137;0;0
OVCAR-8 R2;bayesynergy;2.5.1;Bayesian;232;PASS;Alpelisib (BYL719);Carboplatin (NSC 241240);0,018630434702273;0,018630434702273;0,0276050806376579;0,310265354149555;0,0156500536553481;0,644947369919205;0,674891515327;0,481151817743404;6,89222035359874;1,3468198031321;1,3468198031321;1,87420209967201;2,15180465823765;0,0586183909197903;2,3378164192588;0,718609697090723;0,920433546668252;12,5754101552155;24426,2323827525;8141967,94874533;2,73850087593252;0,0671651366529175;12,8422583205862;0,737290277528431;0;0
OVCAR-8 R2;bayesynergy;2.5.1;Bayesian;233;PASS;Abemaciclib (LY2835219);Olaparib (AZD2281);0,0157893661557234;0,0157893661557234;0,02339507285754;0,274644391690296;0,0137629411340173;0,590733765319452;0,6749013457607;0,465007099159932;9,14281624362342;1,22031085924675;1,22031085924675;1,73932003282964;2,01838715346443;0,0538508020044507;2,21610024954729;0,70160225617678;0,910783324841352;11,8144198557587;333702584,750591;41427,5461685921;1,93475089292238;0,0598368539652146;24,5794670152985;0,635590003432231;0;0
OVCAR-8 R2;bayesynergy;2.5.1;Bayesian;234;PASS;Carboplatin (NSC 241240);Vismodegib (GDC-0449);0,014837618390986;0,014837618390986;0,0219826229565251;0,285431098973485;0,0168637739231361;0,591109343478889;0,674970335447699;0,482962204338921;5,29952217719993;0,544719112226199;0,544719112226199;0,807487151599987;1,38104431824603;0,0495777061794681;1,83812391405072;0,67458548553605;0,751333632998979;10,2207933537031;591237211,405148;2876511,21033313;2,43346724546979;0,0766239961225763;26,51293946902;0,951685520460551;33;0
OVCAR-8 R2;bayesynergy;2.5.1;Bayesian;235;PASS;Carboplatin (NSC 241240);Cobimetinib;0,0146120754401652;0,0146120754401652;0,021649996460973;0,294816327390548;0,0158707344135654;0,627170536518396;0,674922763451967;0,47015629245172;5,84413422749847;3,37773711489464;3,37773711489464;3,23388159221403;3,78080373553734;0,0927060527888568;2,93891837091337;1,04448385587987;1,2864609554849;16,0042527797203;981113,41382836;1682,34622692839;2,66371108619137;0,081470392888939;25,6538688826535;0,362291240274171;0;0
OVCAR-8 R2;bayesynergy;2.5.1;Bayesian;236;PASS;LJH-685;Trametinib (GSK1120212);0,0131808182862432;0,0131808182862432;0,0195273887086492;0,226598137192037;0,0128354419886183;0,457347212347463;0,67499134077282;0,495570054048419;3,98108063584104;1,99437718403169;1,99437718403169;1,89924441793535;2,25679840155024;0,0538934431782711;1,78782326046152;1,0500897963411;1,2623162767038;11,0192047830091;1147857,47739316;59,2585762750411;1,98798126930516;0,0456632077879671;20,3815846534472;0,198227616954313;0;0
OVCAR-8 R2;bayesynergy;2.5.1;Bayesian;237;PASS;Carboplatin (NSC 241240);Niraparib (MK-4827);0,0122938188196427;0,0122938188196427;0,0182144634515905;0,364358048344102;0,0178006555171417;0,779114612114192;0,674948172495807;0,467725189704742;8,71786144363155;1,49191468051111;1,49191468051111;2,10730730414203;2,3395007502551;0,0549730258095191;2,60586110929043;0,707972053994531;0,897784130518047;16,1968405501452;124364,980075385;13150,0428916495;1,75325283982638;0,0796506485074206;46,6819090027297;0,336960885127767;0;0
OVCAR-8 R2;bayesynergy;2.5.1;Bayesian;238;PASS;Trametinib (GSK1120212);Venetoclax (ABT-199);0,0121739428537858;0,0121739428537858;0,0180335519785024;0,192758399215508;0,00951901352885433;0,38006373155062;0,675071825467233;0,507316281138277;4,77957969241745;3,55637452211102;3,55637452211102;2,51418798009921;3,66611450473851;0,0699362892811004;2,31074035164625;1,4145221241455;1,58655406788852;12,4682564410026;73,4209959305112;48313,4767570163;2,24962907373491;0,0449783062812314;16,6566888690887;0,326521954188498;0;0
OVCAR-8 R2;bayesynergy;2.5.1;Bayesian;239;PASS;Carboplatin (NSC 241240);Pertuzumab (anti-HER2);0,0117873478449814;0,0117873478449814;0,0174594534032377;0,291522654082625;0,0185875850335689;0,683787498693581;0,675126968338853;0,426405178080167;7,38373237938014;0,40526732298724;0,40526732298724;0,600722412243789;0,949530111816321;0,0281859022708713;1,27899714006994;0,674633266092913;0,742402060230095;8,71344186496625;41868577,0210206;615065,188334811;1,92812913672383;0,0729409684944723;22,1675377589915;0,877992907096349;1;0
OVCAR-8 R2;bayesynergy;2.5.1;Bayesian;240;PASS;Cobimetinib;Olaparib (AZD2281);0,011755567790139;0,011755567790139;0,0174167068243856;0,312815333156855;0,0162650945716063;0,67879753671454;0,674959273797945;0,460913915512094;10,1086127081258;2,35740233218155;2,35740233218155;2,74176800357263;2,96922453696908;0,0726492818356538;2,72776412177745;0,859811015778784;1,08851953629857;14,1035546182435;1819,53046175189;29959,3175600694;1,59014142017253;0,0675771209528168;17,9721830768102;0,219280834967275;0;0
OVCAR-8 R2;bayesynergy;2.5.1;Bayesian;241;PASS;Carboplatin (NSC 241240);Metformin;0,0115773008154644;0,0115773008154644;0,0171497248098743;0,196396920887936;0,012957060246771;0,423542796788125;0,675072104293969;0,46381464298849;3,93629345269539;0,211147149240455;0,211147149240455;0,31294757533146;0,618948126186028;0,0205029553152744;0,933394151971038;0,674704538026272;0,663115496148119;7,41013524590374;66658089,0560548;139502444,05763;2,30903749102525;0,0679225978493029;16,0154427387679;0,686039742027157;16;0
OVCAR-8 R2;bayesynergy;2.5.1;Bayesian;242;PASS;Olaparib (AZD2281);Pertuzumab (anti-HER2);0,0114676781904737;0,0114676781904737;0,0169889659916723;0,2649721111466;0,0145449049420237;0,587860811440311;0,675007425177905;0,450824183714948;5,69794932869036;0,663676463948664;0,663676463948664;0,98201038537872;1,32757781986542;0,0372530112888242;1,62847816271094;0,675834465531352;0,815226049857118;10,0030617379876;20391,8149844672;166872952,776545;1,7333867376709;0,0549501049665069;21,7198066590925;0,525503644444379;1;0
OVCAR-8 R2;bayesynergy;2.5.1;Bayesian;243;PASS;LJH-685;Niraparib (MK-4827);0,0103145438882854;0,0103145438882854;0,0152823958205399;0,406446275210732;0,0190383503424032;0,854153501942784;0,674929769481724;0,475907638392009;7,84019273004079;1,61059063329946;1,61059063329946;2,18288115367123;2,25684132278447;0,0581924826314878;2,29341630117071;0,737827907209114;0,984052185219244;13,6069450367095;7644582455,33328;8018,27526269425;1,65679784459494;0,0579996660496286;15,6601312662852;0,399326275351824;0;0
OVCAR-8 R2;bayesynergy;2.5.1;Bayesian;244;PASS;Niraparib (MK-4827);Ruxolitinib (INCB018424);0,00838542065484229;0,00838542065484229;0,0124223346058219;0,321159836304319;0,0170971361297557;0,67065795365488;0,675027756128252;0,478951304721263;8,01103872842005;1,23660064188891;1,23660064188891;1,80953277735329;1,96035321843955;0,0522346776996055;2,1192947532201;0,683381178481676;0,925002629040131;12,4841008489225;10240,9000856914;6727703637,48259;1,59901455847484;0,0625545567736797;16,49698434065;0,330233542075013;3;0
OVCAR-8 R2;bayesynergy;2.5.1;Bayesian;245;PASS;Carboplatin (NSC 241240);Vemurafenib (PLX4032);0,00558030798835733;0,00558030798835733;0,00826490348661882;0,263757693268492;0,0164950081778808;0,632022119831122;0,675181264656273;0,41740576530646;6,35114941908577;0,548991161397621;0,548991161397621;0,813786171785923;1,22397933588901;0,042546442356452;1,59251560632055;0,674613529242963;0,768582317831707;9,43346461051938;783670,61499051;82329976,2261282;2,55819033297039;0,0788329996757084;18,9216059839035;0,929437138685128;21;0
OVCAR-8 R2;bayesynergy;2.5.1;Bayesian;246;PASS;Alectinib (CH5424802);Carboplatin (NSC 241240);0,00493210726150246;0,00493210726150246;0,00730363247692179;0,254785980878957;0,0173065108884503;0,60865694326864;0,675295105153094;0,418692017493525;6,14579061330507;0,456865638115779;0,456865638115779;0,67723683052733;1,19011060681346;0,0414567879444519;1,65709514980086;0,674602469213082;0,718190869701407;13,2291030116239;5084277366,53549;464919,427525439;1,70490656264097;0,071319588227027;57,334786033788;0,716465557308716;6;0
OVCAR-8 R2;bayesynergy;2.5.1;Bayesian;247;PASS;LJH-685;Olaparib (AZD2281);0,00471830395727191;0,00471830395727191;0,00698421787779552;0,267468266105283;0,0141405960985293;0,618571613975283;0,675566547296944;0,432484374446936;6,21566212628372;1,16282179429833;1,16282179429833;1,67991717646416;1,82678093449752;0,0508688549194168;1,95869641613277;0,692189954713006;0,932651389695343;11,5725643471769;220567,314668061;28751,2509038833;1,85619138739063;0,0517170182701237;17,7619039742071;0,579385116674623;0;0
OVCAR-8 R2;bayesynergy;2.5.1;Bayesian;248;PASS;Ruxolitinib (INCB018424);Carboplatin (NSC 241240);0,00266162080680875;0,00266162080680875;0,00393955017131784;0,153584645642179;0,00830451158202189;0,353584277662648;0,675615410659537;0,434517920903279;3,47394235459331;0,327468903210028;0,327468903210028;0,485361343467311;0,787935301220275;0,0256396719494121;1,1214060366468;0,674690944422283;0,702631585234137;7,32170929348218;1860504,84423355;16175987,8134651;2,36766753064133;0,0617531752503633;19,0341161044087;0,87791713563202;29;0
OVCAR-8 R2;bayesynergy;2.5.1;Bayesian;249;PASS;Carboplatin (NSC 241240);Dabrafenib ;0,000762088790345043;0,000762088790345043;0,00112544566059371;0,244249841377293;0,0147566582068277;0,566979947790017;0,677144012393289;0,430892957560866;5,6152151028928;1,27358810369352;1,27358810369352;1,82814802638097;2,05380892947613;0,0583302890152703;2,20815909865085;0,696654803284576;0,930100068754545;12,4246270757154;11186445,3175507;7028,80401723235;2,087415925101;0,0636016036759205;34,4370351896334;0,670670300350453;0;0
OVCAR-8 R2;bayesynergy;2.5.1;Bayesian;250;PASS;Carboplatin (NSC 241240);TNKS1/2 inhibitor (OM-153);0,000647677917252932;0,000647677917252932;0,000954690148051146;0,247258284509737;0,0162662187347225;0,578105629872424;0,678416885913265;0,427805381647337;7,61778411274472;1,6445919808553;1,6445919808553;2,26030956977917;2,3803805463737;0,056197792920647;2,53452392784835;0,72759590227987;0,939182510853031;13,8457254716155;235025,101075309;910,97452498111;2,43215084550167;0,0718200514096076;26,4370810392293;0,761365547717643;9;0
OVCAR-8 R2;bayesynergy;2.5.1;Bayesian;251;PASS;Niraparib (MK-4827);Olaparib (AZD2281);0,000239246355556076;0,000239246355556076;0,000351246870422707;0,361832624262464;0,0193348922315344;0,789796214567696;0,681134483186017;0,458212967350978;9,0187789720126;2,39699692103613;2,39699692103613;3,13427447704136;3,26105740702241;0,0816934837459466;3,19403718469022;0,764769307408841;1,02098291862519;20,1934813428885;12379,1055003346;31309,3195611561;1,82187235776631;0,0725408103855006;14,9389275640457;0,401145229479111;0;0
OVCAR-8 R2;bayesynergy;2.5.1;Bayesian;252;PASS;Metformin;Olaparib (AZD2281);0,000157187079740775;0,000157187079740775;0,000230009371985251;0,21168261938143;0,0125426305688846;0,521923438405061;0,683394239043677;0,405692588392321;7,91848307328176;0,993685994706715;0,993685994706715;1,44229772245864;1,66162965741525;0,0513045474243648;1,87588598555214;0,68896038538618;0,885783928347957;11,1487070154582;8627741,65200955;51635,6508892113;2,47957071552879;0,057069555516609;24,3483193415611;0,586561989159196;0;0
OVCAR-8 R2;bayesynergy;2.5.1;Bayesian;253;PASS;Olaparib (AZD2281);Quinacrine;9,67819070679806e-05;9,67819070679806e-05;0,000137689011717252;0,231991539201621;0,0141719451169041;0,562569575090128;0,702902184138884;0,412486097810215;6,00080936047503;1,68701470766847;1,68701470766847;2,33828509110298;2,40753574692824;0,0601931365255757;2,47036833077148;0,721475201671282;0,974565499783744;13,6550024135281;23559,7280275215;23608,1442243144;1,85751836318662;0,0520927832501301;38,0739282484538;0,566519315204405;0;0
OVCAR-8 R2;bayesynergy;2.5.1;Bayesian;254;PASS;Olaparib (AZD2281);Simvastatin (MK 733);9,63641731975688e-05;9,63641731975688e-05;0,000136578235423505;0,242016268247214;0,0140946900058434;0,562199326391108;0,705560244637517;0,430592120056773;5,61226323844227;1,3915018041439;1,3915018041439;2,04208981206633;2,26460545442331;0,0598795936558484;2,46067794642575;0,681410678375543;0,920317694443824;13,9991989369235;34499,4872510849;44128,942233801;3,20607006071833;0,0614663375754252;43,4283897412934;0,642803625170876;0;19
OVCAR-8 R2;bayesynergy;2.5.1;Bayesian;255;PASS;Carboplatin (NSC 241240);Tamoxifen (ICI 46474);9,4993406861058e-05;9,4993406861058e-05;0,000131374024858519;0,209015606886186;0,0126062470547104;0,500136806328852;0,723076018743886;0,418040591998719;5,63567691589899;1,3094066787281;1,3094066787281;1,89439952305806;2,13614063126193;0,0558783371184699;2,34073069438571;0,691198800881441;0,91259564220075;12,7083628243163;4746437357121,56;899298,313228506;2,38297213685469;0,0706168189490491;16,5631329465639;0,789483654188042;1;0
OVCAR-8 R2;bayesynergy;2.5.1;Bayesian;256;PASS;Olaparib (AZD2281);Ruxolitinib (INCB018424);9,4366153457197e-05;9,4366153457197e-05;0,000131819044082192;0,201418946728774;0,0129817520425817;0,488754183321256;0,715876481385783;0,412232890838678;4,09385776761535;1,23710440113706;1,23710440113706;1,74690952430807;1,97129058287971;0,0559406003097566;2,08444492597687;0,708167414467024;0,945714879924625;10,2648810535076;35152,780548491;3609471921,58645;2,78057361234826;0,0642038096088587;13,8766656772174;1,01180570600514;4;0
OVCAR-8 R2;bayesynergy;2.5.1;Bayesian;257;PASS;Vinorelbine ditartrate (Navelbine);Olaparib (AZD2281);9,43352698999612e-05;9,43352698999612e-05;0,00012472346815493;0,262667694875666;0,0185774071511277;0,591834295792284;0,756355410056262;0,44393174729223;5,48893395465883;6,57755787612615;6,57755787612615;2,46932210544242;6,64389857896985;0,0774028544685681;2,44638149112097;2,66370995571179;2,7158064280177;16,6802881118621;192,508857810398;2686547140,40015;44,0093452115538;0,0600523966644294;24,9385652203997;0,726199746784114;0;4
OVCAR-8 R2;bayesynergy;2.5.1;Bayesian;258;PASS;Carboplatin (NSC 241240);Dexamethasone;9,36874080650122e-05;9,36874080650122e-05;0,000128837454324276;0,119852073161887;0,00658656270886605;0,29471345555005;0,727175250057385;0,406881593073502;3,56204277492468;0,702093274168465;0,702093274168465;1,03032166119786;1,33631050886646;0,0422945108068528;1,58047751632501;0,681431149717077;0,845510609966602;9,77012453293286;16898768675,1179;540066,8040633;2,52522250511247;0,0600293488485848;20,1172659362803;1,05734904424125;17;0
OVCAR-8 R2;bayesynergy;2.5.1;Bayesian;259;PASS;Carboplatin (NSC 241240);Nutlin-3a;9,31286964470371e-05;9,31286964470371e-05;0,000126631758601722;0,154421057941551;0,0107190175661287;0,389628739034448;0,735429227828563;0,396483097254751;3,66367460496303;0,992670455581996;0,992670455581996;1,45972369832572;1,80159900421323;0,0555260745338056;2,06266886367956;0,680039966961264;0,873431036816729;10,3025656174777;22654471396,6829;72747,7297822227;3,23969383304382;0,0686993222422714;26,0270768399182;1,23738835550911;7;0
OVCAR-8 R2;bayesynergy;2.5.1;Bayesian;260;PASS;Olaparib (AZD2281);TNKS1/2 inhibitor (OM-153);9,08933295008383e-05;9,08933295008383e-05;0,000117572387467961;0,198808699331009;0,01258643327945;0,540451504619974;0,77308398220294;0,367974023437397;5,73745450640248;1,5725497780663;1,5725497780663;2,04185477686452;2,12093080047014;0,0507392511909195;2,04259442888999;0,770157503797165;1,03835140763736;14,1914492774168;16110,1811611961;1472,1470144978;1,58348051000861;0,0456535999000018;36,1157444433856;0,351525637154615;0;0
OVCAR-8 R2;bayesynergy;2.5.1;Bayesian;261;PASS;Ruxolitinib (INCB018424);Trametinib (GSK1120212);9,02673683161818e-05;9,02673683161818e-05;0,000115498934538535;0,157906358548244;0,0119807090141709;0,403979631812452;0,781542865973931;0,391039752751828;5,46131182729698;6,04572754546321;6,04572754546321;2,46127322547428;6,08568900632836;0,088801513471752;2,47239250687851;2,45634149142391;2,46145747060679;14,9277768653387;272249600,812172;63,5867525186866;19,2816333399572;0,0552623211714984;26,8003627720134;0,712567738026228;1;0
OVCAR-8 R2;bayesynergy;2.5.1;Bayesian;263;PASS;Carboplatin (NSC 241240);Palbociclib;8,65575581898214e-05;8,65575581898214e-05;0,000109022298834404;0,132631414727266;0,00959866863057363;0,382320641245702;0,793943616262355;0,347078645862617;4,75646399578938;2,83564332082464;2,83564332082464;3,21905109313113;3,41909404789989;0,0919006380949905;3,0902323384703;0,880894163772481;1,10641973593234;16,8316742819476;5673048,7986968;12779,1059342763;4,00818739808793;0,0708094235238464;9,09346685967557;1,30703616502041;2;0
OVCAR-8 R2;bayesynergy;2.5.1;Bayesian;264;PASS;Carboplatin (NSC 241240);Quinacrine;8,59398669222503e-05;8,59398669222503e-05;0,000107653300466689;0,160292272681112;0,0101511537240158;0,410454550008833;0,798302202995094;0,390681668565864;4,95714610265577;1,82242013564022;1,82242013564022;2,52480772623334;2,43192531820053;0,0672306175976328;2,39010458800035;0,721805512833651;1,01749744777285;10,9151505072733;28445755697,2912;24089,6006523355;2,72654084755248;0,0710922215915525;18,0706077635072;1,22677225825668;0;0
OVCAR-8 R2;bayesynergy;2.5.1;Bayesian;265;PASS;Carboplatin (NSC 241240);Cerdulatinib (PRT062070, PRT2070);8,39603467469988e-05;8,39603467469988e-05;9,69836587432563e-05;0,155024111899884;0,00969539035589584;0,418468337167216;0,865716429293166;0,370625989267279;5,23603738257817;2,53738347273111;2,53738347273111;3,15222547208149;3,10391624532835;0,0730257107152237;2,77096649436758;0,804949866436939;1,12015654163901;13,885441412156;53514069716095,9;35115,3060455457;3,95048323263884;0,0733432375588579;14,8066991634185;1,28976914966324;0;0
OVCAR-8 R2;bayesynergy;2.5.1;Bayesian;266;PASS;Fludarabine (Fludara);Niraparib (MK-4827);8,32996521318658e-05;8,32996521318658e-05;9,54488080256151e-05;0,133641304334749;0,0102740799635004;0,359575567548487;0,872715478117978;0,371862872819826;5,0374431372454;14,4094097530402;14,4094097530402;4,97931649112046;13,717631441434;0,278125862620512;5,4488635769369;2,89385295727562;2,51752154329865;32,7234892437318;4784,05862227202;11758,15575666;29,4830849084232;0,0758901889916335;8,64274443086012;1,12152356640435;0;0
OVCAR-8 R2;bayesynergy;2.5.1;Bayesian;267;PASS;Carboplatin (NSC 241240);Crizotinib (PF-02341066);8,20985722413646e-05;8,20985722413646e-05;9,6021373275217e-05;0,141739136344763;0,0106338838849329;0,393913018199799;0,855003104423984;0,359993036484661;4,34584185604697;7,20512465957204;7,20512465957204;3,26216380521821;6,94782891941168;0,113573071714614;3,26123161038102;2,20869493066124;2,1304309995327;17,2620512122382;179325,590540627;7876,34915266752;12,3099834463467;0,0737056086833557;20,3947959454989;0,985960730603231;0;0
OVCAR-8 R2;bayesynergy;2.5.1;Bayesian;268;PASS;AZD7762;Carboplatin (NSC 241240);8,08272790541621e-05;8,08272790541621e-05;9,24677945827213e-05;0,121198159948171;0,0106268558123494;0,378478982923239;0,874112759138582;0,320399392903758;4,13518594332583;6,33783820064396;6,33783820064396;3,79383745540983;6,04867983023474;0,195633977238034;3,68210974959752;1,67056134458436;1,6427212227707;18,075504855963;319,252261183481;595493594,700259;7,59695479226459;0,0672784685322308;48,9251933167889;0,990161661014438;1;0
OVCAR-8 R2;bayesynergy;2.5.1;Bayesian;269;PASS;Carboplatin (NSC 241240);Selumetinib (AZD6244);7,45547195680933e-05;7,45547195680933e-05;7,02753268449177e-05;0,0888983410119306;0,00716404200442359;0,294961660850132;1,06089466837514;0,301645674799215;4,43495563244376;4,91407537780953;4,91407537780953;3,74125159112101;5,12722487179446;0,128023234631504;3,38348391515758;1,31348434023308;1,51536847827919;18,0153758517996;2893748,67158494;18879,0699127194;6,38471049670012;0,0776122520637641;20,2623513834416;1,74346965082053;0;0
OVCAR-8 R2;bayesynergy;2.5.1;Bayesian;270;PASS;Dabrafenib ;Niraparib (MK-4827);7,22819347149909e-05;7,22819347149909e-05;6,37071363024004e-05;0,114549668744072;0,00914402548699781;0,374065703814877;1,13459714107833;0,306434570384781;5,28091594584886;4,82203674953925;4,82203674953925;3,67739863635573;4,99549032874889;0,0921394822153414;3,33526554910499;1,31126299495174;1,49777888902712;16,3550192399647;561,858440261987;9829,41226433499;3,65102684329759;0,0520140266381866;22,1461571855487;0,522352728244709;0;0
OVCAR-8 R2;bayesynergy;2.5.1;Bayesian;3;FAIL;Cerdulatinib (PRT062070, PRT2070);Olaparib (AZD2281);12,9787521605962;12,9787521605962;5,12925391340456;11,3835106740518;0,707755082960181;6,38334420169312;2,53033918377058;1,7833194324436;29,529541157055;2,54952613975159;2,54952613975159;1,77300167213178;2,70478918357333;0,0460613166629977;1,77247605237362;1,43797164990045;1,52599476870292;11,8930454221006;30314,0213058968;40437,2958743289;12,9321284874523;0,063049507629604;4,12067706039904;4,00929237994685;0;192
OVCAR-8 R2;bayesynergy;2.5.1;Bayesian;52;FAIL;Defactinib (VS-6063, PF-04554878);Niraparib (MK-4827);2,40172303328406;2,40172303328406;3,56022514866932;4,38418477117252;0,206949811734787;4,88763648110434;0,674598637162521;0,896999503785915;22,326250404089;0,317836649175829;0,317836649175829;0,471178555352797;1,21501753936284;0,043250170024351;1,80898168811084;0,674556695259289;0,671658285624607;11,0561330015466;192496,805777887;12843,4005272511;1,61344136555547;0,110095317245695;12,6099575819406;0,808637141144372;0;73
OVCAR-8 R2;bayesynergy;2.5.1;Bayesian;222;FAIL;Niraparib (MK-4827);Selpercatinib (LOXO-292);0,0400685191739111;0,0400685191739111;0,0593864369693191;0,479550343252291;0,0244245174112243;0,914643175488956;0,674708253580052;0,524358656761147;6,79893307057647;1,04256490375243;1,04256490375243;1,54090497402617;1,93463840566214;0,05454067432689;2,32752303394323;0,676592600663982;0,831200541282946;13,6740151020054;12838,3836392402;24050,2213108984;1,5581651230755;0,0654478562032881;17,4568332178686;0,312250950117336;0;61
OVCAR-8 R2;bayesynergy;2.5.1;Bayesian;223;FAIL;Niraparib (MK-4827);Simvastatin (MK 733);0,0378553869303444;0,0378553869303444;0,0561039063078686;0,464410354143257;0,0233181337666048;0,925397988954932;0,674737098030465;0,501902126075165;7,95106428915029;0,837975714548662;0,837975714548662;1,24223475628665;1,74031940236997;0,0523164194323357;2,2173685286628;0,674571139076469;0,784857988139429;14,9394409083781;10641,1177783289;34375,4101244613;1,51356463924997;0,0680368267093035;25,3212722619844;0,293992955726264;0;228
OVCAR-8 R2;bayesynergy;2.5.1;Bayesian;262;FAIL;Simvastatin (MK 733);Trametinib (GSK1120212);8,93967626824144e-05;8,93967626824144e-05;0,000117867365213944;0,176051778789525;0,011559957311893;0,437430114574709;0,758452201931791;0,402614319649441;3,77800776521557;3,46750763792726;3,46750763792726;2,85583490351713;3,73201871172924;0,089232477650287;2,59676854546498;1,21418350677654;1,43717803353975;12,4553228055557;44834,5364099287;60,2069604247821;2,38685756724845;0,0552185023937829;21,9434124768539;0,313957389309365;0;709
